<?xml version="1.0" encoding="UTF-8"?>
<TEI xml:space="preserve" xmlns="http://www.tei-c.org/ns/1.0" 
xmlns:xsi="http://www.w3.org/2001/XMLSchema-instance" 
xsi:schemaLocation="http://www.tei-c.org/ns/1.0 /mnt/c/Users/pc/Desktop/cs510_proj/grobid-0.5.6/grobid-home/schemas/xsd/Grobid.xsd"
 xmlns:xlink="http://www.w3.org/1999/xlink">
	<teiHeader xml:lang="en">
		<fileDesc>
			<titleStmt>
				<title level="a" type="main">Blind Image Deconvolution by Automatic Gradient Activation</title>
			</titleStmt>
			<publicationStmt>
				<publisher/>
				<availability status="unknown"><licence/></availability>
			</publicationStmt>
			<sourceDesc>
				<biblStruct>
					<analytic>
						<author>
							<persName xmlns="http://www.tei-c.org/ns/1.0"><forename type="first">Dong</forename><surname>Gong</surname></persName>
							<affiliation key="aff0">
								<orgName type="department">School of Computer Science</orgName>
								<orgName type="institution">Northwestern Polytechnical University</orgName>
								<address>
									<settlement>Xi&apos;an</settlement>
									<country key="CN">China</country>
								</address>
							</affiliation>
							<affiliation key="aff1">
								<orgName type="department">School of Computer Science</orgName>
								<orgName type="institution">The University of Adelaide</orgName>
								<address>
									<country key="AU">Australia</country>
								</address>
							</affiliation>
						</author>
						<author>
							<persName xmlns="http://www.tei-c.org/ns/1.0"><forename type="first">Mingkui</forename><surname>Tan</surname></persName>
							<affiliation key="aff1">
								<orgName type="department">School of Computer Science</orgName>
								<orgName type="institution">The University of Adelaide</orgName>
								<address>
									<country key="AU">Australia</country>
								</address>
							</affiliation>
						</author>
						<author>
							<persName xmlns="http://www.tei-c.org/ns/1.0"><forename type="first">Yanning</forename><surname>Zhang</surname></persName>
							<affiliation key="aff0">
								<orgName type="department">School of Computer Science</orgName>
								<orgName type="institution">Northwestern Polytechnical University</orgName>
								<address>
									<settlement>Xi&apos;an</settlement>
									<country key="CN">China</country>
								</address>
							</affiliation>
						</author>
						<author>
							<persName xmlns="http://www.tei-c.org/ns/1.0"><forename type="first">Anton</forename><surname>Van Den Hengel</surname></persName>
							<affiliation key="aff1">
								<orgName type="department">School of Computer Science</orgName>
								<orgName type="institution">The University of Adelaide</orgName>
								<address>
									<country key="AU">Australia</country>
								</address>
							</affiliation>
						</author>
						<author>
							<persName xmlns="http://www.tei-c.org/ns/1.0"><forename type="first">Qinfeng</forename><surname>Shi</surname></persName>
							<affiliation key="aff1">
								<orgName type="department">School of Computer Science</orgName>
								<orgName type="institution">The University of Adelaide</orgName>
								<address>
									<country key="AU">Australia</country>
								</address>
							</affiliation>
						</author>
						<title level="a" type="main">Blind Image Deconvolution by Automatic Gradient Activation</title>
					</analytic>
					<monogr>
						<imprint>
							<date/>
						</imprint>
					</monogr>
				</biblStruct>
			</sourceDesc>
		</fileDesc>

		<encodingDesc>
			<appInfo>
				<application version="0.5.6" ident="GROBID" when="2019-12-02T16:38+0000">
					<ref target="https://github.com/kermitt2/grobid">GROBID - A machine learning software for extracting information from scholarly documents</ref>
				</application>
			</appInfo>
		</encodingDesc>		<profileDesc>
			<abstract>
<div xmlns="http://www.tei-c.org/ns/1.0"><p>Blind image deconvolution is an ill-posed inverse problem which is often addressed through the application of appropriate prior. Although some priors are informative in general, many images do not strictly conform to this, leading to degraded performance in the kernel estimation. More critically, real images may be contaminated by nonuniform noise such as saturation and outliers. Methods for removing specific image areas based on some priors have been proposed, but they operate either manually or by defining fixed criteria.</p><p>We show here that a subset of the image gradients are adequate to estimate the blur kernel robustly, no matter the gradient image is sparse or not. We thus introduce a gradient activation method to automatically select a subset of gradients of the latent image in a cutting-plane-based optimization scheme for kernel estimation. No extra assumption is used in our model, which greatly improves the accuracy and flexibility. More importantly, the proposed method affords great convenience for handling noise and outliers. Experiments on both synthetic data and real-world images demonstrate the effectiveness and robustness of the proposed method in comparison with the state-of-the-art methods.</p></div>
			</abstract>
		</profileDesc>
	</teiHeader>
	<text xml:lang="en">
		<body>
<div xmlns="http://www.tei-c.org/ns/1.0"><head n="1.">Introduction</head><p>Image blur can be caused by a variety of factors, from camera movement <ref type="bibr" target="#b8">[9,</ref><ref type="bibr" target="#b28">29]</ref>, to depth-of-field effects <ref type="bibr" target="#b20">[21]</ref>. Blur removal has thus become one of the standard functions within image processing packages, and anyone who has used them will understand some of these methods' deficiencies. Assuming that the blur is spatially invariant, the observation process of a blurred image y, can be modeled as a convolution between a latent sharp image x and some * This work is supported by the National Natural Science Foundation of China (No.61231016, 61301192, 61303123, 61301193), Australian Research Council grants (DP140102270, DP160100703), and the Data 2 Decisions CRC. unknown blur kernel (or point spread function, PSF) k:</p><formula xml:id="formula_0">y = x * k + n ,<label>(1)</label></formula><p>where * denotes the convolution operator, and n usually refers to additive noise (sampled from an i.i.d. zero-mean Gaussian distribution <ref type="bibr" target="#b8">[9]</ref>). Here y ∈ R n , x ∈ R n , k ∈ R m and n ∈ R n . The blur model in <ref type="bibr" target="#b0">(1)</ref> can also be represented in matrix-vector form <ref type="bibr" target="#b18">[19,</ref><ref type="bibr" target="#b35">36]</ref>:</p><formula xml:id="formula_1">y = H(k)x + n = A(x)k + n ,<label>(2)</label></formula><p>where H(k) ∈ R n×n and A(x) ∈ R n×m are convolution matrices associated with k and x, respectively. In either formulation the blur kernel and latent (unblurred) image are unseen, and intrinsically linked. Errors in the estimate of either inevitably impact upon the quality of the other. Blind deconvolution, also known as blind deblurring, seeks to recover the latent sharp image x from the observed blurry image y. Blind deblurring is a highly ill-posed inverse problem since one has to estimate x and k simultaneously <ref type="bibr" target="#b21">[22,</ref><ref type="bibr" target="#b26">27,</ref><ref type="bibr" target="#b35">36]</ref>. Solving the problem thus requires additional assumptions or priors on x and k <ref type="bibr" target="#b8">[9,</ref><ref type="bibr" target="#b28">29,</ref><ref type="bibr" target="#b4">5,</ref><ref type="bibr" target="#b22">23,</ref><ref type="bibr" target="#b18">19,</ref><ref type="bibr" target="#b37">38,</ref><ref type="bibr" target="#b38">39,</ref><ref type="bibr" target="#b35">36]</ref>. For example, ℓ 2 -norm <ref type="bibr" target="#b4">[5,</ref><ref type="bibr" target="#b16">17,</ref><ref type="bibr" target="#b38">39]</ref> or ℓ 1 -norm <ref type="bibr" target="#b28">[29,</ref><ref type="bibr" target="#b17">18]</ref> regularization is often imposed on k to encourage the smoothness or sparsity. Most methods similarly assume that x conforms to a prior such as Total-Variation (TV) over the latent sharp image <ref type="bibr" target="#b3">[4,</ref><ref type="bibr" target="#b28">29]</ref>. However, such priors may not be adequate for blind image deblurring as they may favor the trivial solution x = y with k = δ (i.e., the identity kernel) <ref type="bibr" target="#b21">[22]</ref>.</p><p>A range of methods have been developed to identify and ignore problematic areas of the image <ref type="bibr" target="#b4">[5,</ref><ref type="bibr" target="#b37">38,</ref><ref type="bibr" target="#b12">13,</ref><ref type="bibr" target="#b35">36]</ref>. Whether defined in terms of the image areas to include, or exclude, these methods develop heuristics, such as manually defined edge selection criterion <ref type="bibr" target="#b4">[5,</ref><ref type="bibr" target="#b37">38]</ref> and edge reweighting <ref type="bibr" target="#b17">[18,</ref><ref type="bibr" target="#b18">19]</ref>. Many researchers have also applied a sparsity prior on image gradients for kernel estimation <ref type="bibr" target="#b38">[39,</ref><ref type="bibr" target="#b16">17,</ref><ref type="bibr" target="#b35">36,</ref><ref type="bibr" target="#b27">28]</ref>, or approximate ℓ 0 -norm regularization <ref type="bibr" target="#b38">[39,</ref><ref type="bibr" target="#b25">26]</ref>.</p><p>These methods have achieved state-of-the-art performance on several benchmark data sets <ref type="bibr" target="#b21">[22,</ref><ref type="bibr" target="#b14">15]</ref>. However, they exhibit some important limitations in practice. First, for many real-world images (particularly images with rich textures), the sparse prior may not hold, thus a simple sparse regularizer may not be adequate. Similarly, methods like bilateral filtering <ref type="bibr" target="#b4">[5]</ref> may not find the strong edges they require as cues. Second, these methods may be sensitive to large noise <ref type="bibr" target="#b9">[10,</ref><ref type="bibr" target="#b30">31,</ref><ref type="bibr" target="#b43">44]</ref>. Even significant image gradients become less identifiable as noise increases, and the probability of being distracted mistakenly increases also.</p></div>
<div xmlns="http://www.tei-c.org/ns/1.0"><head n="1.1.">Contributions</head><p>• Unlike existing methods relying on sharp edge prediction or sparse regularizers, we introduce a gradient activation scheme to directly detect significant gradients that are beneficial for kernel estimation. This idea is motivated by an important observation that the blur kernel can be estimated based on a subset of the gradients, no matter the gradients are sparse or not (See Proposition 1). • Relying on the above observation, we formulate the gradient activation problem as a convex optimization problem and address it via a cutting-plane method. After that, the blur kernel estimation will be conducted based on the activated gradient only. • The proposed cutting-plane scheme allows us to easily drop the problematic components, such as saturation, and hence it affords great convenience for handling noise and outliers.</p></div>
<div xmlns="http://www.tei-c.org/ns/1.0"><head n="1.2.">Notation</head><p>Throughout the paper, let v p be the ℓ p -norm and ⊙ be the element-wise product. Given a positive integer n, let [n] be the set {1, ..., n}. Given any set S ⊆ [n], |S| denotes the cardinality of S, and S c is the complementary set, namely S c = [n] \ S. For any vector x, let the calligraphic letter X = support(x) = {i|x i = 0} ∈ [n] be its support. For a vector v ∈ R n and any S ⊆ [n], let v S denote the subvector indexed by S, and v i be the i-th component of v. ∇x denotes the gradients of x.</p></div>
<div xmlns="http://www.tei-c.org/ns/1.0"><head n="2.">Related Work</head><p>Existing methods can be mainly categorized into two groups, maximum a posterior (MAP) methods <ref type="bibr" target="#b28">[29,</ref><ref type="bibr" target="#b4">5,</ref><ref type="bibr" target="#b38">39]</ref> and variational Bayesian (VB) methods <ref type="bibr" target="#b22">[23,</ref><ref type="bibr" target="#b8">9,</ref><ref type="bibr" target="#b35">36]</ref>. MAP based methods. MAP methods seek to minimize the negative log-posterior − log p(y|x, k)p(x)p(k) where p(y|x, k) is the likelihood related to equation (1), p(x) and p(k) denote the priors on x and k, respectively. The minimization can be achieved by addressing the problem:</p><formula xml:id="formula_2">min k,x 1 2 y − k * x 2 2 + λΩ(x) + γΥ(k),<label>(3)</label></formula><p>where λ and γ are trade-off parameters, and Ω(x) and Υ(k) are regularizers that reflect the priors. Choosing appropriate priors on x and k, or equivalently regularizers Ω(x) and Υ(k), is critical for the performance. Note that many existing works operate in the gradient domain rather than the image domain. In this case, x and y in model (3) are simply replaced with ∇x and ∇y, respectively <ref type="bibr" target="#b8">[9,</ref><ref type="bibr" target="#b18">19]</ref>.</p><p>Researchers have shown that promoting sparsity on image gradients is helpful for kernel estimation <ref type="bibr" target="#b8">[9,</ref><ref type="bibr" target="#b38">39,</ref><ref type="bibr" target="#b35">36]</ref>. To achieve this, some methods explicitly promote sparsity to prune detrimental structures using carefully designed regularizers. For example, Chan and Wong use an ℓ 1 -norm on image gradients, called the TV norm <ref type="bibr" target="#b3">[4]</ref>, to choose salient edges. However, this prior may favor a blurry image in certain conditions <ref type="bibr" target="#b21">[22,</ref><ref type="bibr" target="#b26">27]</ref>. Shan et.al. <ref type="bibr" target="#b28">[29]</ref> thus combine the ℓ 1 -norm and a ring suppressing term. Other methods to suppress small structures include the ℓ 1 /ℓ 2 -norm regularization <ref type="bibr" target="#b18">[19]</ref> and other reweighted norms <ref type="bibr" target="#b16">[17]</ref>. Xu et.al. <ref type="bibr" target="#b38">[39]</ref> propose an approximate ℓ 0 -norm regularizer on gradients, but the resultant problem is intractable or can be only solved approximately. Zuo et.al. <ref type="bibr" target="#b45">[46]</ref> learn iteration-wise hyper-Laplacian prior on gradients.</p><p>Rather than using sparse regularizers, some methods explicitly extract salient structures for kernel estimation. For example, Joshi et.al. <ref type="bibr" target="#b13">[14,</ref><ref type="bibr" target="#b4">5]</ref> detect edges from the blurry image for kernel estimation. Cho and Lee <ref type="bibr" target="#b4">[5]</ref> extract edges using a bilateral filter and a shock filter. Sun et.al. <ref type="bibr" target="#b29">[30]</ref> and Lai et.al. <ref type="bibr" target="#b19">[20]</ref> predict edges in a similar way to <ref type="bibr" target="#b4">[5]</ref>, but they further refine edges using data-driven priors. Xu and Jia <ref type="bibr" target="#b37">[38]</ref> select informative structures and remove tiny edges based on the relative total variation. Zhou and Komodakis <ref type="bibr" target="#b44">[45]</ref> detect edges using a high-level scene-specific prior. However, these edge prediction methods may fail if there are not enough strong structures <ref type="bibr" target="#b24">[25]</ref>. Regarding this, some example-based methods <ref type="bibr" target="#b24">[25,</ref><ref type="bibr" target="#b10">11]</ref> are proposed. Other methods to generate priors can be found in <ref type="bibr" target="#b15">[16,</ref><ref type="bibr" target="#b44">45,</ref><ref type="bibr" target="#b23">24,</ref><ref type="bibr" target="#b36">37]</ref>. VB based methods. Unlike MAP methods, VB methods estimate the blur kernel by minimizing an upper bound of − log p(k|y), which is the negative log-marginal distribution of k, i.e., p(k|y) = x p(x, k|y)dx <ref type="bibr" target="#b8">[9,</ref><ref type="bibr" target="#b21">22,</ref><ref type="bibr" target="#b22">23,</ref><ref type="bibr" target="#b0">1,</ref><ref type="bibr" target="#b35">36]</ref>. Wipf and Zhang <ref type="bibr" target="#b35">[36]</ref> show that minimizing the upper bound using VB methods is equivalent to solving an MAP problem with a regularizer coupling x and k. There are some methods beyond MAP and VB, such as <ref type="bibr" target="#b9">[10,</ref><ref type="bibr" target="#b2">3,</ref><ref type="bibr" target="#b42">43]</ref>. Handling noise and outliers. Most of the above methods are sensitive to noise and outliers. Recently, some methods focus on handling noise and outliers (e.g. saturation). Tai and Lin <ref type="bibr" target="#b30">[31]</ref> propose to estimate the blur kernel and remove noise alternatively. Zhong et.al. <ref type="bibr" target="#b43">[44]</ref> use a set of directional filters to remove noise. Zhang and Yang <ref type="bibr" target="#b41">[42]</ref> estimate the kernel from a set of blurry images smoothed by Gaussian filters in different scales. Hu et.al. <ref type="bibr" target="#b11">[12]</ref> explicitly detect saturated pixels and light streaks and handle them separately in kernel estimation.</p></div>
<div xmlns="http://www.tei-c.org/ns/1.0"><head n="3.">Deblur by Gradient Activation</head><p>The proposed blur kernel estimation method applies only a specific, but as-yet-undetermined, subset of the image gradients. During the kernel estimation, a subset of non-zero gradients will be activated and updated for kernel estimation.</p></div>
<div xmlns="http://www.tei-c.org/ns/1.0"><head n="3.1.">Motivation</head><p>The quality of the deblurred image depends critically upon the quality of blur kernel estimate. We here show that, whether the gradient image is sparse or not, the blur kernel can be estimated from a subset of the gradient image. This observation is the corner stone of our framework. To demonstrate this fact, we begin with the common formulation <ref type="bibr" target="#b8">[9,</ref><ref type="bibr" target="#b18">19,</ref><ref type="bibr" target="#b40">41,</ref><ref type="bibr" target="#b35">36]</ref>,</p><formula xml:id="formula_3">∇y = H(k)∇x + ∇n = A(∇x)k + ∇n ,<label>(4)</label></formula><p>where ∇y, ∇x and ∇n are the gradients of y, x and the noise n, respectively. Given any intermediate ∇x, based on model <ref type="formula" target="#formula_2">(3)</ref>, we may estimate the kernel by solving</p><formula xml:id="formula_4">min k ∇y − ∇x * k 2 2 + γ k 2 2 , s.t. k 1 = 1, k ≥ 0. (5)</formula><p>where k is constrained in a simplex derived from <ref type="bibr" target="#b3">[4]</ref>. Here the ℓ 2 -norm regularizer k 2 2 is often used to avoid the trivial solutions where x = y.</p><p>Let ∇x 0 be gradient of the ground truth image x 0 , and k 0 be the ground truth kernel 1 . Hereafter, we focus on only a subset of ∇x 0 which is indexed by a set S. Let ̺ = ∇x 0S 2 and A(∇x 0S ) be the corresponding convolution matrix regarding ∇x 0S . Moreover, based on ∇x and S, we define a new vector ∇x such that</p><formula xml:id="formula_5">∇x S c = 0 and ∇x S = ∇x S .<label>(6)</label></formula><p>Focusing on the subset ∇x 0S , problem (5) for kernel estimation is equivalent to the following problem:</p><formula xml:id="formula_6">min k ∇y − ∇x * k 2 2 + γ k 2 2 , s.t. k ∈ K,<label>(7)</label></formula><p>where K = {k :</p><formula xml:id="formula_7">k 1 = 1, k i ≥ 0, ∀i} be the domain of k.</formula><p>By neglecting the boundary effect of convolution, we then have the following proposition.</p><formula xml:id="formula_8">Proposition 1. For any intermediate ∇x, let e = ∇x − ∇x 0 , ǫ 2 = e S 2 2 and ∆ = (ǫ 2 + 3ǫ̺ + γ). If ∇x 0S satisfies inf v 2 =1 A(∇x 0S )v 2 = ω &gt; ∆, the solution to (7), denoted by k, follows k − k 0 2 ≤ ∆ ω − ∆ k 0 2 + ǫ + ̺ ω − ∆ ∇n S 2 .</formula><p>The proof can be found in the long version of this paper.</p><p>Remark 1. From the definition of ∆, the accuracy of kernel estimation is not dependent on the sparsity of image gradient. Conversely, it is mainly affected by three factors, i.e., the accuracy of ∇x to ∇x 0 w.r.t. S (i.e., ǫ = e S ), the chosen ∇x 0S which determines ̺, and the parameter γ.</p><p>From Remark 1, to estimate k accurately, we need to obtain an accurate ∇x. We address this by a two-step iterative approach, i.e., compute the intermediate ∇x with k and then estimate the kernel k with ∇x (See Algorithm 2) which is motivated by the following corollary and remarks.</p><formula xml:id="formula_9">Corollary 1. In Proposition 1, A(∇x 0S )v 2 = ∇z 2 = i∈S ′ (∇z i ) 2 1/2 where ∇z = ∇x * v and S ′ is the support of ∇z. It implies that, given size of the kernel v, inf v 2 =1 A(∇x 0S )v 2 is large only if ∇x 2 (also ∇x 0S 2 ) is large. Remark 2. From Corollary 1, to ensure the condition inf v 2 =1 A(∇x 0S )v 2 = ω &gt; ∆ &gt; 0, 1) the size of S (i.e. |S|)</formula><p>should be large enough, and 2) the magnitude of elements in ∇x 0S should be as large as possible. Conversely, insignificant gradients may lead to poor performance in kernel estimation and could be even suppressed by noise.</p><p>Remark 3. It seems that a small γ would be favorable when estimating k. However, if γ is too small, it may incur trivial solution. On the simple noiseless case, setting γ = 0 in (7) at the beginning where ∇x = ∇y will lead to k = δ regarding any S. This suggests applying a homotopy strategy for setting γ, that is, monotonically decreasing γ from a large initial value to a small target value.</p></div>
<div xmlns="http://www.tei-c.org/ns/1.0"><head n="3.2.">Proposed Model</head><p>From Remark 1 we see that the accuracy of the kernel estimate is not dependent on the sparsity of the gradient image. Motivated by this, rather than enforcing sparsity over the whole latent ∇x, we introduce a binary activation vector τ ∈ {0, 1} n which indicates the areas where we believe the prior applies. Having specified τ allows us to ignore other latent image gradients by considering only (∇x ⊙ τ ). We constrain τ 0 ≤ κ, where the integer κ controls the the number of latent image gradients not set to zero. To avoid the degenerate solution, one may impose additional constraints on τ . For example, considering that the candidates of activated gradients should not be isolated, we can constrain τ to exclude distracting gradients or outliers (more detail is provided in Section 4.2). For convenience, let Λ = {τ : τ 0 ≤ κ, τ ∈ {0, 1} n , τ ∈ Π} be the domain of τ , where Π represent some additional constraint set.</p></div>
<div xmlns="http://www.tei-c.org/ns/1.0"><head>Algorithm 1: Kernel Estimation by Gradient Activation</head><p>Input: Blurry image y, η &lt; 1, γ tar , initial k 1 and γ 1 .</p><formula xml:id="formula_10">1 for t = 1 : T do 2</formula><p>Given k t , find set S t = support(τ t ) by solving <ref type="bibr" target="#b8">(9)</ref>, and obtain ∇x t S .</p><p>3 Given S t , ∇x t S and γ t , estimate k t by solving <ref type="formula" target="#formula_6">(7)</ref>. <ref type="bibr" target="#b3">4</ref> Set γ t+1 = max(ηγ t , γ tar ). <ref type="bibr" target="#b4">5</ref> Return k t .</p><p>With the introduction of τ , our image deblurring model can be formulated into the following optimization problem:</p><formula xml:id="formula_11">min τ ∈Λ,k,∇x 1 2 ∇y−k * (∇x⊙τ ) 2 2 +λΩ(∇x⊙τ )+γ||k|| 2 2 ,<label>(8)</label></formula><p>where Ω(∇x ⊙ τ ) denotes any regularizer that might be applied to (∇x ⊙ τ ). Note that τ is directly coupled with ∇x. Once obtaining τ , we can immediately obtain ∇x according to equation <ref type="bibr" target="#b5">(6)</ref>.</p><p>Note that there are κ i=0 n i feasible τ 's in Λ. The problem of how to choose the best τ still remains. From Remark 2, the activated gradients should reflect the observed gradients in ∇y (so that ∇x 0S will be large). Given fixed k, based on (8), we propose to find the best τ from the feasible set to minimize the following objective:</p><formula xml:id="formula_12">min τ ∈Λ min ∇x 1 2 ∇y − k * (∇x ⊙ τ ) 2 2 + λΩ(∇x ⊙ τ ) .<label>(9)</label></formula><p>This problem is non-convex. To address it efficiently, we introduce a tight convex relation of this problem, and then propose a cutting plane algorithm to solve the relaxed problem instead. For convenience, we leave details in Section 4. After obtaining S coupled with ∇x, we now address problem (7) to update the kernel k.</p></div>
<div xmlns="http://www.tei-c.org/ns/1.0"><head n="3.3.">General Optimization Scheme</head><p>Based on the gradient activation model, the general scheme of the proposed kernel estimation, which is shown in Algorithm 1 2 . In Step 2, with fixed k, we solve problem <ref type="bibr" target="#b8">(9)</ref> to select a subset of non-zero gradients indicated by set S and obtain ∇x S . In Step 3, with fixed S, ∇x S , we construct ∇x by equation 6, and then estimate k t by solving problem (7) which is addressed by a proximal gradient method <ref type="bibr" target="#b7">[8]</ref>. Note that in Step 4, motivated by Remark 3, we apply a homotopy strategy to set the regularization parameter γ, which monotonically decreases from a initial value γ 1 to a target value γ tar .</p><p>After obtaining the final kernel, we will recover the sharp image by non-blind deconvolution algorithms, for instance, the hyper-Laplacian based method <ref type="bibr" target="#b17">[18]</ref>.</p><p>Setting κ. In this paper, we set κ adaptively. Let β = H T ∇y. We set κ as the number of β j that satisfies β j η β ∞ , where η ∈ (0, 1]. In general, a bigger η will lead to a smaller κ. In this paper, we empirically set η to 0.5. Now we highlight some differences and advantages of our model over existing methods. (1) Unlike existing methods which apply various sparse regularizers to induce a sparse solution, we use τ to explicitly and automatically detect a subset of non-zero gradients. Even ∇x may not be sparse, due to the constraint τ 0 ≤ κ, our proposed method (See Algorithm 2) can still find a sparse subset of non-zero gradients for kernel estimation. (2) It is worth mentioning that, if the gradients are not sparse, using sparse regularizer may be suboptimal as one should sacrifice fitting accuracy to achieve sparsity. In fact, the sparsity of the solution is often controlled by the parameter λ: a large λ is necessary for inducing sparsity but often causes solution bias <ref type="bibr" target="#b6">[7]</ref>; while a small λ will enforce non-sparse solutions. In our model, relying on the constraint τ 0 ≤ κ and the optimization scheme (Algorithm 2), a small λ can be used to achieve high fitting accuracy on the required image areas (See <ref type="figure" target="#fig_5">Figure 4(a)</ref> for the importance of a small λ).</p></div>
<div xmlns="http://www.tei-c.org/ns/1.0"><head n="4.">Activate Gradients Automatically</head><p>We are now ready to solve problem <ref type="bibr" target="#b8">(9)</ref>. Let H(k) be the convolution matrix of k, and hence we have ∇y−k * (∇x⊙ τ ) = ∇y − H(k)(∇x ⊙ τ ). Since k is fixed at this stage, for simplicity, we use H to denote the convolution matrix H(k). Here we use Ω(∇x ⊙ τ ) = 1 2 ∇x ⊙ τ 2 2 . By introducing an auxiliary variable ξ = ∇y − H(∇x ⊙ τ ), problem (9) can be rewritten as</p><formula xml:id="formula_13">min τ ∈Λ min ∇x, ξ λ 2 ∇x ⊙ τ 2 2 + 1 2 ξ 2 2 , s.t. ξ = ∇y − H(∇x ⊙ τ ).<label>(10)</label></formula><p>This problem is a non-convex problem, so it is difficult to solve. Motivated by <ref type="bibr" target="#b31">[32]</ref>, we solve a convex relaxation of problem <ref type="bibr" target="#b9">(10)</ref>. To achieve this, we introduce a dual variable α ∈ R n to the constraint ξ = ∇y − H(∇x ⊙ τ ) w.r.t. any fixed τ , and transform (10) into a minimax problem by introducing the dual form of the inner problem of (10):</p><formula xml:id="formula_14">min τ ∈Λ max α∈R n α T ∇y− α T Hdiag(τ )H T α 2λ − α T α 2 .</formula><p>Define ψ(α, τ )= 1 2λ α T Hdiag(τ )H T α + 1 2 α T α −α T ∇y. By applying a convex relaxation min τ ∈Λ max α∈R n −ψ(α, τ ) ≥ max α∈R n min τ ∈Λ −ψ(α, τ ) [2], we achieve the following quadratically constrained quadratic program (QCQP) problem:</p><formula xml:id="formula_15">min α∈R n ,θ∈R θ, s.t. ψ(α, τ ) ≤ θ, ∀ τ ∈ Λ ,<label>(11)</label></formula><p>where θ ∈ R is an auxiliary variable. Note that there are many elements in Λ (i.e., |Λ| = κ i=0 n i ). Therefore, problem (11) involves many constraints. We then adopt a cutting-plane algorithm, which iteratively detects the most-active constraint from Λ. The overall cutting-plane algorithm is shown in Algorithm 2. In</p><p>Step 4, the most-active constraint selection reflects the activation of the appropriate gradients. Let</p><formula xml:id="formula_16">g = H T ξ i−1 .<label>(12)</label></formula><p>The most-active constraint can be selected by choosing the κ largest |g j | and recording their indices into a set C i . After that, we update S i by S i = S i−1 ∪ C i , and update ∇x S i by solving a group lasso problem which is the primal form of problem <ref type="bibr" target="#b10">(11)</ref> with chosen τ 's <ref type="bibr" target="#b31">[32]</ref>:</p><formula xml:id="formula_17">min ∇x S i 1 2 ∇y − H∇x S i 2 2 + λ 2 i o=1 ∇x C o 2 2 ,<label>(13)</label></formula><p>where ∇x S i = [∇x T C 1 , ..., ∇x T C i ] T . In Algorithm 2, each iteration includes κ informative elements. Note that due to the relaxation, there may be more than one active constraints τ 's, and |S| can be larger than κ. This is reasonable since κ is just an estimation of the active gradients. Nevertheless, due to the introduction of τ and an elegant early stopping strategy below, a subset of gradients will be obtained. </p></div>
<div xmlns="http://www.tei-c.org/ns/1.0"><head n="4.1.">Stopping Conditions</head><p>Early stopping in Algorithm 2 plays a very critical role in the proposed method. Here, we apply two early stopping conditions. First, we stop Algorithm 2 if</p><formula xml:id="formula_18">|f (∇x i ) − f (∇x i−1 )|/|κf (∇x 0 )| ≤ ε,<label>(14)</label></formula><p>where ε is a small tolerance and f (∇x 0 ) denotes the initial objective value. In this paper, we set ε = 10 −4 for all cases.</p><p>Early stopping when gradients are not exactly sparse. In this case, condition in <ref type="bibr" target="#b13">(14)</ref> may be hard to achieve. We then stop the algorithm after a maximum number iterations I max is achieved. In this paper, we set I max = 15.</p><p>The importance of the above condition is shown in <ref type="figure" target="#fig_1">Figure 1</ref> on a toy image whose ground-truth is known and gradients are not exactly sparse <ref type="figure" target="#fig_1">(Figure 1. (b)</ref>). We report the sum-of-squared-difference (SSD) errors using different I max . From <ref type="figure" target="#fig_1">Figure 1. (a)</ref>, the SSD error keeps stable when 5 &lt; I max &lt; 30. However, when I max &gt; 35, the SSD error becomes very large, where we choose a very large number of gradients and the algorithm fails. This verifies our Remark 2 that more gradients may even degrade the performance. </p></div>
<div xmlns="http://www.tei-c.org/ns/1.0"><head n="4.2.">Handling Noise and Outliers</head><p>The performance of most existing kernel estimation methods may degrade significantly when there are nonnegligible noise and/or outliers <ref type="bibr" target="#b43">[44,</ref><ref type="bibr" target="#b41">42]</ref> that cannot be handled by the priors <ref type="bibr" target="#b30">[31]</ref> (See <ref type="figure" target="#fig_0">Figure 2. (c)-(d)</ref>).</p><p>The gradient activation scheme in Algorithm 2 provides great convenience for handling noise and outliers. Specifically, for uniform noise, relying on the early stopping strategies, noise contaminated weak gradients will not be included for the kernel estimation. As a result, the influence of uniform noise can be avoided <ref type="figure" target="#fig_4">(Figure 3 (e)</ref>).</p><p>Outliers are referred to non-Gaussian noise, which are unavoidable in some special scenarios such as low-light conditions, in which outliers usually appear as saturated pixels, strong light streaks, impulse noise and so on <ref type="bibr" target="#b5">[6,</ref><ref type="bibr" target="#b11">12]</ref>. In the gradient domain, those pixels often have very high values, but should not be activated. However, the sparse regularization methods will tend to choose them mistakenly.</p><p>To handle the saturations and light streaks, in Step 4 of Algorithm 2, we can simply discard those gradients corresponding to high-intensity pixels by forcing C i ∩ [y &gt; h] = ∅, where [y &gt; h] denotes the index set of pixels with intensity higher than a threshold h. Similarly, for impulse noise, they can be easily avoided by discarding isolated gradients (discarding any activated gradients with less than 4 elements), since impulse noise is often disconnected with other gradients in gradient domain.   The effectiveness of the above strategy can be found in <ref type="figure" target="#fig_4">Figure 3</ref>, which shows that the pruning of the high-intensity pixels is essential for handling outliers.</p><formula xml:id="formula_19">(a) (b) (c) (d) (e) (f) (g) (h) (i) (j) (k) (l) (m) (m) (o) (p)</formula></div>
<div xmlns="http://www.tei-c.org/ns/1.0"><head n="5.">Experiments</head><p>We evaluate the performance of our method on both synthetic data and real-world images, and compare with several state-of-the-art image deblurring methods. We implement our method in Matlab and evaluate the efficiency on an Intel Core i7 CPU with 8GB of RAM.</p></div>
<div xmlns="http://www.tei-c.org/ns/1.0"><head n="5.1.">Evaluation on Synthetic Data</head><p>Noise-free images. We investigate a benchmark dataset of Levin et.al. <ref type="bibr" target="#b21">[22]</ref> which contains 32 blurry images of size 255 × 255 generated by blurring 4 images using 8 groundtruth blur kernels. To evaluate the accuracy of estimated blur kernels, we recover the sharp image with the same nonblind deconvolution method in <ref type="bibr" target="#b20">[21]</ref>, and then measure the sum-of-squared-difference (SSD) error between the recov-   <ref type="bibr" target="#b27">[28]</ref>. <ref type="figure" target="#fig_5">Figure 4</ref>(a) records the cumulative curves of SSD error ratio <ref type="bibr" target="#b21">[22]</ref> which show that our method is comparable with the state-of-art logprior based method <ref type="bibr" target="#b27">[28]</ref>, and outperforms the other methods. In this experiment, we study three values to λ (i.e. λ = 0.001, 0.005, 0.01) for our method. We can see that the proposed method with λ = 0.005 consistently performs better than others. A proper λ can help the proposed method handle the noise and estimation error when solving <ref type="bibr" target="#b12">(13)</ref>. Even so, the performances of the other two parameter settings are still on par with other state-of-the-art methods, which suggests that our method is relative insensitive to the regularization parameter, and a small λ is enough for generating high quality blur kernels. <ref type="figure" target="#fig_5">Figure 4</ref>(b) shows the mean SSD error rate and the running time of competing methods, which suggests that our method can estimate an accurate kernel in a little time. The methods of Cho and Lee <ref type="bibr" target="#b4">[5]</ref> and Xu et.al. <ref type="bibr" target="#b38">[39]</ref> are implemented in C/C++, thus they are much faster than others. Noisy images. To validate the noise robustness of the proposed method, we add i.i.d. Gaussian noise with zero mean to Levin et.al. 's data <ref type="bibr" target="#b21">[22]</ref>, and then perform kernel estimation on the noisy images. The estimated kernels are used to recover the noise-free blurry images via the non-blind deconvolution <ref type="bibr" target="#b20">[21]</ref>. In this way, the evaluation for the kernel  estimation ability will not be influenced by the performance of the non-blind deconvolution on noisy data <ref type="bibr" target="#b4">[5,</ref><ref type="bibr" target="#b41">42]</ref>. Two methods with specific noise handling strategies <ref type="bibr" target="#b43">[44,</ref><ref type="bibr" target="#b41">42]</ref> are also evaluated in this experiment.</p><p>We first evaluate the different methods with increasing noise levels from 1% to 10%, and record the SSD error values of different methods in <ref type="figure" target="#fig_6">Figure 5</ref>(a) <ref type="bibr" target="#b2">3</ref> . From this figure, all compared methods perform well with low noise levels, but the performances of most methods degrades dramatically when noise becomes relatively severe. However, the method of Zhong et.al. <ref type="bibr" target="#b43">[44]</ref>, Zhang and Yang <ref type="bibr" target="#b41">[42]</ref> and our method still work robustly against the increase of noise. Note that due to the absence of source code, the results of Zhang and Yang is drawn from their paper <ref type="bibr" target="#b41">[42]</ref>. Since their experimental setting may be different from ours, the comparison with this method is only for reference. We also show the cumulative curves of SSD error ratio on the 32 blurry image with 5% Gaussian noise in <ref type="figure" target="#fig_6">Figure 5</ref>(b). From the above comparison, only the results of several top methods are recorded in <ref type="figure" target="#fig_6">Figure 5</ref>(b) for visualization.</p></div>
<div xmlns="http://www.tei-c.org/ns/1.0"><head n="5.2.">Evaluation on Real-world Images</head><p>Dataset from Köhler et.al. <ref type="bibr" target="#b14">[15]</ref>. We also test our algorithm on a real-world dataset <ref type="bibr" target="#b14">[15]</ref> that contains 48 (800 × 800) real blurry images from 4 sharp images and 12 blur kernels. The ground truth images are recorded in this dataset. <ref type="table" target="#tab_1">Table  1</ref> shows the PSNR and SSIM <ref type="bibr" target="#b32">[33]</ref> based qualitative comparison, which suggests that the proposed method achieves the better performance than other state-of-art methods.</p><p>We further evaluate the deblurring performance on several real-world images. As the ground truth images of realworld blurry images are unavailable, we only evaluate the visual performances. For fairness, the recovered images on each testing image are generated using the same non-blind deconvolution methods <ref type="bibr" target="#b20">[21,</ref><ref type="bibr" target="#b43">44,</ref><ref type="bibr" target="#b33">34]</ref>. Images with mild noise. Blurry images photographed in normal condition usually contain mild noise, which can be handled by many methods <ref type="bibr" target="#b30">[31]</ref>. For the images with mild noise, we compare the proposed method with the methods studied in 5.1. In <ref type="figure">Figure 6</ref>, an example <ref type="bibr" target="#b37">[38]</ref> with a large blur kernel is shown. The estimated blur kernels of most previous methods are damaged or noisy, thus the recovered images suffer from server ring artifacts, partially because the blur kernel is large. The results of Xu et.al. <ref type="bibr" target="#b38">[39]</ref> and Sun et.al. <ref type="bibr" target="#b29">[30]</ref> suffer less from ringing than others, although our method preforms even better, benefiting from the intact and noiseless kernel. Images with high levels of noise. Most state-of-art methods are less effective in processing blurry images with high levels of noise <ref type="bibr" target="#b43">[44]</ref>. As is shown on synthetic data, the proposed method can handle noise well. <ref type="figure">Figure 7</ref> (a) shows a real blurry image containing severe noise from <ref type="bibr" target="#b30">[31]</ref>. We compare our method with several state-of-art methods <ref type="bibr" target="#b30">[31,</ref><ref type="bibr" target="#b43">44,</ref><ref type="bibr" target="#b41">42]</ref> which seek to handle noise in deblurring. As is shown in <ref type="figure">Figure 7</ref>, our deblurred image contains more details but no strong ringing artifacts due to the accurate kernel estimation. Images with saturation. As discussed in 4.2, saturated regions interfere with the kernel estimation. We compare with the previous state-of-art methods which achieve good performances on images with saturation <ref type="bibr" target="#b25">[26,</ref><ref type="bibr" target="#b11">12]</ref>. As shown in <ref type="figure" target="#fig_7">Figure 8</ref>, the method of Hu et.al. <ref type="bibr" target="#b11">[12]</ref> and ours reveal more details benefiting from the accurate blur kernel. Our method is slightly better than that of Hu et.al. <ref type="bibr" target="#b11">[12]</ref> (See the zoomed area.).</p></div>
<div xmlns="http://www.tei-c.org/ns/1.0"><head n="6.">Conclusion</head><p>In this paper, we propose an effective and robust method for blind image deconvolution. The proposed method is based on an observation that only a subset of the gradients of latent image is sufficient for kernel estimation. We have (a) Input (b) Cho and Lee <ref type="bibr" target="#b4">[5]</ref> (c) Krishnan et.al. <ref type="bibr" target="#b18">[19]</ref> (d) Levin et.al. <ref type="bibr" target="#b22">[23]</ref> (e) Xu et.al. <ref type="bibr" target="#b38">[39]</ref> (f) Sun et.al. <ref type="bibr" target="#b29">[30]</ref> (g) Perrone and Favaro <ref type="bibr" target="#b27">[28]</ref> (h) Ours <ref type="figure">Figure 6</ref>. Deblurring results on real-world image toy where he blur kernel size is 51 × 51. Our results are sharper and have less ringing artifacts.</p><p>(a) Input (b) Tai and Lin <ref type="bibr" target="#b30">[31]</ref> (c) Zhong et.al. <ref type="bibr" target="#b43">[44]</ref> (d) Zhang and Yang <ref type="bibr" target="#b41">[42]</ref> (e) Ours <ref type="figure">Figure 7</ref>. Deblurring results on a noise contaminated real-world image kyoto where the blur kernel size is 35 × 35. Our method can recover sharp image with more details and less artifacts than others. Note that the kernel of <ref type="bibr" target="#b41">[42]</ref> is unavailable. introduced a gradient activation vector, and proposed a new model for kernel estimation based only on activated gradients. Thanks to the gradient activation vector, we developed a cutting-plane method which incrementally activate the appropriate gradients for the blur kernel estimation. Our method is robust to noise and outliers, and significantly im-proves the quality of blur kernel estimation. Experimental results on both synthetic and real-world data show the excellence of the proposed method.</p></div><figure xmlns="http://www.tei-c.org/ns/1.0" xml:id="fig_0"><head>Algorithm 2 :</head><label>2</label><figDesc>Solving (10) by a cutting-plane method Input: Blurry image y and H 1 Initialize ∇x 0 = 0, ξ 0 = ∇y, S 0 = ∅, i = 0; 2 while Stopping conditions are not achieved do 3 Let i = i + 1; 4 Gradient activation: Compute g = H ⊤ ξ i−1 , and record the indices of κ largest |g j | into C u , where j ∈ [n] \ S i−1 ; 5 Let S i = S i−1 ∪ C i ; 6 Update ∇x S i by solving (13); 7 Update ξ by ξ i = ∇y − H∇x i ; 8 Compute S = support(∇x). Output ∇x i and S.</figDesc></figure>
<figure xmlns="http://www.tei-c.org/ns/1.0" xml:id="fig_1"><head>Figure 1 .</head><label>1</label><figDesc>(a) SSD error with increasing number of iterations on non-sparse gradients; (b) Gradients of the input image.</figDesc></figure>
<figure xmlns="http://www.tei-c.org/ns/1.0" xml:id="fig_2"><head></head><label></label><figDesc>image y, true kernel (b) |∇x|, Cho and Lee<ref type="bibr" target="#b4">[5]</ref> (c) |∇x|, ℓ 0<ref type="bibr" target="#b38">[39]</ref> (d) |∇x|, Levin et.al.<ref type="bibr" target="#b22">[23]</ref> (e) |∇x|, Ours</figDesc></figure>
<figure xmlns="http://www.tei-c.org/ns/1.0" xml:id="fig_3"><head>Figure 2 .</head><label>2</label><figDesc>Intermediate results from a noisy input. For visualization, we define |∇x| = |∇ h x| + |∇vx| as the summation of the absolute of gradients on horizontal and vertical directions. All kernels are zoomed and visualized using pseudo-color. (a) Synthetic input image with 5% noise and ground truth kernel. A local part is zoomed to show noise. (b)-(e) Intermediate gradients by different methods.</figDesc></figure>
<figure xmlns="http://www.tei-c.org/ns/1.0" xml:id="fig_4"><head>Figure 3 .</head><label>3</label><figDesc>Examples of handling saturation and impulse noise. (a)-(h) An example with saturation. (i)-(p) An example with impulse noise. Columns from left to right: Blurry image and ground truth kernel, results of Pan et.al. [26] ((b) and (f)) or Zhong et.al. [44] ((j) and (m)), Our results without outlier discarding, our results with outlier discarding. (f)-(h) and (m)-(p) are estimated intermediate gradients. (e) and (m) are gradients of blurry image.</figDesc></figure>
<figure xmlns="http://www.tei-c.org/ns/1.0" xml:id="fig_5"><head>Figure 4 .</head><label>4</label><figDesc>Comparison on the noise free synthetic data in<ref type="bibr" target="#b21">[22]</ref>. (a) cumulative curves of SSD error ratio. (b) Mean SSD error ratio and mean running time (seconds).</figDesc></figure>
<figure xmlns="http://www.tei-c.org/ns/1.0" xml:id="fig_6"><head>Figure 5 .</head><label>5</label><figDesc>Comparison on noisy synthetic data. (a) SSD error with increasing noise level. (b) Cumulative curves of SSD error ratio.</figDesc></figure>
<figure xmlns="http://www.tei-c.org/ns/1.0" xml:id="fig_7"><head>Figure 8 .</head><label>8</label><figDesc>Pan et.al. [26] (c) Hu et.al. Deblurring results on a low-light image with saturation where the blur kernel size is 45 × 45. Ours has more details.</figDesc></figure>
<figure xmlns="http://www.tei-c.org/ns/1.0" type="table" xml:id="tab_0" validated="false"><head></head><label></label><figDesc>ered image and the ground truth image. We evaluate our method and compare with other methods from Cho and Lee [5], Krishnan et.al. [19], Levin et.al. [23], Wipf and Zhang [36], Xu et.al. [39], Sun et.al. [30], Perrone and Favaro</figDesc><table></table></figure>
<figure xmlns="http://www.tei-c.org/ns/1.0" type="table" xml:id="tab_1" validated="false"><head>Table 1 .</head><label>1</label><figDesc>Comparison on Köhler et.al. 's dataset [15]. Xu et. al. Sun et. al. Zhong et. al. Ours</figDesc><table>Image 1 
Image 2 
Image 3 
Image 4 
Total Avg. 
PSNR 
SSIM 
PSNR 
SSIM 
PSNR 
SSIM 
PSNR 
SSIM 
PSNR 
SSIM 
Whyte et.al. [35] 
27.5475 0.7359 22.8696 0.6796 28.6112 0.7484 24.7065 0.6982 25.9337 0.7155 
Krishnan et.al. [10] 
26.8654 0.7632 21.7551 0.7044 26.6443 0.7768 22.8701 0.6820 24.5337 0.7337 
Cho and Lee [5] 
28.9093 0.8156 24.2727 0.8008 29.1973 0.8067 26.6064 0.8117 27.2464 0.8087 
Xu and Jia [38] 
29.4054 0.8207 25.4793 0.8045 29.3040 0.8162 26.7601 0.7967 27.7372 0.8095 
Yue et.al. [40] 
30.1340 0.8819 25.4749 0.8439 30.1777 0.8740 26.7661 0.8117 28.1158 0.8484 
Ours 
30.3572 0.8611 25.5210 0.8483 31.6577 0.9268 27.4804 0.8807 28.7541 0.8768 

2 
4 
6 
8 
10 

50 

100 

150 

200 

250 

Noise level (%) 

SSD error 

Cho and Lee 
Krishnan et. al. 
Levin et. al. 
Wipf and Zhang 
Xu et. al. 
Sun et. al. 
Perrone and Favaro 
Zhong et.al 
Zhang and Yang 
Ours 

(a) 

2 
4 
6 
8 
0 

0.2 

0.4 

0.6 

0.8 

Error ratio 

Success rate 

</table></figure>
			<note xmlns="http://www.tei-c.org/ns/1.0" place="foot" n="1">We assume that the image is much larger than the latent blur kernel, e.g. n ≫ m, and hence the boundary effect of convolution can be neglected.</note>
			<note xmlns="http://www.tei-c.org/ns/1.0" place="foot" n="2">To improve the robustness, Algorithm 1 is implemented in a coarseto-fine scheme following the image pyramid.</note>
			<note xmlns="http://www.tei-c.org/ns/1.0" place="foot" n="3">Images with 1% − 10% noise are generated by adding Gaussian noise with zero mean and standard deviations from 0.01 to 0.1 respectively for images with [0, 1] intensity range<ref type="bibr" target="#b43">[44]</ref>.</note>
		</body>
		<back>
			<div type="references">

				<listBibl>

<biblStruct xml:id="b0">
	<analytic>
		<title level="a" type="main">Katsaggelos. Bayesian blind deconvolution with general sparse image priors</title>
		<author>
			<persName xmlns="http://www.tei-c.org/ns/1.0"><forename type="first">S</forename><forename type="middle">D</forename><surname>Babacan</surname></persName>
		</author>
		<author>
			<persName xmlns="http://www.tei-c.org/ns/1.0"><forename type="first">R</forename><surname>Molina</surname></persName>
		</author>
		<author>
			<persName xmlns="http://www.tei-c.org/ns/1.0"><forename type="first">M</forename><forename type="middle">N</forename><surname>Do</surname></persName>
		</author>
		<author>
			<persName xmlns="http://www.tei-c.org/ns/1.0"><forename type="first">A</forename></persName>
		</author>
	</analytic>
	<monogr>
		<title level="m">ECCV</title>
		<imprint>
			<date type="published" when="2012" />
			<biblScope unit="page" from="341" to="355" />
		</imprint>
	</monogr>
</biblStruct>

<biblStruct xml:id="b1">
	<monogr>
		<title level="m" type="main">Convex optimization. Cambridge university press</title>
		<author>
			<persName xmlns="http://www.tei-c.org/ns/1.0"><forename type="first">S</forename><surname>Boyd</surname></persName>
		</author>
		<author>
			<persName xmlns="http://www.tei-c.org/ns/1.0"><forename type="first">L</forename><surname>Vandenberghe</surname></persName>
		</author>
		<imprint>
			<date type="published" when="2004" />
		</imprint>
	</monogr>
</biblStruct>

<biblStruct xml:id="b2">
	<analytic>
		<title level="a" type="main">Blind motion deblurring from a single image using sparse approximation</title>
		<author>
			<persName xmlns="http://www.tei-c.org/ns/1.0"><forename type="first">J.-F</forename><surname>Cai</surname></persName>
		</author>
		<author>
			<persName xmlns="http://www.tei-c.org/ns/1.0"><forename type="first">H</forename><surname>Ji</surname></persName>
		</author>
		<author>
			<persName xmlns="http://www.tei-c.org/ns/1.0"><forename type="first">C</forename><surname>Liu</surname></persName>
		</author>
		<author>
			<persName xmlns="http://www.tei-c.org/ns/1.0"><forename type="first">Z</forename><surname>Shen</surname></persName>
		</author>
	</analytic>
	<monogr>
		<title level="m">CVPR</title>
		<imprint>
			<date type="published" when="2009" />
			<biblScope unit="page" from="104" to="111" />
		</imprint>
	</monogr>
</biblStruct>

<biblStruct xml:id="b3">
	<analytic>
		<title level="a" type="main">Total variation blind deconvolution</title>
		<author>
			<persName xmlns="http://www.tei-c.org/ns/1.0"><forename type="first">T</forename><forename type="middle">F</forename><surname>Chan</surname></persName>
		</author>
		<author>
			<persName xmlns="http://www.tei-c.org/ns/1.0"><forename type="first">C.-K</forename><surname>Wong</surname></persName>
		</author>
	</analytic>
	<monogr>
		<title level="j">IEEE Trans. Image Processing</title>
		<imprint>
			<biblScope unit="volume">1</biblScope>
			<biblScope unit="page">3</biblScope>
			<date type="published" when="1998" />
		</imprint>
	</monogr>
</biblStruct>

<biblStruct xml:id="b4">
	<analytic>
		<title level="a" type="main">Fast motion deblurring</title>
		<author>
			<persName xmlns="http://www.tei-c.org/ns/1.0"><forename type="first">S</forename><surname>Cho</surname></persName>
		</author>
		<author>
			<persName xmlns="http://www.tei-c.org/ns/1.0"><forename type="first">S</forename><surname>Lee</surname></persName>
		</author>
	</analytic>
	<monogr>
		<title level="j">ASIA</title>
		<imprint>
			<biblScope unit="volume">7</biblScope>
			<biblScope unit="issue">8</biblScope>
			<date type="published" when="2006" />
		</imprint>
	</monogr>
</biblStruct>

<biblStruct xml:id="b5">
	<analytic>
		<title level="a" type="main">Handling outliers in non-blind image deconvolution</title>
		<author>
			<persName xmlns="http://www.tei-c.org/ns/1.0"><forename type="first">S</forename><surname>Cho</surname></persName>
		</author>
		<author>
			<persName xmlns="http://www.tei-c.org/ns/1.0"><forename type="first">J</forename><surname>Wang</surname></persName>
		</author>
		<author>
			<persName xmlns="http://www.tei-c.org/ns/1.0"><forename type="first">S</forename><surname>Lee</surname></persName>
		</author>
	</analytic>
	<monogr>
		<title level="m">ICCV</title>
		<imprint>
			<date type="published" when="2011" />
			<biblScope unit="page" from="495" to="502" />
		</imprint>
	</monogr>
</biblStruct>

<biblStruct xml:id="b6">
	<monogr>
		<title level="m" type="main">On debiasing restoration algorithms: Applications to total-variation and nonlocal-means. In Scale Space and Variational Methods in Computer Vision</title>
		<author>
			<persName xmlns="http://www.tei-c.org/ns/1.0"><forename type="first">C.-A</forename><surname>Deledalle</surname></persName>
		</author>
		<author>
			<persName xmlns="http://www.tei-c.org/ns/1.0"><forename type="first">N</forename><surname>Papadakis</surname></persName>
		</author>
		<author>
			<persName xmlns="http://www.tei-c.org/ns/1.0"><forename type="first">J</forename><surname>Salmon</surname></persName>
		</author>
		<imprint>
			<date type="published" when="2015" />
		</imprint>
	</monogr>
</biblStruct>

<biblStruct xml:id="b7">
	<analytic>
		<title level="a" type="main">Efficient projections onto the l 1-ball for learning in high dimensions</title>
		<author>
			<persName xmlns="http://www.tei-c.org/ns/1.0"><forename type="first">J</forename><surname>Duchi</surname></persName>
		</author>
		<author>
			<persName xmlns="http://www.tei-c.org/ns/1.0"><forename type="first">S</forename><surname>Shalev-Shwartz</surname></persName>
		</author>
		<author>
			<persName xmlns="http://www.tei-c.org/ns/1.0"><forename type="first">Y</forename><surname>Singer</surname></persName>
		</author>
		<author>
			<persName xmlns="http://www.tei-c.org/ns/1.0"><forename type="first">T</forename><surname>Chandra</surname></persName>
		</author>
	</analytic>
	<monogr>
		<title level="m">Proceedings of the 25th international conference on Machine learning</title>
		<meeting>the 25th international conference on Machine learning</meeting>
		<imprint>
			<publisher>ACM</publisher>
			<date type="published" when="2008" />
			<biblScope unit="page" from="272" to="279" />
		</imprint>
	</monogr>
</biblStruct>

<biblStruct xml:id="b8">
	<analytic>
		<title level="a" type="main">Removing camera shake from a single photograph</title>
		<author>
			<persName xmlns="http://www.tei-c.org/ns/1.0"><forename type="first">R</forename><surname>Fergus</surname></persName>
		</author>
		<author>
			<persName xmlns="http://www.tei-c.org/ns/1.0"><forename type="first">B</forename><surname>Singh</surname></persName>
		</author>
		<author>
			<persName xmlns="http://www.tei-c.org/ns/1.0"><forename type="first">A</forename><surname>Hertzmann</surname></persName>
		</author>
		<author>
			<persName xmlns="http://www.tei-c.org/ns/1.0"><forename type="first">S</forename><forename type="middle">T</forename><surname>Roweis</surname></persName>
		</author>
		<author>
			<persName xmlns="http://www.tei-c.org/ns/1.0"><forename type="first">W</forename><forename type="middle">T</forename><surname>Freeman</surname></persName>
		</author>
	</analytic>
	<monogr>
		<title level="j">In ACM Transactions on Graphics</title>
		<imprint>
			<biblScope unit="volume">1</biblScope>
			<biblScope unit="page">3</biblScope>
			<date type="published" when="2006" />
		</imprint>
	</monogr>
</biblStruct>

<biblStruct xml:id="b9">
	<analytic>
		<title level="a" type="main">Blur-kernel estimation from spectral irregularities</title>
		<author>
			<persName xmlns="http://www.tei-c.org/ns/1.0"><forename type="first">A</forename><surname>Goldstein</surname></persName>
		</author>
		<author>
			<persName xmlns="http://www.tei-c.org/ns/1.0"><forename type="first">R</forename></persName>
		</author>
	</analytic>
	<monogr>
		<title level="m">ECCV</title>
		<imprint>
			<date type="published" when="2012" />
			<biblScope unit="volume">2</biblScope>
			<biblScope unit="page">7</biblScope>
		</imprint>
	</monogr>
</biblStruct>

<biblStruct xml:id="b10">
	<analytic>
		<title level="a" type="main">Deblurring by example using dense correspondence</title>
		<author>
			<persName xmlns="http://www.tei-c.org/ns/1.0"><forename type="first">Y</forename><surname>Hacohen</surname></persName>
		</author>
		<author>
			<persName xmlns="http://www.tei-c.org/ns/1.0"><forename type="first">E</forename><surname>Shechtman</surname></persName>
		</author>
		<author>
			<persName xmlns="http://www.tei-c.org/ns/1.0"><forename type="first">D</forename><surname>Lischinski</surname></persName>
		</author>
	</analytic>
	<monogr>
		<title level="m">ICCV</title>
		<imprint>
			<date type="published" when="2013" />
			<biblScope unit="page" from="2384" to="2391" />
		</imprint>
	</monogr>
</biblStruct>

<biblStruct xml:id="b11">
	<analytic>
		<title level="a" type="main">Deblurring lowlight images with light streaks</title>
		<author>
			<persName xmlns="http://www.tei-c.org/ns/1.0"><forename type="first">Z</forename><surname>Hu</surname></persName>
		</author>
		<author>
			<persName xmlns="http://www.tei-c.org/ns/1.0"><forename type="first">S</forename><surname>Cho</surname></persName>
		</author>
		<author>
			<persName xmlns="http://www.tei-c.org/ns/1.0"><forename type="first">J</forename><surname>Wang</surname></persName>
		</author>
		<author>
			<persName xmlns="http://www.tei-c.org/ns/1.0"><forename type="first">M.-H</forename><surname>Yang</surname></persName>
		</author>
	</analytic>
	<monogr>
		<title level="m">CVPR</title>
		<imprint>
			<date type="published" when="2005" />
			<biblScope unit="volume">7</biblScope>
			<biblScope unit="page" from="3382" to="3389" />
		</imprint>
	</monogr>
</biblStruct>

<biblStruct xml:id="b12">
	<analytic>
		<title level="a" type="main">Good regions to deblur</title>
		<author>
			<persName xmlns="http://www.tei-c.org/ns/1.0"><forename type="first">Z</forename><surname>Hu</surname></persName>
		</author>
		<author>
			<persName xmlns="http://www.tei-c.org/ns/1.0"><forename type="first">M.-H</forename><surname>Yang</surname></persName>
		</author>
	</analytic>
	<monogr>
		<title level="m">ECCV</title>
		<imprint>
			<date type="published" when="2012" />
			<biblScope unit="page" from="59" to="72" />
		</imprint>
	</monogr>
</biblStruct>

<biblStruct xml:id="b13">
	<analytic>
		<title level="a" type="main">Psf estimation using sharp edge prediction</title>
		<author>
			<persName xmlns="http://www.tei-c.org/ns/1.0"><forename type="first">N</forename><surname>Joshi</surname></persName>
		</author>
		<author>
			<persName xmlns="http://www.tei-c.org/ns/1.0"><forename type="first">R</forename><surname>Szeliski</surname></persName>
		</author>
		<author>
			<persName xmlns="http://www.tei-c.org/ns/1.0"><forename type="first">D</forename><forename type="middle">J</forename><surname>Kriegman</surname></persName>
		</author>
	</analytic>
	<monogr>
		<title level="m">CVPR</title>
		<imprint>
			<date type="published" when="2008" />
			<biblScope unit="page" from="1" to="8" />
		</imprint>
	</monogr>
</biblStruct>

<biblStruct xml:id="b14">
	<analytic>
		<title level="a" type="main">Recording and playback of camera shake: Benchmarking blind deconvolution with a real-world database</title>
		<author>
			<persName xmlns="http://www.tei-c.org/ns/1.0"><forename type="first">R</forename><surname>Köhler</surname></persName>
		</author>
		<author>
			<persName xmlns="http://www.tei-c.org/ns/1.0"><forename type="first">M</forename><surname>Hirsch</surname></persName>
		</author>
		<author>
			<persName xmlns="http://www.tei-c.org/ns/1.0"><forename type="first">B</forename><surname>Mohler</surname></persName>
		</author>
		<author>
			<persName xmlns="http://www.tei-c.org/ns/1.0"><forename type="first">B</forename><surname>Schölkopf</surname></persName>
		</author>
		<author>
			<persName xmlns="http://www.tei-c.org/ns/1.0"><forename type="first">S</forename><surname>Harmeling</surname></persName>
		</author>
	</analytic>
	<monogr>
		<title level="m">ECCV. 2012</title>
		<imprint>
			<biblScope unit="volume">1</biblScope>
			<biblScope unit="page">7</biblScope>
		</imprint>
	</monogr>
</biblStruct>

<biblStruct xml:id="b15">
	<analytic>
		<title level="a" type="main">Mrf-based blind image deconvolution</title>
		<author>
			<persName xmlns="http://www.tei-c.org/ns/1.0"><forename type="first">N</forename><surname>Komodakis</surname></persName>
		</author>
		<author>
			<persName xmlns="http://www.tei-c.org/ns/1.0"><forename type="first">N</forename><surname>Paragios</surname></persName>
		</author>
	</analytic>
	<monogr>
		<title level="m">ACCV</title>
		<imprint>
			<date type="published" when="2013" />
			<biblScope unit="page" from="361" to="374" />
		</imprint>
	</monogr>
</biblStruct>

<biblStruct xml:id="b16">
	<monogr>
		<title level="m" type="main">Blind deconvolution with re-weighted sparsity promotion. CoRR</title>
		<author>
			<persName xmlns="http://www.tei-c.org/ns/1.0"><forename type="first">D</forename><surname>Krishnan</surname></persName>
		</author>
		<author>
			<persName xmlns="http://www.tei-c.org/ns/1.0"><forename type="first">J</forename><surname>Bruna</surname></persName>
		</author>
		<author>
			<persName xmlns="http://www.tei-c.org/ns/1.0"><forename type="first">R</forename><surname>Fergus</surname></persName>
		</author>
		<imprint>
			<date type="published" when="2013" />
			<biblScope unit="volume">1</biblScope>
		</imprint>
	</monogr>
</biblStruct>

<biblStruct xml:id="b17">
	<analytic>
		<title level="a" type="main">Fast image deconvolution using hyper-laplacian priors</title>
		<author>
			<persName xmlns="http://www.tei-c.org/ns/1.0"><forename type="first">D</forename><surname>Krishnan</surname></persName>
		</author>
		<author>
			<persName xmlns="http://www.tei-c.org/ns/1.0"><forename type="first">R</forename><surname>Fergus</surname></persName>
		</author>
	</analytic>
	<monogr>
		<title level="m">NIPS</title>
		<imprint>
			<date type="published" when="2009" />
			<biblScope unit="volume">1</biblScope>
			<biblScope unit="page">4</biblScope>
		</imprint>
	</monogr>
</biblStruct>

<biblStruct xml:id="b18">
	<analytic>
		<title level="a" type="main">Blind deconvolution using a normalized sparsity measure</title>
		<author>
			<persName xmlns="http://www.tei-c.org/ns/1.0"><forename type="first">D</forename><surname>Krishnan</surname></persName>
		</author>
		<author>
			<persName xmlns="http://www.tei-c.org/ns/1.0"><forename type="first">T</forename><surname>Tay</surname></persName>
		</author>
		<author>
			<persName xmlns="http://www.tei-c.org/ns/1.0"><forename type="first">R</forename><surname>Fergus</surname></persName>
		</author>
	</analytic>
	<monogr>
		<title level="m">CVPR</title>
		<imprint>
			<date type="published" when="2008" />
			<biblScope unit="page" from="233" to="240" />
		</imprint>
	</monogr>
</biblStruct>

<biblStruct xml:id="b19">
	<analytic>
		<title level="a" type="main">Blur kernel estimation using normalized color-line priors</title>
		<author>
			<persName xmlns="http://www.tei-c.org/ns/1.0"><forename type="first">W.-S</forename><surname>Lai</surname></persName>
		</author>
		<author>
			<persName xmlns="http://www.tei-c.org/ns/1.0"><forename type="first">J.-J</forename><surname>Ding</surname></persName>
		</author>
		<author>
			<persName xmlns="http://www.tei-c.org/ns/1.0"><forename type="first">Y.-Y.</forename><surname>Lin</surname></persName>
		</author>
		<author>
			<persName xmlns="http://www.tei-c.org/ns/1.0"><forename type="first">Y.-Y</forename><surname>Chuang</surname></persName>
		</author>
	</analytic>
	<monogr>
		<title level="m">CVPR</title>
		<imprint>
			<date type="published" when="2015" />
			<biblScope unit="page" from="64" to="72" />
		</imprint>
	</monogr>
</biblStruct>

<biblStruct xml:id="b20">
	<analytic>
		<title level="a" type="main">Image and depth from a conventional camera with a coded aperture</title>
		<author>
			<persName xmlns="http://www.tei-c.org/ns/1.0"><forename type="first">A</forename><surname>Levin</surname></persName>
		</author>
		<author>
			<persName xmlns="http://www.tei-c.org/ns/1.0"><forename type="first">R</forename><surname>Fergus</surname></persName>
		</author>
		<author>
			<persName xmlns="http://www.tei-c.org/ns/1.0"><forename type="first">F</forename><surname>Durand</surname></persName>
		</author>
		<author>
			<persName xmlns="http://www.tei-c.org/ns/1.0"><forename type="first">W</forename><forename type="middle">T</forename><surname>Freeman</surname></persName>
		</author>
	</analytic>
	<monogr>
		<title level="j">In ACM Transactions on Graphics</title>
		<imprint>
			<biblScope unit="volume">6</biblScope>
			<biblScope unit="issue">1</biblScope>
			<biblScope unit="page">7</biblScope>
			<date type="published" when="2007" />
		</imprint>
	</monogr>
</biblStruct>

<biblStruct xml:id="b21">
	<analytic>
		<title level="a" type="main">Understanding and evaluating blind deconvolution algorithms</title>
		<author>
			<persName xmlns="http://www.tei-c.org/ns/1.0"><forename type="first">A</forename><surname>Levin</surname></persName>
		</author>
		<author>
			<persName xmlns="http://www.tei-c.org/ns/1.0"><forename type="first">Y</forename><surname>Weiss</surname></persName>
		</author>
		<author>
			<persName xmlns="http://www.tei-c.org/ns/1.0"><forename type="first">F</forename><surname>Durand</surname></persName>
		</author>
		<author>
			<persName xmlns="http://www.tei-c.org/ns/1.0"><forename type="first">W</forename><forename type="middle">T</forename><surname>Freeman</surname></persName>
		</author>
	</analytic>
	<monogr>
		<title level="m">CVPR</title>
		<imprint>
			<date type="published" when="1964" />
			<biblScope unit="page">6</biblScope>
		</imprint>
	</monogr>
</biblStruct>

<biblStruct xml:id="b22">
	<analytic>
		<title level="a" type="main">Efficient marginal likelihood optimization in blind deconvolution</title>
		<author>
			<persName xmlns="http://www.tei-c.org/ns/1.0"><forename type="first">A</forename><surname>Levin</surname></persName>
		</author>
		<author>
			<persName xmlns="http://www.tei-c.org/ns/1.0"><forename type="first">Y</forename><surname>Weiss</surname></persName>
		</author>
		<author>
			<persName xmlns="http://www.tei-c.org/ns/1.0"><forename type="first">F</forename><surname>Durand</surname></persName>
		</author>
		<author>
			<persName xmlns="http://www.tei-c.org/ns/1.0"><forename type="first">W</forename><forename type="middle">T</forename><surname>Freeman</surname></persName>
		</author>
	</analytic>
	<monogr>
		<title level="m">CVPR</title>
		<imprint>
			<date type="published" when="2008" />
			<biblScope unit="page" from="2657" to="2664" />
		</imprint>
	</monogr>
</biblStruct>

<biblStruct xml:id="b23">
	<analytic>
		<title level="a" type="main">Blind deblurring using internal patch recurrence</title>
		<author>
			<persName xmlns="http://www.tei-c.org/ns/1.0"><forename type="first">T</forename><surname>Michaeli</surname></persName>
		</author>
		<author>
			<persName xmlns="http://www.tei-c.org/ns/1.0"><forename type="first">M</forename><surname>Irani</surname></persName>
		</author>
	</analytic>
	<monogr>
		<title level="m">ECCV</title>
		<imprint>
			<date type="published" when="2014" />
			<biblScope unit="page" from="783" to="798" />
		</imprint>
	</monogr>
</biblStruct>

<biblStruct xml:id="b24">
	<analytic>
		<title level="a" type="main">Deblurring face images with exemplars</title>
		<author>
			<persName xmlns="http://www.tei-c.org/ns/1.0"><forename type="first">J</forename><surname>Pan</surname></persName>
		</author>
		<author>
			<persName xmlns="http://www.tei-c.org/ns/1.0"><forename type="first">Z</forename><surname>Hu</surname></persName>
		</author>
		<author>
			<persName xmlns="http://www.tei-c.org/ns/1.0"><forename type="first">Z</forename><surname>Su</surname></persName>
		</author>
		<author>
			<persName xmlns="http://www.tei-c.org/ns/1.0"><forename type="first">M.-H</forename><surname>Yang</surname></persName>
		</author>
	</analytic>
	<monogr>
		<title level="m">ECCV</title>
		<imprint>
			<date type="published" when="2014" />
			<biblScope unit="page" from="47" to="62" />
		</imprint>
	</monogr>
</biblStruct>

<biblStruct xml:id="b25">
	<analytic>
		<title level="a" type="main">Deblurring text images via l0-regularized intensity and gradient prior</title>
		<author>
			<persName xmlns="http://www.tei-c.org/ns/1.0"><forename type="first">J</forename><surname>Pan</surname></persName>
		</author>
		<author>
			<persName xmlns="http://www.tei-c.org/ns/1.0"><forename type="first">Z</forename><surname>Hu</surname></persName>
		</author>
		<author>
			<persName xmlns="http://www.tei-c.org/ns/1.0"><forename type="first">Z</forename><surname>Su</surname></persName>
		</author>
		<author>
			<persName xmlns="http://www.tei-c.org/ns/1.0"><forename type="first">M.-H</forename><surname>Yang</surname></persName>
		</author>
	</analytic>
	<monogr>
		<title level="m">CVPR</title>
		<imprint>
			<date type="published" when="2006" />
			<biblScope unit="volume">7</biblScope>
			<biblScope unit="page" from="2901" to="2908" />
		</imprint>
	</monogr>
</biblStruct>

<biblStruct xml:id="b26">
	<analytic>
		<title level="a" type="main">Total variation blind deconvolution: The devil is in the details</title>
		<author>
			<persName xmlns="http://www.tei-c.org/ns/1.0"><forename type="first">D</forename><surname>Perrone</surname></persName>
		</author>
		<author>
			<persName xmlns="http://www.tei-c.org/ns/1.0"><forename type="first">P</forename><surname>Favaro</surname></persName>
		</author>
	</analytic>
	<monogr>
		<title level="m">CVPR</title>
		<imprint>
			<date type="published" when="2014" />
			<biblScope unit="volume">1</biblScope>
		</imprint>
	</monogr>
</biblStruct>

<biblStruct xml:id="b27">
	<analytic>
		<title level="a" type="main">A logarithmic image prior for blind deconvolution</title>
		<author>
			<persName xmlns="http://www.tei-c.org/ns/1.0"><forename type="first">D</forename><surname>Perrone</surname></persName>
		</author>
		<author>
			<persName xmlns="http://www.tei-c.org/ns/1.0"><forename type="first">P</forename><surname>Favaro</surname></persName>
		</author>
	</analytic>
	<monogr>
		<title level="j">IJCV</title>
		<imprint>
			<biblScope unit="volume">6</biblScope>
			<biblScope unit="issue">1</biblScope>
			<biblScope unit="page" from="1" to="14" />
			<date type="published" when="2015" />
		</imprint>
	</monogr>
</biblStruct>

<biblStruct xml:id="b28">
	<analytic>
		<title level="a" type="main">High-quality motion deblurring from a single image</title>
		<author>
			<persName xmlns="http://www.tei-c.org/ns/1.0"><forename type="first">Q</forename><surname>Shan</surname></persName>
		</author>
		<author>
			<persName xmlns="http://www.tei-c.org/ns/1.0"><forename type="first">J</forename><surname>Jia</surname></persName>
		</author>
		<author>
			<persName xmlns="http://www.tei-c.org/ns/1.0"><forename type="first">A</forename><surname>Agarwala</surname></persName>
		</author>
	</analytic>
	<monogr>
		<title level="j">In ACM Transactions on Graphics</title>
		<imprint>
			<biblScope unit="volume">1</biblScope>
			<biblScope unit="issue">2</biblScope>
			<biblScope unit="page">73</biblScope>
			<date type="published" when="2008" />
		</imprint>
	</monogr>
</biblStruct>

<biblStruct xml:id="b29">
	<analytic>
		<title level="a" type="main">Edge-based blur kernel estimation using patch priors</title>
		<author>
			<persName xmlns="http://www.tei-c.org/ns/1.0"><forename type="first">L</forename><surname>Sun</surname></persName>
		</author>
		<author>
			<persName xmlns="http://www.tei-c.org/ns/1.0"><forename type="first">S</forename><surname>Cho</surname></persName>
		</author>
		<author>
			<persName xmlns="http://www.tei-c.org/ns/1.0"><forename type="first">J</forename><surname>Wang</surname></persName>
		</author>
		<author>
			<persName xmlns="http://www.tei-c.org/ns/1.0"><forename type="first">J</forename><surname>Hays</surname></persName>
		</author>
	</analytic>
	<monogr>
		<title level="m">ICCP</title>
		<imprint>
			<date type="published" when="2006" />
			<biblScope unit="volume">7</biblScope>
			<biblScope unit="page" from="1" to="8" />
		</imprint>
	</monogr>
</biblStruct>

<biblStruct xml:id="b30">
	<analytic>
		<title level="a" type="main">Motion-aware noise filtering for deblurring of noisy and blurry images</title>
		<author>
			<persName xmlns="http://www.tei-c.org/ns/1.0"><forename type="first">Y.-W</forename><surname>Tai</surname></persName>
		</author>
		<author>
			<persName xmlns="http://www.tei-c.org/ns/1.0"><forename type="first">S</forename><surname>Lin</surname></persName>
		</author>
	</analytic>
	<monogr>
		<title level="m">CVPR</title>
		<imprint>
			<date type="published" when="2005" />
			<biblScope unit="volume">7</biblScope>
			<biblScope unit="page" from="17" to="24" />
		</imprint>
	</monogr>
</biblStruct>

<biblStruct xml:id="b31">
	<analytic>
		<title level="a" type="main">Convex matching pursuit for large-scale sparse coding and subset selection</title>
		<author>
			<persName xmlns="http://www.tei-c.org/ns/1.0"><forename type="first">M</forename><surname>Tan</surname></persName>
		</author>
		<author>
			<persName xmlns="http://www.tei-c.org/ns/1.0"><forename type="first">I</forename><forename type="middle">W</forename><surname>Tsang</surname></persName>
		</author>
		<author>
			<persName xmlns="http://www.tei-c.org/ns/1.0"><forename type="first">L</forename><surname>Wang</surname></persName>
		</author>
		<author>
			<persName xmlns="http://www.tei-c.org/ns/1.0"><forename type="first">X</forename><surname>Zhang</surname></persName>
		</author>
	</analytic>
	<monogr>
		<title level="m">AAAI</title>
		<imprint>
			<date type="published" when="2012" />
			<biblScope unit="volume">4</biblScope>
			<biblScope unit="page">5</biblScope>
		</imprint>
	</monogr>
</biblStruct>

<biblStruct xml:id="b32">
	<analytic>
		<title level="a" type="main">Image quality assessment: from error visibility to structural similarity</title>
		<author>
			<persName xmlns="http://www.tei-c.org/ns/1.0"><forename type="first">Z</forename><surname>Wang</surname></persName>
		</author>
		<author>
			<persName xmlns="http://www.tei-c.org/ns/1.0"><forename type="first">A</forename><forename type="middle">C</forename><surname>Bovik</surname></persName>
		</author>
		<author>
			<persName xmlns="http://www.tei-c.org/ns/1.0"><forename type="first">H</forename><forename type="middle">R</forename><surname>Sheikh</surname></persName>
		</author>
		<author>
			<persName xmlns="http://www.tei-c.org/ns/1.0"><forename type="first">E</forename><forename type="middle">P</forename><surname>Simoncelli</surname></persName>
		</author>
	</analytic>
	<monogr>
		<title level="j">IEEE Trans. Image Processing</title>
		<imprint>
			<biblScope unit="issue">7</biblScope>
			<date type="published" when="2004" />
		</imprint>
	</monogr>
</biblStruct>

<biblStruct xml:id="b33">
	<monogr>
		<title level="m" type="main">Deblurring shaken and partially saturated images. IJCV</title>
		<author>
			<persName xmlns="http://www.tei-c.org/ns/1.0"><forename type="first">O</forename><surname>Whyte</surname></persName>
		</author>
		<author>
			<persName xmlns="http://www.tei-c.org/ns/1.0"><forename type="first">J</forename><surname>Sivic</surname></persName>
		</author>
		<author>
			<persName xmlns="http://www.tei-c.org/ns/1.0"><forename type="first">A</forename><surname>Zisserman</surname></persName>
		</author>
		<imprint>
			<date type="published" when="2014" />
		</imprint>
	</monogr>
</biblStruct>

<biblStruct xml:id="b34">
	<monogr>
		<title level="m" type="main">Non-uniform deblurring for shaken images. International journal of computer vision</title>
		<author>
			<persName xmlns="http://www.tei-c.org/ns/1.0"><forename type="first">O</forename><surname>Whyte</surname></persName>
		</author>
		<author>
			<persName xmlns="http://www.tei-c.org/ns/1.0"><forename type="first">J</forename><surname>Sivic</surname></persName>
		</author>
		<author>
			<persName xmlns="http://www.tei-c.org/ns/1.0"><forename type="first">A</forename><surname>Zisserman</surname></persName>
		</author>
		<author>
			<persName xmlns="http://www.tei-c.org/ns/1.0"><forename type="first">J</forename><surname>Ponce</surname></persName>
		</author>
		<imprint>
			<date type="published" when="2012" />
			<biblScope unit="page" from="168" to="186" />
		</imprint>
	</monogr>
</biblStruct>

<biblStruct xml:id="b35">
	<analytic>
		<title level="a" type="main">Revisiting bayesian blind deconvolution</title>
		<author>
			<persName xmlns="http://www.tei-c.org/ns/1.0"><forename type="first">D</forename><surname>Wipf</surname></persName>
		</author>
		<author>
			<persName xmlns="http://www.tei-c.org/ns/1.0"><forename type="first">H</forename><surname>Zhang</surname></persName>
		</author>
	</analytic>
	<monogr>
		<title level="j">The Journal of Machine Learning Research</title>
		<imprint>
			<biblScope unit="page">6</biblScope>
			<date type="published" when="2003" />
		</imprint>
	</monogr>
</biblStruct>

<biblStruct xml:id="b36">
	<analytic>
		<title level="a" type="main">Stochastic blind motion deblurring</title>
		<author>
			<persName xmlns="http://www.tei-c.org/ns/1.0"><forename type="first">L</forename><surname>Xiao</surname></persName>
		</author>
		<author>
			<persName xmlns="http://www.tei-c.org/ns/1.0"><forename type="first">J</forename><surname>Gregson</surname></persName>
		</author>
		<author>
			<persName xmlns="http://www.tei-c.org/ns/1.0"><forename type="first">F</forename><surname>Heide</surname></persName>
		</author>
		<author>
			<persName xmlns="http://www.tei-c.org/ns/1.0"><forename type="first">W</forename><surname>Heidrich</surname></persName>
		</author>
	</analytic>
	<monogr>
		<title level="j">IEEE Trans. Image Processing</title>
		<imprint>
			<biblScope unit="issue">2</biblScope>
			<date type="published" when="2015" />
		</imprint>
	</monogr>
</biblStruct>

<biblStruct xml:id="b37">
	<analytic>
		<title level="a" type="main">Two-phase kernel estimation for robust motion deblurring</title>
		<author>
			<persName xmlns="http://www.tei-c.org/ns/1.0"><forename type="first">L</forename><surname>Xu</surname></persName>
		</author>
		<author>
			<persName xmlns="http://www.tei-c.org/ns/1.0"><forename type="first">J</forename><surname>Jia</surname></persName>
		</author>
	</analytic>
	<monogr>
		<title level="m">ECCV</title>
		<imprint>
			<date type="published" when="2007" />
			<biblScope unit="page" from="157" to="170" />
		</imprint>
	</monogr>
</biblStruct>

<biblStruct xml:id="b38">
	<analytic>
		<title level="a" type="main">Unnatural l0 sparse representation for natural image deblurring</title>
		<author>
			<persName xmlns="http://www.tei-c.org/ns/1.0"><forename type="first">L</forename><surname>Xu</surname></persName>
		</author>
		<author>
			<persName xmlns="http://www.tei-c.org/ns/1.0"><forename type="first">S</forename><surname>Zheng</surname></persName>
		</author>
		<author>
			<persName xmlns="http://www.tei-c.org/ns/1.0"><forename type="first">J</forename><surname>Jia</surname></persName>
		</author>
	</analytic>
	<monogr>
		<title level="m">CVPR</title>
		<imprint>
			<date type="published" when="2006" />
			<biblScope unit="volume">7</biblScope>
			<biblScope unit="page" from="1107" to="1114" />
		</imprint>
	</monogr>
</biblStruct>

<biblStruct xml:id="b39">
	<monogr>
		<title level="m" type="main">Hybrid image deblurring by fusing edge and power spectrum information</title>
		<author>
			<persName xmlns="http://www.tei-c.org/ns/1.0"><forename type="first">T</forename><surname>Yue</surname></persName>
		</author>
		<author>
			<persName xmlns="http://www.tei-c.org/ns/1.0"><forename type="first">S</forename><surname>Cho</surname></persName>
		</author>
		<author>
			<persName xmlns="http://www.tei-c.org/ns/1.0"><forename type="first">J</forename><surname>Wang</surname></persName>
		</author>
		<author>
			<persName xmlns="http://www.tei-c.org/ns/1.0"><forename type="first">Q</forename><surname>Dai</surname></persName>
		</author>
		<idno>ECCV. 2014. 7</idno>
		<imprint/>
	</monogr>
</biblStruct>

<biblStruct xml:id="b40">
	<analytic>
		<title level="a" type="main">Multi-image blind deblurring using a coupled adaptive sparse prior</title>
		<author>
			<persName xmlns="http://www.tei-c.org/ns/1.0"><forename type="first">H</forename><surname>Zhang</surname></persName>
		</author>
		<author>
			<persName xmlns="http://www.tei-c.org/ns/1.0"><forename type="first">D</forename><surname>Wipf</surname></persName>
		</author>
		<author>
			<persName xmlns="http://www.tei-c.org/ns/1.0"><forename type="first">Y</forename><surname>Zhang</surname></persName>
		</author>
	</analytic>
	<monogr>
		<title level="m">CVPR</title>
		<imprint>
			<date type="published" when="2013" />
		</imprint>
	</monogr>
</biblStruct>

<biblStruct xml:id="b41">
	<analytic>
		<title level="a" type="main">Scale adaptive blind deblurring</title>
		<author>
			<persName xmlns="http://www.tei-c.org/ns/1.0"><forename type="first">H</forename><surname>Zhang</surname></persName>
		</author>
		<author>
			<persName xmlns="http://www.tei-c.org/ns/1.0"><forename type="first">J</forename><surname>Yang</surname></persName>
		</author>
	</analytic>
	<monogr>
		<title level="m">NIPS</title>
		<imprint>
			<date type="published" when="2005" />
			<biblScope unit="volume">7</biblScope>
			<biblScope unit="page" from="3005" to="3013" />
		</imprint>
	</monogr>
</biblStruct>

<biblStruct xml:id="b42">
	<analytic>
		<title level="a" type="main">Close the loop: Joint blind image restoration and recognition with sparse representation prior</title>
		<author>
			<persName xmlns="http://www.tei-c.org/ns/1.0"><forename type="first">H</forename><surname>Zhang</surname></persName>
		</author>
		<author>
			<persName xmlns="http://www.tei-c.org/ns/1.0"><forename type="first">J</forename><surname>Yang</surname></persName>
		</author>
		<author>
			<persName xmlns="http://www.tei-c.org/ns/1.0"><forename type="first">Y</forename><surname>Zhang</surname></persName>
		</author>
		<author>
			<persName xmlns="http://www.tei-c.org/ns/1.0"><forename type="first">N</forename><forename type="middle">M</forename><surname>Nasrabadi</surname></persName>
		</author>
		<author>
			<persName xmlns="http://www.tei-c.org/ns/1.0"><forename type="first">T</forename><forename type="middle">S</forename><surname>Huang</surname></persName>
		</author>
	</analytic>
	<monogr>
		<title level="m">ICCV</title>
		<imprint>
			<date type="published" when="2011" />
			<biblScope unit="page" from="770" to="777" />
		</imprint>
	</monogr>
</biblStruct>

<biblStruct xml:id="b43">
	<analytic>
		<title level="a" type="main">Handling noise in single image deblurring using directional filters</title>
		<author>
			<persName xmlns="http://www.tei-c.org/ns/1.0"><forename type="first">L</forename><surname>Zhong</surname></persName>
		</author>
		<author>
			<persName xmlns="http://www.tei-c.org/ns/1.0"><forename type="first">S</forename><surname>Cho</surname></persName>
		</author>
		<author>
			<persName xmlns="http://www.tei-c.org/ns/1.0"><forename type="first">D</forename><surname>Metaxas</surname></persName>
		</author>
		<author>
			<persName xmlns="http://www.tei-c.org/ns/1.0"><forename type="first">S</forename><surname>Paris</surname></persName>
		</author>
		<author>
			<persName xmlns="http://www.tei-c.org/ns/1.0"><forename type="first">J</forename><surname>Wang</surname></persName>
		</author>
	</analytic>
	<monogr>
		<title level="m">CVPR</title>
		<imprint>
			<date type="published" when="2006" />
			<biblScope unit="volume">7</biblScope>
		</imprint>
	</monogr>
</biblStruct>

<biblStruct xml:id="b44">
	<analytic>
		<title level="a" type="main">A map-estimation framework for blind deblurring using high-level edge priors</title>
		<author>
			<persName xmlns="http://www.tei-c.org/ns/1.0"><forename type="first">Y</forename><surname>Zhou</surname></persName>
		</author>
		<author>
			<persName xmlns="http://www.tei-c.org/ns/1.0"><forename type="first">N</forename><surname>Komodakis</surname></persName>
		</author>
	</analytic>
	<monogr>
		<title level="m">ECCV</title>
		<imprint>
			<date type="published" when="2014" />
			<biblScope unit="page" from="142" to="157" />
		</imprint>
	</monogr>
</biblStruct>

<biblStruct xml:id="b45">
	<analytic>
		<title level="a" type="main">Discriminative learning of iteration-wise priors for blind deconvolution</title>
		<author>
			<persName xmlns="http://www.tei-c.org/ns/1.0"><forename type="first">W</forename><surname>Zuo</surname></persName>
		</author>
		<author>
			<persName xmlns="http://www.tei-c.org/ns/1.0"><forename type="first">D</forename><surname>Ren</surname></persName>
		</author>
		<author>
			<persName xmlns="http://www.tei-c.org/ns/1.0"><forename type="first">S</forename><surname>Gu</surname></persName>
		</author>
		<author>
			<persName xmlns="http://www.tei-c.org/ns/1.0"><forename type="first">L</forename><surname>Lin</surname></persName>
		</author>
		<author>
			<persName xmlns="http://www.tei-c.org/ns/1.0"><forename type="first">L</forename><surname>Zhang</surname></persName>
		</author>
	</analytic>
	<monogr>
		<title level="m">CVPR</title>
		<imprint>
			<date type="published" when="2015" />
			<biblScope unit="page" from="3232" to="3240" />
		</imprint>
	</monogr>
</biblStruct>

				</listBibl>
			</div>
		</back>
	</text>
</TEI>
