<?xml version="1.0" encoding="UTF-8"?>
<TEI xml:space="preserve" xmlns="http://www.tei-c.org/ns/1.0" 
xmlns:xsi="http://www.w3.org/2001/XMLSchema-instance" 
xsi:schemaLocation="http://www.tei-c.org/ns/1.0 /mnt/c/Users/pc/Desktop/cs510_proj/grobid-0.5.6/grobid-home/schemas/xsd/Grobid.xsd"
 xmlns:xlink="http://www.w3.org/1999/xlink">
	<teiHeader xml:lang="en">
		<fileDesc>
			<titleStmt>
				<title level="a" type="main">Fine-grained Categorization and Dataset Bootstrapping using Deep Metric Learning with Humans in the Loop</title>
			</titleStmt>
			<publicationStmt>
				<publisher/>
				<availability status="unknown"><licence/></availability>
			</publicationStmt>
			<sourceDesc>
				<biblStruct>
					<analytic>
						<author>
							<persName xmlns="http://www.tei-c.org/ns/1.0"><forename type="first">Yin</forename><surname>Cui</surname></persName>
							<affiliation key="aff0">
								<orgName type="department">Department of Computer Science</orgName>
								<orgName type="institution">Cornell University</orgName>
							</affiliation>
							<affiliation key="aff1">
								<orgName type="department">Cornell Tech</orgName>
							</affiliation>
						</author>
						<author>
							<persName xmlns="http://www.tei-c.org/ns/1.0"><forename type="first">Feng</forename><surname>Zhou</surname></persName>
							<affiliation key="aff2">
								<orgName type="institution">NEC Labs America</orgName>
							</affiliation>
						</author>
						<author role="corresp">
							<persName xmlns="http://www.tei-c.org/ns/1.0"><forename type="first">Yuanqing</forename><surname>Lin</surname></persName>
							<email>ylin@nec-labs.com</email>
							<affiliation key="aff2">
								<orgName type="institution">NEC Labs America</orgName>
							</affiliation>
						</author>
						<author>
							<persName xmlns="http://www.tei-c.org/ns/1.0"><forename type="first">Serge</forename><surname>Belongie</surname></persName>
							<affiliation key="aff0">
								<orgName type="department">Department of Computer Science</orgName>
								<orgName type="institution">Cornell University</orgName>
							</affiliation>
							<affiliation key="aff1">
								<orgName type="department">Cornell Tech</orgName>
							</affiliation>
						</author>
						<title level="a" type="main">Fine-grained Categorization and Dataset Bootstrapping using Deep Metric Learning with Humans in the Loop</title>
					</analytic>
					<monogr>
						<imprint>
							<date/>
						</imprint>
					</monogr>
				</biblStruct>
			</sourceDesc>
		</fileDesc>

		<encodingDesc>
			<appInfo>
				<application version="0.5.6" ident="GROBID" when="2019-12-02T16:40+0000">
					<ref target="https://github.com/kermitt2/grobid">GROBID - A machine learning software for extracting information from scholarly documents</ref>
				</application>
			</appInfo>
		</encodingDesc>		<profileDesc>
			<abstract>
<div xmlns="http://www.tei-c.org/ns/1.0"><p>Existing fine-grained visual categorization methods often suffer from three challenges: lack of training data, large number of fine-grained categories, and high intraclass vs. low inter-class variance. In this work we propose a generic iterative framework for fine-grained categorization and dataset bootstrapping that handles these three challenges. Using deep metric learning with humans in the loop, we learn a low dimensional feature embedding with anchor points on manifolds for each category. These anchor points capture intra-class variances and remain discriminative between classes. In each round, images with high confidence scores from our model are sent to humans for labeling. By comparing with exemplar images, labelers mark each candidate image as either a "true positive" or a "false positive." True positives are added into our current dataset and false positives are regarded as "hard negatives" for our metric learning model. Then the model is retrained with an expanded dataset and hard negatives for the next round. To demonstrate the effectiveness of the proposed framework, we bootstrap a fine-grained flower dataset with 620 categories from Instagram images. The proposed deep metric learning scheme is evaluated on both our dataset and the CUB-200-2001  Birds dataset. Experimental evaluations show significant performance gain using dataset bootstrapping and demonstrate state-of-the-art results achieved by the proposed deep metric learning methods.</p></div>
			</abstract>
		</profileDesc>
	</teiHeader>
	<text xml:lang="en">
		<body>
<div xmlns="http://www.tei-c.org/ns/1.0"><head n="1.">Introduction</head><p>Fine-grained visual categorization (FGVC) has received increased interest from the computer vision community in recent years. By definition, FGVC, as a sub-field of object recognition, aims to distinguish subordinate categories within an entry-level category. For example, in fine-grained flower categorization <ref type="bibr" target="#b32">[33,</ref><ref type="bibr" target="#b33">34,</ref><ref type="bibr" target="#b2">3]</ref>, we want to identify the species of a flower in an image, such as "nelumbo nucifera  <ref type="figure">Figure 1</ref>. Overview of the proposed framework. Using deep metric learning with humans in the loop, we learn a low dimensional feature embedding for each category that can be used for fine-grained visual categorization and iterative dataset bootstrapping.</p><p>(lotus flower)," "tulip" or "cherry blossom." Other examples include classifying different types of plants <ref type="bibr" target="#b27">[28]</ref>, birds <ref type="bibr" target="#b6">[7,</ref><ref type="bibr" target="#b5">6]</ref>, dogs <ref type="bibr" target="#b23">[24]</ref>, insects <ref type="bibr" target="#b29">[30]</ref>, galaxies <ref type="bibr" target="#b12">[13,</ref><ref type="bibr" target="#b10">11]</ref>; recognizing brand, model and year of cars <ref type="bibr" target="#b25">[26,</ref><ref type="bibr" target="#b45">46,</ref><ref type="bibr" target="#b47">48]</ref>; and face identification <ref type="bibr" target="#b38">[39,</ref><ref type="bibr" target="#b35">36]</ref>. Most existing FGVC methods fall into a classical twostep scheme: feature extraction followed by classification <ref type="bibr" target="#b0">[1,</ref><ref type="bibr" target="#b4">5,</ref><ref type="bibr" target="#b7">8,</ref><ref type="bibr" target="#b34">35]</ref>. Since these two steps are independent, the performance of the whole system is often suboptimal compared with an end-to-end system using Convolutional Neural Networks (CNN) that can be globally optimized via back-propagation <ref type="bibr" target="#b5">[6,</ref><ref type="bibr" target="#b49">50,</ref><ref type="bibr" target="#b24">25,</ref><ref type="bibr" target="#b31">32]</ref>. Therefore, in this work, we focus on developing an end-to-end CNN-based method for FGVC. However, compared with general purpose visual categorization, there are three main challenges arising when  <ref type="figure">Figure 2</ref>. Simple appearance based methods will likely find incorrect groups for two visually similar categories. A successful FGVC approach should be able to deal with the challenge of high intra-class vs. low inter-class variance.</p><p>using such end-to-end CNN-based systems for FGVC.</p><p>Firstly, lack of training data. Current commonly used CNN architectures such as AlexNet <ref type="bibr" target="#b26">[27]</ref>, VGGNet <ref type="bibr" target="#b36">[37]</ref>, GoogLeNet-Inception <ref type="bibr" target="#b37">[38]</ref> and ResNet <ref type="bibr" target="#b18">[19]</ref> have large numbers of parameters that require vast amounts of training data to achieve reasonably good performance. Commonly used FGVC databases <ref type="bibr" target="#b33">[34,</ref><ref type="bibr" target="#b6">7,</ref><ref type="bibr" target="#b23">24,</ref><ref type="bibr" target="#b25">26]</ref>, however, are relatively small, typically with less than a few tens of thousands of training images.</p><p>Secondly, compounding the above problem, FGVC can involve large numbers of categories. For example, arguably, it is believed that there are more than 400, 000 species of flowers in the world <ref type="bibr" target="#b22">[23]</ref>. As a point of reference, modern face identification systems need to be trained on face images coming from millions of different identities (categories). In such scenarios, the final fully connected layer of a CNN before the softmax layer would contain too many nodes, thereby making the training infeasible.</p><p>Lastly, high intra-class vs. low inter-class variance. In FGVC, we confront two somewhat conflicting requirements: distinguishing visually similar images from different categories while allowing reasonably large variability (pose, color, lighting conditions, etc.) within a category. As an example illustrated in <ref type="figure">Fig. 2</ref>, images from different categories could have similar shape and color. On the other hand, sometimes images within same category can be very dissimilar due to nuisance variables. In such a scenario, since approaches that work well on generic image classification often focus on inter-class differences rather than intra-class variance, directly applying them to FGVC could make visually similar categories hard to be distinguished.</p><p>In this paper, we propose a framework that aims to address all three challenges. We are interested in the following question: given an FGVC task with its associated training and test set, are we able to improve the performance by bootstrapping more training data from the web? In light of this, we propose a unified framework using deep metric learning with humans in the loop, illustrated in <ref type="figure">Fig. 1</ref>.</p><p>We use an iterative approach for dataset bootstrapping and model training. In each round, the model trained from last round is used to generate fine-grained confidence scores (probability distribution) for all the candidate images on categories. Only images with highest confidence score larger than a threshold are kept and put into the corresponding category. Then, for each category, by comparing with exemplar images and category definitions, human labelers remove false positives (hard negatives). Images that pass the human filtering will be included into the dataset as new (vetted) data. Finally, we re-train our classification model by incorporating newly added data and also leveraging the hard negatives marked by human labelers. The updated model will be used for the next round of dataset bootstrapping. Although we focus on flower categorization in this work, the proposed framework is applicable to other FGVC tasks.</p><p>In order to capture within-class variance and utilize hard negatives as well, we propose a triplet-based deep metric learning approach for model training. A novel metric learning approach enables us to learn low-dimensional manifolds with multiple anchor points for each fine-grained category. These manifolds capture within-category variances and remain discriminative to other categories. The data can be embedded into a feature space with dimension much lower than the number of categories. During the classification, we generate the categorical confidence score by using multiple anchor points located on the manifolds.</p><p>In summary, the proposed framework handles all three challenges in FGVC mentioned above. Using the proposed framework, we are able to grow our training set and get a better fine-grained classifier as well.</p></div>
<div xmlns="http://www.tei-c.org/ns/1.0"><head n="2.">Related Work</head><p>Fine-Grained Visual Categorization (FGVC). Many approaches have been proposed recently for distinguishing between fine-grained categories. Most of them <ref type="bibr" target="#b0">[1,</ref><ref type="bibr" target="#b4">5,</ref><ref type="bibr" target="#b7">8,</ref><ref type="bibr" target="#b34">35]</ref> use two independent steps: feature extraction and classification. Fueled by the recent advances in Convolutional Neural Networks (CNN) <ref type="bibr" target="#b26">[27,</ref><ref type="bibr" target="#b15">16]</ref>, researchers have gravitated to CNN features <ref type="bibr" target="#b5">[6,</ref><ref type="bibr" target="#b49">50,</ref><ref type="bibr" target="#b24">25,</ref><ref type="bibr" target="#b34">35,</ref><ref type="bibr" target="#b31">32]</ref> rather than traditional hand-crafted features such as LLC <ref type="bibr" target="#b1">[2]</ref> or Fisher Vectors <ref type="bibr" target="#b13">[14]</ref>. Sometimes, the information from segmentation <ref type="bibr" target="#b24">[25]</ref>, part annotations <ref type="bibr" target="#b5">[6]</ref>, or both <ref type="bibr" target="#b7">[8]</ref> is also used during the feature extraction. Current state-of-the-art methods <ref type="bibr" target="#b5">[6,</ref><ref type="bibr" target="#b49">50,</ref><ref type="bibr" target="#b24">25,</ref><ref type="bibr" target="#b31">32]</ref> all adopt CNN-based end-to-end schemes that learn feature representations from data directly for classification. Although our method also draws upon a CNNbased scheme, there are two major differences. 1) Rather than using softmax loss, we aim to find a low-dimensional feature embedding for classification. 2) We incorporate humans into the training loop, with the human-provided input contributing to the training of our model.</p><p>Fine-Grained Visual Datasets. Popular fine-grained visual datasets <ref type="bibr" target="#b33">[34,</ref><ref type="bibr" target="#b42">43,</ref><ref type="bibr" target="#b23">24,</ref><ref type="bibr" target="#b25">26]</ref> are relatively small scale, typically consisting of around 10 thousand training images or less. There are some efforts recently in building large-scale fine-grained datasets <ref type="bibr" target="#b39">[40,</ref><ref type="bibr" target="#b47">48]</ref>. We differ from these efforts both in terms of our goal and our approach. Instead of building a dataset from scratch, we aim to bootstrap more training data to enlarge the existing dataset we have. In addition, instead of human labeling, we also use a classifier to help during the dataset bootstrapping. The most similar work in terms of dataset bootstrapping comes from Yu et al. <ref type="bibr" target="#b48">[49]</ref>, which builds a large-scale scene dataset with 10 common categories using deep learning with humans in the loop. However, we are bootstrapping a fine-grained dataset with much more categories (620). Moreover, instead of a dataset, we can also get a model trained with combined human-machine efforts.</p><p>Deep Metric Learning. Another line of related work is metric learning with CNNs using pairwise <ref type="bibr" target="#b9">[10,</ref><ref type="bibr" target="#b17">18]</ref> or triplet constraints <ref type="bibr" target="#b43">[44,</ref><ref type="bibr" target="#b35">36,</ref><ref type="bibr" target="#b20">21]</ref>. The goal is to use a CNN with either pairwise (contrastive) or triplet loss to learn a feature embedding that captures the semantic similarity among images. Compared with traditional metric learning methods that rely on hand-crafted features <ref type="bibr" target="#b46">[47,</ref><ref type="bibr" target="#b16">17,</ref><ref type="bibr" target="#b44">45,</ref><ref type="bibr" target="#b8">9]</ref>, deep metric learning directly learns from data and achieves much better performance. Recently, it has been successfully applied to variety of problems including face recognition and verification <ref type="bibr" target="#b38">[39,</ref><ref type="bibr" target="#b35">36]</ref>, image retrieval <ref type="bibr" target="#b43">[44]</ref>, semantic hashing <ref type="bibr" target="#b28">[29]</ref>, product design <ref type="bibr" target="#b3">[4]</ref>, geo-localization <ref type="bibr" target="#b30">[31]</ref> and style matching <ref type="bibr" target="#b40">[41]</ref>. In contrast with previous methods, we propose a novel strategy that enables the learning of continuous manifolds. In addition, we also bring humans in the loop and leverage their inputs during metric learning.</p></div>
<div xmlns="http://www.tei-c.org/ns/1.0"><head n="3.">Dataset Bootstrapping</head><p>One of the main challenges in fine-grained visual recognition is the scarcity of training data. Labeling of finegrained categories is tedious because it calls for experts with specialized domain knowledge. This section presents a bootstrapping framework on how to grow a small scale, fine-grained dataset in an efficient manner.</p></div>
<div xmlns="http://www.tei-c.org/ns/1.0"><head n="3.1.">Discovering Candidate Images</head><p>In this first step, we wish to collect a large pool of candidate images for fine-grained subcategories under a coarse category, e.g., flowers. The most intuitive way to crawl images could resort to image search engines like Google or Bing. However, those returned images are often iconic, presenting a single, centered object with a simple background, which is not representative of natural conditions.</p><p>On the other hand, with the prevalence of powerful personal cameras and social networks, people capture their day-to-day photos and share them via platforms like Instagram or Flickr. Those natural images uploaded by web users offer us a rich source of candidate images, often with tags that hint at the semantic content. So if we search "flower" on Instagram, a reasonable portion of returned im-ages should be flower images. Naturally, we will need a filtering process to exclude the non-flower images.</p><p>We first downloaded two million images tagged with "flower" via the Instagram API. To remove the images that clearly contain no flowers, we pre-trained a flower classifier based on GoogLeNet-Inception <ref type="bibr" target="#b37">[38]</ref> with 70k images. By feeding all the downloaded images to this classifier, we retained a set of nearly one million images, denoted as C, with confidence score larger than 0.5.</p></div>
<div xmlns="http://www.tei-c.org/ns/1.0"><head n="3.2.">Dataset Bootstrapping with Combined Human-Machine Efforts</head><p>Given an initial fine-grained dataset S 0 of N categories and a candidate set C, the goal of dataset bootstrapping is to select a subset S of the images from C that match with the original N categories. We divided the candidate set into a list of k subsets: C = C 1 ∪ C 2 ∪ · · · ∪ C k and used an iterative approach for dataset bootstrapping with k iterations in total.</p><p>Each iteration consists of three steps. Consider the i-th iteration. First, we trained a CNN-based classifier (see Sec. 4) using the seed dataset S i−1 ∪H i−1 , where H i−1 contains the hard negatives from the previous step. Second, using this classifier, we assigned each candidate image x ∈ C i to one of the N categories. Images with confidence score larger than 0.5 form a high quality candidate set D i ⊂ C i for the original N categories. Third, we asked human labelers with domain expertise to identify true positives T i and false positives F i , where T i ∪ F i = D i . Exemplar images and category definitions were shown to the labelers.</p><p>Compared to the traditional process requiring the labeler to select one of N categories per image, we asked labelers to focus on a binary decision task which entails significantly less cognitive load. Noting that these false positives F i are very similar to ground-truths, we regard them as hard negatives H i ← H i−1 ∪ F i . True positives were also included to expand our dataset: S i ← S i−1 ∪ T i for the next iteration.</p><p>It is worth mentioning this bootstrapping framework is similar in spirit to the recent work <ref type="bibr" target="#b41">[42,</ref><ref type="bibr" target="#b19">20]</ref> that used semiautomatic crowdsourcing strategy to collect and annotate videos. However, the key difference is we design a deep metric learning method (see Sec. 4) that specifically makes the use of the large number of hard negatives H i in each iteration.</p></div>
<div xmlns="http://www.tei-c.org/ns/1.0"><head n="4.">Deep Metric Learning for FGVC</head><p>We frame our problem as a deep metric learning task. We choose metric learning for mainly two reasons. First, compared with classic deep networks that use softmax loss in training, metric learning enables us to find a lowdimensional embedding that can well capture high intraclass variance. Second, metric learning is a good way to leverage human-labeled hard negatives. It is often difficult to get categorical labels for these hard negatives.  They could belong to flower species outside the dataset, or non-flower images. Therefore, directly incorporating human-labeled hard negatives into a multi-way classification scheme such as softmax is infeasible, while it is quite natrual to include them into the metric learning. <ref type="figure" target="#fig_3">Fig. 3</ref> illustrates the differences between CNN with softmax and CNN for metric learning in 3-dimensional feature space. In order to minimize softmax loss, we try to map all images within the same category to a single point in feature space, which loses the intra-class variance. In this figure, we try to map category c 1 to [1, 0, 0] ⊤ , c 2 to [0, 1, 0] ⊤ and c 3 to [0, 0, 1] ⊤ , respectively. We need N nodes in final feature layer to represent N categories. However, in metric learning, we can learn manifolds and the dimensionality of the feature layer could be much smaller than N . In addition, the manifold can preserve useful intra-class variances such as color and pose.</p><p>Our goal is to learn a non-linear low-dimensional feature embedding f (·) via CNN, such that given two images x and y, the Euclidean distance between f (x) and f (y) can reflect their semantic dissimilarity (whether they come from same category or not). Typically, people use pairwise or triplet information to learn the feature embedding.</p><p>In the pairwise case <ref type="bibr" target="#b9">[10,</ref><ref type="bibr" target="#b17">18]</ref>, f (·) is learned from a set of image pairs {(x i , y i )} with corresponding labels {l i } indicating whether x i and y i is similar. In the triplet case <ref type="bibr" target="#b43">[44,</ref><ref type="bibr" target="#b20">21]</ref>, f (·) is learned from a set of image triplets {(x, x p , x n )}, which constrains the reference image x to be more similar with the image x p of the same category compared with any image x n of different class. We can see triplet constraints offer more fine-grained information: by making use of relative comparisons it is adaptive to differing granularity of similarity while the pairwise counterpart is not. We therefore use triplet information to develop an end-to-end CNN-based approach for FGVC.</p></div>
<div xmlns="http://www.tei-c.org/ns/1.0"><head n="4.1.">Triplet-based Deep Metric Learning</head><p>The triplet-based deep metric learning framework is illustrated in <ref type="figure">Fig. 4</ref>. In each iteration, the input triplet (x, x p , x n ) is sampled from the training set, where image  <ref type="figure">Figure 4</ref>. Triplet-based deep metric learning. In the input triplet, image x is closer to xp than it is to xn. We train a CNN to preserve this relative ordering under feature embedding f (·).</p><p>x is more similar to x p relative to x n . Then the triplet of three images are fed into an identical CNN simultaneously to get their non-linear feature embeddings f (x), f (x p ) and f (x n ). The CNN could be any arbitrary architecture such as AlexNet <ref type="bibr" target="#b26">[27]</ref>, VGGNet <ref type="bibr" target="#b36">[37]</ref> or GoogLeNet-Inception <ref type="bibr" target="#b37">[38]</ref>. Since we need to compute the distances in feature space, all the features should be normalized to eliminate the scale differences. We use L 2 -normalization for this pur-</p><formula xml:id="formula_0">pose: f (x) ← f (x) √ f (x) ⊤ f (x)</formula><p>.</p><p>We use the triplet loss same as Wang et al. <ref type="bibr" target="#b43">[44]</ref> used, which can be expressed as</p><formula xml:id="formula_1">L triplet (x, x p , x n ) = max 0, f (x) − f (x p ) 2 2 − f (x) − f (x n ) 2 2 + m</formula><p>(1) where m is a hyper-parameter that controls the distance margin after the embedding. This hinge loss function will produce a non-zero penalty of f (</p><formula xml:id="formula_2">x) − f (x p ) 2 2 − f (x) − f (x n ) 2</formula><p>2 + m if the L 2 distance between x and x n is smaller than the L 2 distance between x and x p adding a margin m in feature space:</p><formula xml:id="formula_3">f (x) − f (x n ) 2 2 &lt; f (x) − f (x p ) 2 2 + m.</formula><p>The loss will be back propagated to each layer of the CNN and their corresponding parameters are updated through stochastic gradient descent.</p></div>
<div xmlns="http://www.tei-c.org/ns/1.0"><head n="4.2.">Training from Hard Negatives</head><p>The most challenging part of training a triplet-based CNN lies in the triplet sampling. Since there are O(n 3 ) possible triplets on a dataset with n training data, going through all of them would be impractical for large n. A good triplet sampling strategy is needed to make training feasible.</p><p>We observed that during training, if we use randomly sampled triplets, many of them satisfy the triplet constraint well and give nearly zero loss in Eqn. 1. That is, those easy triplets have no effect in updating model parameters but we waste our time and resources in passing them through the network. This makes the training process extremely inefficient and unstable: only few examples make contributions to the training within a batch.</p><p>Therefore, we use an online hard negatives mining scheme: only train on those triplets that violate the triplet constraint and give non-zero loss will be included into the training. Why not simply train from the hardest negatives, i.e., triplets with the largest</p><formula xml:id="formula_4">f (x) − f (x p ) 2 2 − f (x) − f (x n ) 2 2 ?</formula><p>Because there are noisy data in the training set and trying to satisfy them ruins the overall performance. A similar scenario was also reported in <ref type="bibr" target="#b35">[36]</ref>.</p><p>In our framework, instead of using images coming from categories that are different from the reference image, we also incorporate false positives marked by human labelers as hard negative candidates. Those false positives are all misclassified by our model and thus provide us access to an excellent source of hard negatives.</p></div>
<div xmlns="http://www.tei-c.org/ns/1.0"><head n="4.3.">Learning Manifolds</head><p>Typically, given the reference image x, the positive image x p is sampled from all images within the same category as x. Suppose we have a training set with n images {x i } with labels {C(x i )} from K categories, where i = 1, 2, . . . , n and C(x i ) ∈ {1, 2, . . . , K}. In this setting, considering a reference image x within a fine-grained category, suppose the maximum between-class distance for x in feature space is bounded by D. That is, f (x) − f (x n ) 2 ≤ D, ∀ C(x n ) = C(x). In order to have 0 triplet loss for the reference image x, we need f (</p><formula xml:id="formula_5">x) − f (x p ) 2 2 ≤ f (x) − f (x n ) 2 2 − m, ∀ C(x p ) = C(x), C(x n ) = C(x). Therefore, ∀ x i , x j where C(x i ) = C(x j ) = C(x), f (x i ) − f (x j ) 2 2 ≤ f (x) − f (x i ) 2 2 + f (x) − f (x j ) 2 2 ≤ 2(D 2 − m)</formula><p>(2) The squared within-class pairwise distance is bounded by 2(D 2 − m). Thus, by using triplet loss with positives sampled from all images in the same class, we are trying to map all images within that class into a hypersphere with radius</p><formula xml:id="formula_6">r = √ 2(D 2 −m) 2 .</formula><p>In FGVC, between-class distances could be very small compared with the within-class distances. In such a scenario, D 2 − m could be very close to or even less than 0, which makes the training process very difficult.</p><p>However, if we only force positives to be close to the reference locally, we are able to learn an extended manifold rather than a contracted sphere. As illustrated in <ref type="figure" target="#fig_5">Fig. 5</ref>, as the considered local positive region grows, the learned manifold will be increasingly contracted, eventually becoming a sphere when using all positives within the same category. The triplet sampling strategy we used is summarized in <ref type="figure" target="#fig_6">Fig. 6</ref>. Given a reference image x (in the blue bounding box) we sample positive images {x p } (in the green bounding boxes) from the local region inside the same category. Negative images {x n } are sampled from different categories but we only keep those hard negatives (marked by red bounding boxes): negatives that violate the triplet constraint with respect to the positives we chose.</p></div>
<div xmlns="http://www.tei-c.org/ns/1.0"><head n="4.4.">Classification</head><p>After the manifold learning step, we adopt a soft voting scheme using anchor points on manifolds for classification. For each category, the anchor points are generated by Kmeans clustering on the training set in feature space. Suppose we have N categories and each category has K anchor points. The j-th anchor point for category i is represented as u ij , where i = 1, 2, . . . , N , j = 1, 2, . . . , K. Given an input query image x, we first extract its feature embedding f (x) from our network, then the confidence score for category i is generated as</p><formula xml:id="formula_7">p i = K j=1 e −γ f (x)−uij 2 2 N l=1 k j=1 e −γ f (x)−u lj 2 2 (3)</formula><p>The predicted label of x is the category with the highest confidence score: argmax i p i . γ is a parameter controlling the "softness" of label assignment and closer anchor points play more significant roles in soft voting. If γ → ∞, only the nearest anchor point is considered and the predicted label is "hard" assigned to be the same as the nearest anchor point. On the other hand, if γ → 0, all the anchor points are considered to have the same contribution regardless of their distances between f (x).</p><p>Notice that during the prediction, the model is pretrained offline and all the anchor points are calculated offline. Therefore, given a query image, we only need a single forward pass in our model to extract the features. Since we have learned a low-dimensional embedding, computing the distances between features and anchor points in lowdimensional space is very fast.</p></div>
<div xmlns="http://www.tei-c.org/ns/1.0"><head n="4.5.">Learning Anchor Points</head><p>As we just described, after metric learning, we use Kmeans to generate anchor points for representing manifolds and prediction. This could lead to suboptimal performance. In fact, we can go one step further to directly learn anchor points by including soft voting into our triplet-based metric learning model, which is illustrated in <ref type="figure" target="#fig_7">Fig. 7</ref>. For simplicity, the data part is not shown.</p><p>In contrast to the previous model in <ref type="figure">Fig. 4</ref> that uses only triplet information, we also leverage the category label C(x) for the reference image x and learn anchor points for classification. We can generate confidence scores p i for f (x) using anchor points {u ij } by soft voting in Eqn. 3. The classification loss we used is logistic loss on top of confidence score:</p><formula xml:id="formula_8">L classif ication (x, {u ij }, C(x)) = − log(p C(x) )<label>(4)</label></formula><p>where p C(x) is given in Eqn. 3 by substituting i with C(x). If we have very high confidence score on the true category, p C(x) → 1, then the loss will be very small:</p><formula xml:id="formula_9">L classif ication → 0.</formula><p>The overall loss is the weighted sum of triplet and classification loss:</p><formula xml:id="formula_10">L = ωL triplet + (1 − ω)L classif ication<label>(5)</label></formula><p>During training, the loss will be back-propagated to both CNN and anchor points. Anchor point u ij will be updated based on the gradient of the loss with respect to u ij : ∂L ∂uij . Since we combine both triplet and categorical information and also learn anchor points directly for classification, we can expect better performance over the triplet-based model.</p></div>
<div xmlns="http://www.tei-c.org/ns/1.0"><head n="5.">Experimental Evaluation</head><p>In this section, we present experiments to evaluate the proposed deep metric learning approach against traditional two-step metric learning using deep features and commonly used softmax loss on our flower dataset and another publicly available dataset. We also evaluate the effectiveness of dataset bootstrapping and training with humans in the loop.</p></div>
<div xmlns="http://www.tei-c.org/ns/1.0"><head n="5.1.">Experiments Setup</head><p>We compare the performance of the proposed deep metric learning approach with the following baselines: (1) Softmax loss for classification (Softmax). The most commonly used scheme in general purpose image classification. The deep network is trained from data with categorical label using softmax loss. We can get label prediction directly from the network output. (2) Triplet loss with naive sampling (Triplet-Naive). The architecture illustrated in <ref type="figure">Fig.  4</ref> with randomly sampled triplets: given a reference image, the triplet is formed by randomly sampling a positive from same category and a negative from different category. Those triplets are directly fed into triplet network. During testing, we use the classification scheme described in Sec. <ref type="figure">HN)</ref>. As discussed in Sec. 4.2, instead of feeding all the triplets into the network, we only keep those hard negatives that violate triplet constraint. (4) Triplet loss with manifold learning (Triplet-M). As mentioned in Sec. 4.3, the positives are sampled locally with respect to the reference image from same category. (5) Triplet loss with anchor points learning (Triplet-A). We combine anchor points learning with triplet network as illustrated in <ref type="figure" target="#fig_7">Fig. 7</ref>. During testing, the network directly output label prediction based on confidence scores. In addition, we also compared with state-ofthe art FGVC approaches on publicly available dataset.</p></div>
<div xmlns="http://www.tei-c.org/ns/1.0"><head n="4.4.">(3) Triplet loss with hard negative mining (Triplet-</head><p>Since the network is trained via stochastic gradient descent, in order to do online sampling of triplets, we need to extract features on the entire training set, which is certainly inefficient if we do it for each iteration. Therefore, as a trade-off, we adopt a quasi-online sampling strategy: after every 1, 000 iterations, we pause the training process and extract features on the training set, then based on their euclidean distances in feature space, we do triplet sampling (local positives and hard negatives) to generate a list of triplets for next 1, 000 iterations and resume the training process using the newly sampled triplets.</p><p>The CNN architecture we used is GoogLeNet-Inception <ref type="bibr" target="#b37">[38]</ref>, which achieved state-of-the-art performance in largescale image classification on ImageNet <ref type="bibr" target="#b11">[12]</ref>. All the baseline models are trained with fine-tuning using pre-trained GoogleNet-Inception on ImageNet dataset.</p><p>We used Caffe <ref type="bibr" target="#b21">[22]</ref>, an open source deep learning framework, for the implementation and training of our networks. The models are trained on NVIDIA Tesla K80 GPUs. The training process typically took about 5 days on a single GPU to finish 200, 000 iterations with 50 triplets in a batch per each iteration.</p></div>
<div xmlns="http://www.tei-c.org/ns/1.0"><head n="5.2.">Deep Metric Learning</head><p>We evaluate the baselines on our flower dataset and publicly available CUB-200 Birds dataset <ref type="bibr" target="#b42">[43]</ref>. There are several parameters in our model and the best values are found through cross-validation. For all the following experiments on both dataset, we set the margin m in triplet loss to be 0.2; the feature dimension for f (·) to be 64; the number of anchor points per each category K to be 3; the γ in soft voting to be 5. We set ω = 0.1 to make sure that the triplet loss term and the classification loss term in Eqn. 5 have comparable scale. For the size of positive sampling region, we set it to be 60% of nearest neighbors within same category. The effect of positive sampling region size will also be presented later in this section.</p><p>Flowers-620. flowers-620 is the dataset we collected and used for dataset bootstrapping, which contains 20, 211 images from 620 flower species, in which 15, 437 images are used for training. The performance comparison of mean accuracy is summarized in <ref type="table">Tab</ref> From the results, we have the following observations: (1) Triplet-Naive, which uses randomly offline sampling, performed much worse compared with other triplet baselines, which clearly shows the importance of triplet sampling in training. (2) Accuracy increases from Triplet-HN to Triplet-M, showing the effectiveness of learning a better manifolds with local positive sampling. (3) Triplet-A performed best and achieved higher accuracy than Softmax. This verifies our intuition that fine-grained categories often have high intra-class difference and such within-class variance can be well captured by learning manifolds with multiple anchor points. In this way, even in a much lower dimensional feature space, the discrimination of the data can still be well preserved. While in Softmax, we are trying to map all the data within a category to a single point in feature space, which fails to capture the within-class structure well.</p><p>Birds-200. birds-200 is the Caltech-UCSD Birds-200-2011 data set for fine-grained birds categorization. There are 11, 788 images from 200 bird species. Each category has around 30 images for training. In training and testing, we use the ground truth bounding boxes to crop the images before feeding them to the network. The performance comparison is summarized in Tab. 2.</p></div>
<div xmlns="http://www.tei-c.org/ns/1.0"><head>Method (feature dimension) Accuracy (%)</head><p>Alignments <ref type="bibr" target="#b14">[15]</ref> 67.0 MsML <ref type="bibr" target="#b34">[35]</ref> 67.9 Symbiotic* <ref type="bibr" target="#b7">[8]</ref> 69.5 POOF* <ref type="bibr" target="#b4">[5]</ref> 73.3 PB R-CNN* <ref type="bibr" target="#b49">[50]</ref> 82.0 B-CNN <ref type="bibr" target="#b31">[32]</ref> 85.1 PNN* <ref type="bibr" target="#b5">[6]</ref> 85. Similar to what we just observed in flowers-620, experiment results verify the effectiveness of proposed methods. We also compared to recent state-of-the-art approaches for fine-grained categorization. Notice that we outperformed MsML <ref type="bibr" target="#b34">[35]</ref> by a significant margin, which is a state-of-theart metric learning method for FGVC. Although our method performed worse than the recent proposed B-CNN <ref type="bibr" target="#b31">[32]</ref>, we were able to achieve either better or comparable results with those state-of-the-arts using ground truth part annotations during training and testing.</p><p>We also evaluate the effect of local positive sampling region size. As we mentioned earlier in Sec. 4.3, the size of local positive sampling region controls the shape of manifolds. We want to learn manifolds that can capture within-class variance well but not too spread out to lose the between-class discriminations. <ref type="figure" target="#fig_8">Fig. 8</ref> shows the mean accuracy with varying local positive sampling region using Triplet-M. Using 60% of nearest neighbors for positive sampling gives best results on both flowers-620 and birds-200.</p></div>
<div xmlns="http://www.tei-c.org/ns/1.0"><head n="5.3.">Dataset Bootstrapping</head><p>During dataset bootstrapping, other than true positives that passed human filtering and included into our dataset, plenty of false positives were marked by human labelers. Those false positives are perfect hard negatives in our metric learning framework. Therefore, we combined these human labeled hard negatives with negatives from other categories that violate triplet constraint during triplet sampling. We sampled same number of human-labeled hard negatives as the hard negatives from other categories.</p><p>With the proposed framework, we included 11, 567 Instagram flower images into our database, which almost doubles the size of our training images to 27, 004. At the same time, we also get 240, 338 hard negatives from labelers. We call this new dataset flowers-620 + Ins and will use it for the evaluation of dataset bootstrapping. Notice that the test set in flowers-620 + Ins remains same as flowers-620.</p><p>For best quality, currently we only use in-house labelers. Our framework could be deployed to crowdsourced labeling platforms like Amazon Mechanical Turk, bit with good quality control schemes.</p><p>We show that by dataset bootstrapping with humans in the loop, we are able to get a better model using the proposed metric learning approach. For a fair comparison, we also include two baselines that enable hard negatives to be utilized in softmax scheme: (1) SoftMax with all hard negatives as a single novel category (Softmax + HNS). The model is trained with one additional hard negative category.</p><p>(2) SoftMax with hard negatives as multiple novel categories (Softmax + HNM). In this setting, instead of mixing all hard negatives as a single category, we regard hard negatives for different flower categories as different novel categories. The model is trained with data from 620 × 2 = 1240 categories, from which 620 of them are category-specific hard negatives. To make the number of flower images and hard negatives to be balanced in each batch during training, the number of epochs we go through on all hard negatives is set to be 10% of 620 flower categories. In testing, only confidence scores from 620 flower categories will be considered for both baselines. The experiment results on flowers-620 + Ins are shown in Tab. 3.</p><p>Compared with results in Tab. 1, we got 6.9% improvement by dataset bootstrapping. If we look at the breakdown, 3.4% came from the newly added Instagram training images and 3.5% came from human labeled hard negatives, indicating hard negatives has similar importance as positive images. On the other hand, Softmax only gained 1.9% by using hard negatives, which verifies our intuition  <ref type="table">Table 3</ref>. Performance comparison on flowers-620 + Ins. that the triplet network is a better choice for utilizing hard negatives. The proposed framework fully utilizes combined human-machine efforts to enlarge the dataset as well as train a better model.</p></div>
<div xmlns="http://www.tei-c.org/ns/1.0"><head n="5.4.">Visualization of Embedding</head><p>For qualitative evaluation purpose, in <ref type="figure" target="#fig_9">Fig. 9</ref>, we show the 2-dimensional embedding of flower-620 training set using PCA on features extracted from the trained Triplet-A model. Within the zoomed in regions, we can observe the effectiveness of our method in capturing high intra-class variances. For example, flowers from same category with different colors are mapped together in upper right and lower right regions.</p></div>
<div xmlns="http://www.tei-c.org/ns/1.0"><head n="6.">Conclusion and Discussion</head><p>In this work, we have presented an iterative framework for fine-grained visual categorization and dataset bootstrapping based on a novel deep metric learning approach with humans in the loop. Experimental results have validated the effectiveness of our framework. We train our model mainly based on triplet information. Although we adopt an effective and efficient online triplet sampling strategy, the training process could still be slow, which is a limitation of our method. Some future work directions could be discovering and labeling novel categories during dataset bootstrapping with a combined human-machine framework or incorporating more information (e.g., hierarchical information, semantic similarity) into the triplet sampling strategy.</p></div><figure xmlns="http://www.tei-c.org/ns/1.0" xml:id="fig_3"><head>Figure 3 .</head><label>3</label><figDesc>Comparison between CNN with softmax and CNN for metric learning in feature space, where ci denotes a group of images within the same category.</figDesc></figure>
<figure xmlns="http://www.tei-c.org/ns/1.0" xml:id="fig_5"><head>Figure 5 .</head><label>5</label><figDesc>Control the shape of manifolds by sampling from local positive region. As the local region considered in positive sampling grows, the learned manifold will be increasingly dense.</figDesc></figure>
<figure xmlns="http://www.tei-c.org/ns/1.0" xml:id="fig_6"><head>Figure 6 .</head><label>6</label><figDesc>Triplet sampling strategy, in which for a reference image, positives are sampled locally and only hard negatives are kept.</figDesc></figure>
<figure xmlns="http://www.tei-c.org/ns/1.0" xml:id="fig_7"><head>Figure 7 .</head><label>7</label><figDesc>Combining anchor points learning into triplet network. The classification loss is used to update the anchor points.</figDesc></figure>
<figure xmlns="http://www.tei-c.org/ns/1.0" xml:id="fig_8"><head>Figure 8 .</head><label>8</label><figDesc>Accuracy with varying positive sampling region size.</figDesc></figure>
<figure xmlns="http://www.tei-c.org/ns/1.0" xml:id="fig_9"><head>Figure 9 .</head><label>9</label><figDesc>2-D embedding of flower-620 training set. We can observe that intra-class variance is captured in upper right and lower right regions.</figDesc></figure>
<figure xmlns="http://www.tei-c.org/ns/1.0" type="table" xml:id="tab_0" validated="false"><head></head><label></label><figDesc>. 1.</figDesc><table>Method (feature dimension) Accuracy (%) 
Softmax (620) 
65.1 
Triplet-Naive (64) 
48.7 
Triplet-HN (64) 
64.6 
Triplet-M (64) 
65.9 
Triplet-A (64) 
66.8 

Table 1. Performance comparison on our flowers-620 dataset. 

</table></figure>
<figure xmlns="http://www.tei-c.org/ns/1.0" type="table" xml:id="tab_1" validated="false"><head></head><label></label><figDesc>Table 2. Performance comparison on birds-200 dataset. "*" indicates methods that use ground truth part annotations.</figDesc><table>4 
Softmax (620) 
77.2 
Triplet-Naive (64) 
61.2 
Triplet-HN (64) 
77.9 
Triplet-M (64) 
79.3 
Triplet-A (64) 
80.7 

</table></figure>
		</body>
		<back>
			<div type="references">

				<listBibl>

<biblStruct xml:id="b0">
	<analytic>
		<title level="a" type="main">Efficient object detection and segmentation for fine-grained recognition</title>
		<author>
			<persName xmlns="http://www.tei-c.org/ns/1.0"><forename type="first">A</forename><surname>Angelova</surname></persName>
		</author>
		<author>
			<persName xmlns="http://www.tei-c.org/ns/1.0"><forename type="first">S</forename><surname>Zhu</surname></persName>
		</author>
	</analytic>
	<monogr>
		<title level="m">CVPR</title>
		<imprint>
			<date type="published" when="2013" />
			<biblScope unit="volume">1</biblScope>
		</imprint>
	</monogr>
</biblStruct>

<biblStruct xml:id="b1">
	<analytic>
		<title level="a" type="main">Efficient object detection and segmentation for fine-grained recognition</title>
		<author>
			<persName xmlns="http://www.tei-c.org/ns/1.0"><forename type="first">A</forename><surname>Angelova</surname></persName>
		</author>
		<author>
			<persName xmlns="http://www.tei-c.org/ns/1.0"><forename type="first">S</forename><surname>Zhu</surname></persName>
		</author>
	</analytic>
	<monogr>
		<title level="m">CVPR</title>
		<imprint>
			<date type="published" when="2013" />
		</imprint>
	</monogr>
</biblStruct>

<biblStruct xml:id="b2">
	<analytic>
		<title level="a" type="main">Image segmentation for large-scale subcategory flower recognition</title>
		<author>
			<persName xmlns="http://www.tei-c.org/ns/1.0"><forename type="first">A</forename><surname>Angelova</surname></persName>
		</author>
		<author>
			<persName xmlns="http://www.tei-c.org/ns/1.0"><forename type="first">S</forename><surname>Zhu</surname></persName>
		</author>
		<author>
			<persName xmlns="http://www.tei-c.org/ns/1.0"><forename type="first">Y</forename><surname>Lin</surname></persName>
		</author>
	</analytic>
	<monogr>
		<title level="m">WACV</title>
		<imprint>
			<date type="published" when="2013" />
		</imprint>
	</monogr>
</biblStruct>

<biblStruct xml:id="b3">
	<analytic>
		<title level="a" type="main">Learning visual similarity for product design with convolutional neural networks</title>
		<author>
			<persName xmlns="http://www.tei-c.org/ns/1.0"><forename type="first">S</forename><surname>Bell</surname></persName>
		</author>
		<author>
			<persName xmlns="http://www.tei-c.org/ns/1.0"><forename type="first">K</forename><surname>Bala</surname></persName>
		</author>
	</analytic>
	<monogr>
		<title level="j">ACM Trans. on Graphics</title>
		<imprint>
			<biblScope unit="issue">3</biblScope>
			<date type="published" when="2015" />
		</imprint>
	</monogr>
</biblStruct>

<biblStruct xml:id="b4">
	<analytic>
		<title level="a" type="main">Poof: Part-based one-vs.-one features for fine-grained categorization, face verification, and attribute estimation</title>
		<author>
			<persName xmlns="http://www.tei-c.org/ns/1.0"><forename type="first">T</forename><surname>Berg</surname></persName>
		</author>
		<author>
			<persName xmlns="http://www.tei-c.org/ns/1.0"><forename type="first">P</forename><forename type="middle">N</forename><surname>Belhumeur</surname></persName>
		</author>
	</analytic>
	<monogr>
		<title level="m">CVPR</title>
		<imprint>
			<date type="published" when="2013" />
			<biblScope unit="volume">2</biblScope>
			<biblScope unit="page">7</biblScope>
		</imprint>
	</monogr>
</biblStruct>

<biblStruct xml:id="b5">
	<analytic>
		<title level="a" type="main">Improved bird species recognition using pose normalized deep convolutional nets</title>
		<author>
			<persName xmlns="http://www.tei-c.org/ns/1.0"><forename type="first">S</forename><surname>Branson</surname></persName>
		</author>
		<author>
			<persName xmlns="http://www.tei-c.org/ns/1.0"><forename type="first">G</forename><surname>Van Horn</surname></persName>
		</author>
		<author>
			<persName xmlns="http://www.tei-c.org/ns/1.0"><forename type="first">P</forename><surname>Perona</surname></persName>
		</author>
		<author>
			<persName xmlns="http://www.tei-c.org/ns/1.0"><forename type="first">S</forename><surname>Belongie</surname></persName>
		</author>
	</analytic>
	<monogr>
		<title level="m">BMVC</title>
		<imprint>
			<date type="published" when="2007" />
		</imprint>
	</monogr>
</biblStruct>

<biblStruct xml:id="b6">
	<analytic>
		<title level="a" type="main">Visual recognition with humans in the loop</title>
		<author>
			<persName xmlns="http://www.tei-c.org/ns/1.0"><forename type="first">S</forename><surname>Branson</surname></persName>
		</author>
		<author>
			<persName xmlns="http://www.tei-c.org/ns/1.0"><forename type="first">C</forename><surname>Wah</surname></persName>
		</author>
		<author>
			<persName xmlns="http://www.tei-c.org/ns/1.0"><forename type="first">F</forename><surname>Schroff</surname></persName>
		</author>
		<author>
			<persName xmlns="http://www.tei-c.org/ns/1.0"><forename type="first">B</forename><surname>Babenko</surname></persName>
		</author>
		<author>
			<persName xmlns="http://www.tei-c.org/ns/1.0"><forename type="first">P</forename><surname>Welinder</surname></persName>
		</author>
		<author>
			<persName xmlns="http://www.tei-c.org/ns/1.0"><forename type="first">P</forename><surname>Perona</surname></persName>
		</author>
		<author>
			<persName xmlns="http://www.tei-c.org/ns/1.0"><forename type="first">S</forename><surname>Belongie</surname></persName>
		</author>
	</analytic>
	<monogr>
		<title level="m">ECCV</title>
		<imprint>
			<date type="published" when="2010" />
			<biblScope unit="volume">1</biblScope>
		</imprint>
	</monogr>
</biblStruct>

<biblStruct xml:id="b7">
	<analytic>
		<title level="a" type="main">Symbiotic segmentation and part localization for fine-grained categorization</title>
		<author>
			<persName xmlns="http://www.tei-c.org/ns/1.0"><forename type="first">Y</forename><surname>Chai</surname></persName>
		</author>
		<author>
			<persName xmlns="http://www.tei-c.org/ns/1.0"><forename type="first">V</forename><surname>Lempitsky</surname></persName>
		</author>
		<author>
			<persName xmlns="http://www.tei-c.org/ns/1.0"><forename type="first">A</forename><surname>Zisserman</surname></persName>
		</author>
	</analytic>
	<monogr>
		<title level="m">ICCV</title>
		<imprint>
			<date type="published" when="2013" />
			<biblScope unit="volume">2</biblScope>
			<biblScope unit="page">7</biblScope>
		</imprint>
	</monogr>
</biblStruct>

<biblStruct xml:id="b8">
	<analytic>
		<title level="a" type="main">Large scale online learning of image similarity through ranking</title>
		<author>
			<persName xmlns="http://www.tei-c.org/ns/1.0"><forename type="first">G</forename><surname>Chechik</surname></persName>
		</author>
		<author>
			<persName xmlns="http://www.tei-c.org/ns/1.0"><forename type="first">V</forename><surname>Sharma</surname></persName>
		</author>
		<author>
			<persName xmlns="http://www.tei-c.org/ns/1.0"><forename type="first">U</forename><surname>Shalit</surname></persName>
		</author>
		<author>
			<persName xmlns="http://www.tei-c.org/ns/1.0"><forename type="first">S</forename><surname>Bengio</surname></persName>
		</author>
	</analytic>
	<monogr>
		<title level="j">JMLR</title>
		<imprint>
			<biblScope unit="page">3</biblScope>
			<date type="published" when="2010" />
		</imprint>
	</monogr>
</biblStruct>

<biblStruct xml:id="b9">
	<analytic>
		<title level="a" type="main">Learning a similarity metric discriminatively, with application to face verification</title>
		<author>
			<persName xmlns="http://www.tei-c.org/ns/1.0"><forename type="first">S</forename><surname>Chopra</surname></persName>
		</author>
		<author>
			<persName xmlns="http://www.tei-c.org/ns/1.0"><forename type="first">R</forename><surname>Hadsell</surname></persName>
		</author>
		<author>
			<persName xmlns="http://www.tei-c.org/ns/1.0"><forename type="first">Y</forename><surname>Lecun</surname></persName>
		</author>
	</analytic>
	<monogr>
		<title level="m">CVPR</title>
		<imprint>
			<date type="published" when="2005" />
			<biblScope unit="volume">3</biblScope>
			<biblScope unit="page">4</biblScope>
		</imprint>
	</monogr>
</biblStruct>

<biblStruct xml:id="b10">
	<analytic>
		<title level="a" type="main">A spatialcolor layout feature for representing galaxy images</title>
		<author>
			<persName xmlns="http://www.tei-c.org/ns/1.0"><forename type="first">Y</forename><surname>Cui</surname></persName>
		</author>
		<author>
			<persName xmlns="http://www.tei-c.org/ns/1.0"><forename type="first">Y</forename><surname>Xiang</surname></persName>
		</author>
		<author>
			<persName xmlns="http://www.tei-c.org/ns/1.0"><forename type="first">K</forename><surname>Rong</surname></persName>
		</author>
		<author>
			<persName xmlns="http://www.tei-c.org/ns/1.0"><forename type="first">R</forename><surname>Feris</surname></persName>
		</author>
		<author>
			<persName xmlns="http://www.tei-c.org/ns/1.0"><forename type="first">L</forename><surname>Cao</surname></persName>
		</author>
	</analytic>
	<monogr>
		<title level="m">WACV</title>
		<imprint>
			<date type="published" when="2014" />
		</imprint>
	</monogr>
</biblStruct>

<biblStruct xml:id="b11">
	<analytic>
		<title level="a" type="main">Imagenet: A large-scale hierarchical image database</title>
		<author>
			<persName xmlns="http://www.tei-c.org/ns/1.0"><forename type="first">J</forename><surname>Deng</surname></persName>
		</author>
		<author>
			<persName xmlns="http://www.tei-c.org/ns/1.0"><forename type="first">W</forename><surname>Dong</surname></persName>
		</author>
		<author>
			<persName xmlns="http://www.tei-c.org/ns/1.0"><forename type="first">R</forename><surname>Socher</surname></persName>
		</author>
		<author>
			<persName xmlns="http://www.tei-c.org/ns/1.0"><forename type="first">L.-J</forename><surname>Li</surname></persName>
		</author>
		<author>
			<persName xmlns="http://www.tei-c.org/ns/1.0"><forename type="first">K</forename><surname>Li</surname></persName>
		</author>
		<author>
			<persName xmlns="http://www.tei-c.org/ns/1.0"><forename type="first">L</forename><surname>Fei-Fei</surname></persName>
		</author>
	</analytic>
	<monogr>
		<title level="m">CVPR</title>
		<imprint>
			<date type="published" when="2009" />
		</imprint>
	</monogr>
</biblStruct>

<biblStruct xml:id="b12">
	<analytic>
		<title level="a" type="main">Rotationinvariant convolutional neural networks for galaxy morphology prediction</title>
		<author>
			<persName xmlns="http://www.tei-c.org/ns/1.0"><forename type="first">S</forename><surname>Dieleman</surname></persName>
		</author>
		<author>
			<persName xmlns="http://www.tei-c.org/ns/1.0"><forename type="first">K</forename><forename type="middle">W</forename><surname>Willett</surname></persName>
		</author>
		<author>
			<persName xmlns="http://www.tei-c.org/ns/1.0"><forename type="first">J</forename><surname>Dambre</surname></persName>
		</author>
	</analytic>
	<monogr>
		<title level="j">Monthly Notices of the Royal Astronomical Society</title>
		<imprint>
			<biblScope unit="issue">1</biblScope>
			<date type="published" when="2015" />
		</imprint>
	</monogr>
</biblStruct>

<biblStruct xml:id="b13">
	<analytic>
		<title level="a" type="main">Fine-grained categorization by alignments</title>
		<author>
			<persName xmlns="http://www.tei-c.org/ns/1.0"><forename type="first">E</forename><surname>Gavves</surname></persName>
		</author>
		<author>
			<persName xmlns="http://www.tei-c.org/ns/1.0"><forename type="first">B</forename><surname>Fernando</surname></persName>
		</author>
		<author>
			<persName xmlns="http://www.tei-c.org/ns/1.0"><forename type="first">C</forename><forename type="middle">G</forename><surname>Snoek</surname></persName>
		</author>
		<author>
			<persName xmlns="http://www.tei-c.org/ns/1.0"><forename type="first">A</forename><forename type="middle">W</forename><surname>Smeulders</surname></persName>
		</author>
		<author>
			<persName xmlns="http://www.tei-c.org/ns/1.0"><forename type="first">T</forename><surname>Tuytelaars</surname></persName>
		</author>
	</analytic>
	<monogr>
		<title level="m">ICCV</title>
		<imprint>
			<date type="published" when="2013" />
		</imprint>
	</monogr>
</biblStruct>

<biblStruct xml:id="b14">
	<analytic>
		<title level="a" type="main">Local alignments for fine-grained categorization</title>
		<author>
			<persName xmlns="http://www.tei-c.org/ns/1.0"><forename type="first">E</forename><surname>Gavves</surname></persName>
		</author>
		<author>
			<persName xmlns="http://www.tei-c.org/ns/1.0"><forename type="first">B</forename><surname>Fernando</surname></persName>
		</author>
		<author>
			<persName xmlns="http://www.tei-c.org/ns/1.0"><forename type="first">C</forename><forename type="middle">G</forename><surname>Snoek</surname></persName>
		</author>
		<author>
			<persName xmlns="http://www.tei-c.org/ns/1.0"><forename type="first">A</forename><forename type="middle">W</forename><surname>Smeulders</surname></persName>
		</author>
		<author>
			<persName xmlns="http://www.tei-c.org/ns/1.0"><forename type="first">T</forename><surname>Tuytelaars</surname></persName>
		</author>
	</analytic>
	<monogr>
		<title level="j">International Journal of Computer Vision</title>
		<imprint>
			<biblScope unit="volume">111</biblScope>
			<biblScope unit="issue">2</biblScope>
			<biblScope unit="page" from="191" to="212" />
			<date type="published" when="2014" />
		</imprint>
	</monogr>
</biblStruct>

<biblStruct xml:id="b15">
	<analytic>
		<title level="a" type="main">Rich feature hierarchies for accurate object detection and semantic segmentation</title>
		<author>
			<persName xmlns="http://www.tei-c.org/ns/1.0"><forename type="first">R</forename><surname>Girshick</surname></persName>
		</author>
		<author>
			<persName xmlns="http://www.tei-c.org/ns/1.0"><forename type="first">J</forename><surname>Donahue</surname></persName>
		</author>
		<author>
			<persName xmlns="http://www.tei-c.org/ns/1.0"><forename type="first">T</forename><surname>Darrell</surname></persName>
		</author>
		<author>
			<persName xmlns="http://www.tei-c.org/ns/1.0"><forename type="first">J</forename><surname>Malik</surname></persName>
		</author>
	</analytic>
	<monogr>
		<title level="m">CVPR</title>
		<imprint>
			<date type="published" when="2014" />
		</imprint>
	</monogr>
</biblStruct>

<biblStruct xml:id="b16">
	<monogr>
				<author>
			<persName xmlns="http://www.tei-c.org/ns/1.0"><forename type="first">J</forename><surname>Goldberger</surname></persName>
		</author>
		<author>
			<persName xmlns="http://www.tei-c.org/ns/1.0"><forename type="first">G</forename><forename type="middle">E</forename><surname>Hinton</surname></persName>
		</author>
		<author>
			<persName xmlns="http://www.tei-c.org/ns/1.0"><forename type="first">S</forename><forename type="middle">T</forename><surname>Roweis</surname></persName>
		</author>
		<author>
			<persName xmlns="http://www.tei-c.org/ns/1.0"><forename type="first">R</forename><surname>Salakhutdinov</surname></persName>
		</author>
		<title level="m">NIPS</title>
		<imprint>
			<date type="published" when="2004" />
		</imprint>
	</monogr>
	<note>Neighbourhood components analysis</note>
</biblStruct>

<biblStruct xml:id="b17">
	<analytic>
		<title level="a" type="main">Dimensionality reduction by learning an invariant mapping</title>
		<author>
			<persName xmlns="http://www.tei-c.org/ns/1.0"><forename type="first">R</forename><surname>Hadsell</surname></persName>
		</author>
		<author>
			<persName xmlns="http://www.tei-c.org/ns/1.0"><forename type="first">S</forename><surname>Chopra</surname></persName>
		</author>
		<author>
			<persName xmlns="http://www.tei-c.org/ns/1.0"><forename type="first">Y</forename><surname>Lecun</surname></persName>
		</author>
	</analytic>
	<monogr>
		<title level="m">CVPR</title>
		<imprint>
			<date type="published" when="2006" />
			<biblScope unit="volume">3</biblScope>
			<biblScope unit="page">4</biblScope>
		</imprint>
	</monogr>
</biblStruct>

<biblStruct xml:id="b18">
	<monogr>
		<title level="m" type="main">Deep residual learning for image recognition</title>
		<author>
			<persName xmlns="http://www.tei-c.org/ns/1.0"><forename type="first">K</forename><surname>He</surname></persName>
		</author>
		<author>
			<persName xmlns="http://www.tei-c.org/ns/1.0"><forename type="first">X</forename><surname>Zhang</surname></persName>
		</author>
		<author>
			<persName xmlns="http://www.tei-c.org/ns/1.0"><forename type="first">S</forename><surname>Ren</surname></persName>
		</author>
		<author>
			<persName xmlns="http://www.tei-c.org/ns/1.0"><forename type="first">J</forename><surname>Sun</surname></persName>
		</author>
		<idno type="arXiv">arXiv:1512.03385</idno>
		<imprint>
			<date type="published" when="2015" />
		</imprint>
	</monogr>
	<note type="report_type">arXiv preprint</note>
</biblStruct>

<biblStruct xml:id="b19">
	<analytic>
		<title level="a" type="main">Activitynet: A large-scale video benchmark for human activity understanding</title>
		<author>
			<persName xmlns="http://www.tei-c.org/ns/1.0"><forename type="first">F</forename><forename type="middle">C</forename><surname>Heilbron</surname></persName>
		</author>
		<author>
			<persName xmlns="http://www.tei-c.org/ns/1.0"><forename type="first">V</forename><surname>Escorcia</surname></persName>
		</author>
		<author>
			<persName xmlns="http://www.tei-c.org/ns/1.0"><forename type="first">B</forename><surname>Ghanem</surname></persName>
		</author>
		<author>
			<persName xmlns="http://www.tei-c.org/ns/1.0"><forename type="first">J</forename><forename type="middle">C</forename><surname>Niebles</surname></persName>
		</author>
	</analytic>
	<monogr>
		<title level="m">CVPR</title>
		<imprint>
			<date type="published" when="2015" />
		</imprint>
	</monogr>
</biblStruct>

<biblStruct xml:id="b20">
	<monogr>
				<author>
			<persName xmlns="http://www.tei-c.org/ns/1.0"><forename type="first">E</forename><surname>Hoffer</surname></persName>
		</author>
		<author>
			<persName xmlns="http://www.tei-c.org/ns/1.0"><forename type="first">N</forename><surname>Ailon</surname></persName>
		</author>
		<idno type="arXiv">arXiv:1412.6622</idno>
		<title level="m">Deep metric learning using triplet network</title>
		<imprint>
			<date type="published" when="2014" />
			<biblScope unit="volume">3</biblScope>
			<biblScope unit="page">4</biblScope>
		</imprint>
	</monogr>
	<note type="report_type">arXiv preprint</note>
</biblStruct>

<biblStruct xml:id="b21">
	<monogr>
				<author>
			<persName xmlns="http://www.tei-c.org/ns/1.0"><forename type="first">Y</forename><surname>Jia</surname></persName>
		</author>
		<author>
			<persName xmlns="http://www.tei-c.org/ns/1.0"><forename type="first">E</forename><surname>Shelhamer</surname></persName>
		</author>
		<author>
			<persName xmlns="http://www.tei-c.org/ns/1.0"><forename type="first">J</forename><surname>Donahue</surname></persName>
		</author>
		<author>
			<persName xmlns="http://www.tei-c.org/ns/1.0"><forename type="first">S</forename><surname>Karayev</surname></persName>
		</author>
		<author>
			<persName xmlns="http://www.tei-c.org/ns/1.0"><forename type="first">J</forename><surname>Long</surname></persName>
		</author>
		<author>
			<persName xmlns="http://www.tei-c.org/ns/1.0"><forename type="first">R</forename><surname>Girshick</surname></persName>
		</author>
		<author>
			<persName xmlns="http://www.tei-c.org/ns/1.0"><forename type="first">S</forename><surname>Guadarrama</surname></persName>
		</author>
		<author>
			<persName xmlns="http://www.tei-c.org/ns/1.0"><forename type="first">T</forename><surname>Darrell</surname></persName>
		</author>
		<idno type="arXiv">arXiv:1408.5093</idno>
		<title level="m">Caffe: Convolutional architecture for fast feature embedding</title>
		<imprint>
			<date type="published" when="2014" />
		</imprint>
	</monogr>
	<note type="report_type">arXiv preprint</note>
</biblStruct>

<biblStruct xml:id="b22">
	<analytic>
		<title level="a" type="main">How many species of flowering plants are there?</title>
		<author>
			<persName xmlns="http://www.tei-c.org/ns/1.0"><forename type="first">L</forename><forename type="middle">N</forename><surname>Joppa</surname></persName>
		</author>
		<author>
			<persName xmlns="http://www.tei-c.org/ns/1.0"><forename type="first">D</forename><forename type="middle">L</forename><surname>Roberts</surname></persName>
		</author>
		<author>
			<persName xmlns="http://www.tei-c.org/ns/1.0"><forename type="first">S</forename><forename type="middle">L</forename><surname>Pimm</surname></persName>
		</author>
	</analytic>
	<monogr>
		<title level="j">Proceedings of the Royal Society B: Biological Sciences</title>
		<imprint>
			<biblScope unit="issue">2</biblScope>
			<date type="published" when="2011" />
		</imprint>
	</monogr>
</biblStruct>

<biblStruct xml:id="b23">
	<analytic>
		<title level="a" type="main">Novel dataset for fgvc: Stanford dogs</title>
		<author>
			<persName xmlns="http://www.tei-c.org/ns/1.0"><forename type="first">A</forename><surname>Khosla</surname></persName>
		</author>
		<author>
			<persName xmlns="http://www.tei-c.org/ns/1.0"><forename type="first">N</forename><surname>Jayadevaprakash</surname></persName>
		</author>
		<author>
			<persName xmlns="http://www.tei-c.org/ns/1.0"><forename type="first">B</forename><surname>Yao</surname></persName>
		</author>
		<author>
			<persName xmlns="http://www.tei-c.org/ns/1.0"><forename type="first">F.-F</forename><surname>Li</surname></persName>
		</author>
	</analytic>
	<monogr>
		<title level="m">San Diego: CVPR Workshop on FGVC</title>
		<imprint>
			<date type="published" when="2011" />
			<biblScope unit="volume">1</biblScope>
		</imprint>
	</monogr>
</biblStruct>

<biblStruct xml:id="b24">
	<analytic>
		<title level="a" type="main">Fine-grained recognition without part annotations</title>
		<author>
			<persName xmlns="http://www.tei-c.org/ns/1.0"><forename type="first">J</forename><surname>Krause</surname></persName>
		</author>
		<author>
			<persName xmlns="http://www.tei-c.org/ns/1.0"><forename type="first">H</forename><surname>Jin</surname></persName>
		</author>
		<author>
			<persName xmlns="http://www.tei-c.org/ns/1.0"><forename type="first">J</forename><surname>Yang</surname></persName>
		</author>
		<author>
			<persName xmlns="http://www.tei-c.org/ns/1.0"><forename type="first">L</forename><surname>Fei-Fei</surname></persName>
		</author>
	</analytic>
	<monogr>
		<title level="m">CVPR</title>
		<imprint>
			<date type="published" when="2015" />
			<biblScope unit="volume">1</biblScope>
		</imprint>
	</monogr>
</biblStruct>

<biblStruct xml:id="b25">
	<analytic>
		<title level="a" type="main">3d object representations for fine-grained categorization</title>
		<author>
			<persName xmlns="http://www.tei-c.org/ns/1.0"><forename type="first">J</forename><surname>Krause</surname></persName>
		</author>
		<author>
			<persName xmlns="http://www.tei-c.org/ns/1.0"><forename type="first">M</forename><surname>Stark</surname></persName>
		</author>
		<author>
			<persName xmlns="http://www.tei-c.org/ns/1.0"><forename type="first">J</forename><surname>Deng</surname></persName>
		</author>
		<author>
			<persName xmlns="http://www.tei-c.org/ns/1.0"><forename type="first">L</forename><surname>Fei-Fei</surname></persName>
		</author>
	</analytic>
	<monogr>
		<title level="m">ICCVW</title>
		<imprint>
			<date type="published" when="2013" />
			<biblScope unit="volume">1</biblScope>
		</imprint>
	</monogr>
</biblStruct>

<biblStruct xml:id="b26">
	<analytic>
		<title level="a" type="main">Imagenet classification with deep convolutional neural networks</title>
		<author>
			<persName xmlns="http://www.tei-c.org/ns/1.0"><forename type="first">A</forename><surname>Krizhevsky</surname></persName>
		</author>
		<author>
			<persName xmlns="http://www.tei-c.org/ns/1.0"><forename type="first">I</forename><surname>Sutskever</surname></persName>
		</author>
		<author>
			<persName xmlns="http://www.tei-c.org/ns/1.0"><forename type="first">G</forename><forename type="middle">E</forename><surname>Hinton</surname></persName>
		</author>
	</analytic>
	<monogr>
		<title level="m">NIPS</title>
		<imprint>
			<date type="published" when="2012" />
			<biblScope unit="volume">2</biblScope>
			<biblScope unit="page">4</biblScope>
		</imprint>
	</monogr>
</biblStruct>

<biblStruct xml:id="b27">
	<monogr>
		<title level="m" type="main">Leafsnap: A computer vision system for automatic plant species identification</title>
		<author>
			<persName xmlns="http://www.tei-c.org/ns/1.0"><forename type="first">N</forename><surname>Kumar</surname></persName>
		</author>
		<author>
			<persName xmlns="http://www.tei-c.org/ns/1.0"><forename type="first">P</forename><forename type="middle">N</forename><surname>Belhumeur</surname></persName>
		</author>
		<author>
			<persName xmlns="http://www.tei-c.org/ns/1.0"><forename type="first">A</forename><surname>Biswas</surname></persName>
		</author>
		<author>
			<persName xmlns="http://www.tei-c.org/ns/1.0"><forename type="first">D</forename><forename type="middle">W</forename><surname>Jacobs</surname></persName>
		</author>
		<author>
			<persName xmlns="http://www.tei-c.org/ns/1.0"><forename type="first">W</forename><forename type="middle">J</forename><surname>Kress</surname></persName>
		</author>
		<author>
			<persName xmlns="http://www.tei-c.org/ns/1.0"><forename type="first">I</forename><forename type="middle">C</forename><surname>Lopez</surname></persName>
		</author>
		<author>
			<persName xmlns="http://www.tei-c.org/ns/1.0"><forename type="first">J</forename><forename type="middle">V</forename><surname>Soares</surname></persName>
		</author>
		<idno>ECCV. 2012. 1</idno>
		<imprint/>
	</monogr>
</biblStruct>

<biblStruct xml:id="b28">
	<monogr>
				<author>
			<persName xmlns="http://www.tei-c.org/ns/1.0"><forename type="first">H</forename><surname>Lai</surname></persName>
		</author>
		<author>
			<persName xmlns="http://www.tei-c.org/ns/1.0"><forename type="first">Y</forename><surname>Pan</surname></persName>
		</author>
		<author>
			<persName xmlns="http://www.tei-c.org/ns/1.0"><forename type="first">Y</forename><surname>Liu</surname></persName>
		</author>
		<author>
			<persName xmlns="http://www.tei-c.org/ns/1.0"><forename type="first">S</forename><surname>Yan</surname></persName>
		</author>
		<idno type="arXiv">arXiv:1504.03410</idno>
		<title level="m">Simultaneous feature learning and hash coding with deep neural networks</title>
		<imprint>
			<date type="published" when="2015" />
		</imprint>
	</monogr>
	<note type="report_type">arXiv preprint</note>
</biblStruct>

<biblStruct xml:id="b29">
	<analytic>
		<title level="a" type="main">Haar random forest features and svm spatial matching kernel for stonefly species identification</title>
		<author>
			<persName xmlns="http://www.tei-c.org/ns/1.0"><forename type="first">N</forename><surname>Larios</surname></persName>
		</author>
		<author>
			<persName xmlns="http://www.tei-c.org/ns/1.0"><forename type="first">B</forename><surname>Soran</surname></persName>
		</author>
		<author>
			<persName xmlns="http://www.tei-c.org/ns/1.0"><forename type="first">L</forename><forename type="middle">G</forename><surname>Shapiro</surname></persName>
		</author>
		<author>
			<persName xmlns="http://www.tei-c.org/ns/1.0"><forename type="first">G</forename><surname>Martínez-Muñoz</surname></persName>
		</author>
		<author>
			<persName xmlns="http://www.tei-c.org/ns/1.0"><forename type="first">J</forename><surname>Lin</surname></persName>
		</author>
		<author>
			<persName xmlns="http://www.tei-c.org/ns/1.0"><forename type="first">T</forename><forename type="middle">G</forename><surname>Dietterich</surname></persName>
		</author>
	</analytic>
	<monogr>
		<title level="m">ICPR</title>
		<imprint>
			<date type="published" when="2010" />
			<biblScope unit="page">1</biblScope>
		</imprint>
	</monogr>
</biblStruct>

<biblStruct xml:id="b30">
	<analytic>
		<title level="a" type="main">Learning deep representations for ground-to-aerial geolocalization</title>
		<author>
			<persName xmlns="http://www.tei-c.org/ns/1.0"><forename type="first">T.-Y</forename><surname>Lin</surname></persName>
		</author>
		<author>
			<persName xmlns="http://www.tei-c.org/ns/1.0"><forename type="first">Y</forename><surname>Cui</surname></persName>
		</author>
		<author>
			<persName xmlns="http://www.tei-c.org/ns/1.0"><forename type="first">S</forename><surname>Belongie</surname></persName>
		</author>
		<author>
			<persName xmlns="http://www.tei-c.org/ns/1.0"><forename type="first">J</forename><surname>Hays</surname></persName>
		</author>
	</analytic>
	<monogr>
		<title level="m">CVPR</title>
		<imprint>
			<date type="published" when="2015" />
		</imprint>
	</monogr>
</biblStruct>

<biblStruct xml:id="b31">
	<monogr>
		<title level="m" type="main">Bilinear cnn models for fine-grained visual recognition</title>
		<author>
			<persName xmlns="http://www.tei-c.org/ns/1.0"><forename type="first">T.-Y</forename><surname>Lin</surname></persName>
		</author>
		<author>
			<persName xmlns="http://www.tei-c.org/ns/1.0"><forename type="first">A</forename><surname>Roychowdhury</surname></persName>
		</author>
		<author>
			<persName xmlns="http://www.tei-c.org/ns/1.0"><forename type="first">S</forename><surname>Maji</surname></persName>
		</author>
		<idno type="arXiv">arXiv:1504.07889</idno>
		<imprint>
			<date type="published" when="2007" />
		</imprint>
	</monogr>
	<note type="report_type">arXiv preprint</note>
</biblStruct>

<biblStruct xml:id="b32">
	<analytic>
		<title level="a" type="main">A visual vocabulary for flower classification</title>
		<author>
			<persName xmlns="http://www.tei-c.org/ns/1.0"><forename type="first">M.-E</forename><surname>Nilsback</surname></persName>
		</author>
		<author>
			<persName xmlns="http://www.tei-c.org/ns/1.0"><forename type="first">A</forename><surname>Zisserman</surname></persName>
		</author>
	</analytic>
	<monogr>
		<title level="m">CVPR</title>
		<imprint>
			<date type="published" when="2006" />
		</imprint>
	</monogr>
</biblStruct>

<biblStruct xml:id="b33">
	<analytic>
		<title level="a" type="main">Automated flower classification over a large number of classes</title>
		<author>
			<persName xmlns="http://www.tei-c.org/ns/1.0"><forename type="first">M.-E</forename><surname>Nilsback</surname></persName>
		</author>
		<author>
			<persName xmlns="http://www.tei-c.org/ns/1.0"><forename type="first">A</forename><surname>Zisserman</surname></persName>
		</author>
	</analytic>
	<monogr>
		<title level="m">ICVGIP</title>
		<imprint>
			<date type="published" when="2008" />
			<biblScope unit="volume">1</biblScope>
		</imprint>
	</monogr>
</biblStruct>

<biblStruct xml:id="b34">
	<analytic>
		<title level="a" type="main">Fine-grained visual categorization via multi-stage metric learning</title>
		<author>
			<persName xmlns="http://www.tei-c.org/ns/1.0"><forename type="first">Q</forename><surname>Qian</surname></persName>
		</author>
		<author>
			<persName xmlns="http://www.tei-c.org/ns/1.0"><forename type="first">R</forename><surname>Jin</surname></persName>
		</author>
		<author>
			<persName xmlns="http://www.tei-c.org/ns/1.0"><forename type="first">S</forename><surname>Zhu</surname></persName>
		</author>
		<author>
			<persName xmlns="http://www.tei-c.org/ns/1.0"><forename type="first">Y</forename><surname>Lin</surname></persName>
		</author>
	</analytic>
	<monogr>
		<title level="m">CVPR</title>
		<imprint>
			<date type="published" when="2007" />
		</imprint>
	</monogr>
</biblStruct>

<biblStruct xml:id="b35">
	<monogr>
		<title level="m" type="main">Facenet: A unified embedding for face recognition and clustering</title>
		<author>
			<persName xmlns="http://www.tei-c.org/ns/1.0"><forename type="first">F</forename><surname>Schroff</surname></persName>
		</author>
		<author>
			<persName xmlns="http://www.tei-c.org/ns/1.0"><forename type="first">D</forename><surname>Kalenichenko</surname></persName>
		</author>
		<author>
			<persName xmlns="http://www.tei-c.org/ns/1.0"><forename type="first">J</forename><surname>Philbin</surname></persName>
		</author>
		<idno type="arXiv">arXiv:1503.03832</idno>
		<imprint>
			<date type="published" when="2015" />
			<biblScope unit="volume">1</biblScope>
			<biblScope unit="page">5</biblScope>
		</imprint>
	</monogr>
	<note type="report_type">arXiv preprint</note>
</biblStruct>

<biblStruct xml:id="b36">
	<monogr>
		<title level="m" type="main">Very deep convolutional networks for large-scale image recognition</title>
		<author>
			<persName xmlns="http://www.tei-c.org/ns/1.0"><forename type="first">K</forename><surname>Simonyan</surname></persName>
		</author>
		<author>
			<persName xmlns="http://www.tei-c.org/ns/1.0"><forename type="first">A</forename><surname>Zisserman</surname></persName>
		</author>
		<idno type="arXiv">arXiv:1409.1556</idno>
		<imprint>
			<date type="published" when="2014" />
			<biblScope unit="volume">2</biblScope>
			<biblScope unit="page">4</biblScope>
		</imprint>
	</monogr>
	<note type="report_type">arXiv preprint</note>
</biblStruct>

<biblStruct xml:id="b37">
	<monogr>
				<author>
			<persName xmlns="http://www.tei-c.org/ns/1.0"><forename type="first">C</forename><surname>Szegedy</surname></persName>
		</author>
		<author>
			<persName xmlns="http://www.tei-c.org/ns/1.0"><forename type="first">W</forename><surname>Liu</surname></persName>
		</author>
		<author>
			<persName xmlns="http://www.tei-c.org/ns/1.0"><forename type="first">Y</forename><surname>Jia</surname></persName>
		</author>
		<author>
			<persName xmlns="http://www.tei-c.org/ns/1.0"><forename type="first">P</forename><surname>Sermanet</surname></persName>
		</author>
		<author>
			<persName xmlns="http://www.tei-c.org/ns/1.0"><forename type="first">S</forename><surname>Reed</surname></persName>
		</author>
		<author>
			<persName xmlns="http://www.tei-c.org/ns/1.0"><forename type="first">D</forename><surname>Anguelov</surname></persName>
		</author>
		<author>
			<persName xmlns="http://www.tei-c.org/ns/1.0"><forename type="first">D</forename><surname>Erhan</surname></persName>
		</author>
		<author>
			<persName xmlns="http://www.tei-c.org/ns/1.0"><forename type="first">V</forename><surname>Vanhoucke</surname></persName>
		</author>
		<author>
			<persName xmlns="http://www.tei-c.org/ns/1.0"><forename type="first">A</forename><surname>Rabinovich</surname></persName>
		</author>
		<idno type="arXiv">arXiv:1409.4842</idno>
		<title level="m">Going deeper with convolutions</title>
		<imprint>
			<date type="published" when="2007" />
		</imprint>
	</monogr>
	<note type="report_type">arXiv preprint</note>
</biblStruct>

<biblStruct xml:id="b38">
	<analytic>
		<title level="a" type="main">Deepface: Closing the gap to human-level performance in face verification</title>
		<author>
			<persName xmlns="http://www.tei-c.org/ns/1.0"><forename type="first">Y</forename><surname>Taigman</surname></persName>
		</author>
		<author>
			<persName xmlns="http://www.tei-c.org/ns/1.0"><forename type="first">M</forename><surname>Yang</surname></persName>
		</author>
		<author>
			<persName xmlns="http://www.tei-c.org/ns/1.0"><forename type="first">M</forename><surname>Ranzato</surname></persName>
		</author>
		<author>
			<persName xmlns="http://www.tei-c.org/ns/1.0"><forename type="first">L</forename><surname>Wolf</surname></persName>
		</author>
	</analytic>
	<monogr>
		<title level="m">CVPR</title>
		<imprint>
			<date type="published" when="2014" />
			<biblScope unit="volume">1</biblScope>
			<biblScope unit="page">3</biblScope>
		</imprint>
	</monogr>
</biblStruct>

<biblStruct xml:id="b39">
	<analytic>
		<title level="a" type="main">Building a bird recognition app and large scale dataset with citizen scientists: The fine print in fine-grained dataset collection</title>
		<author>
			<persName xmlns="http://www.tei-c.org/ns/1.0"><forename type="first">G</forename><surname>Van Horn</surname></persName>
		</author>
		<author>
			<persName xmlns="http://www.tei-c.org/ns/1.0"><forename type="first">S</forename><surname>Branson</surname></persName>
		</author>
		<author>
			<persName xmlns="http://www.tei-c.org/ns/1.0"><forename type="first">R</forename><surname>Farrell</surname></persName>
		</author>
		<author>
			<persName xmlns="http://www.tei-c.org/ns/1.0"><forename type="first">S</forename><surname>Haber</surname></persName>
		</author>
		<author>
			<persName xmlns="http://www.tei-c.org/ns/1.0"><forename type="first">J</forename><surname>Barry</surname></persName>
		</author>
		<author>
			<persName xmlns="http://www.tei-c.org/ns/1.0"><forename type="first">P</forename><surname>Ipeirotis</surname></persName>
		</author>
		<author>
			<persName xmlns="http://www.tei-c.org/ns/1.0"><forename type="first">P</forename><surname>Perona</surname></persName>
		</author>
		<author>
			<persName xmlns="http://www.tei-c.org/ns/1.0"><forename type="first">S</forename><surname>Belongie</surname></persName>
		</author>
	</analytic>
	<monogr>
		<title level="m">CVPR</title>
		<imprint>
			<date type="published" when="2015" />
		</imprint>
	</monogr>
</biblStruct>

<biblStruct xml:id="b40">
	<monogr>
		<title level="m" type="main">Learning visual clothing style with heterogeneous dyadic co-occurrences</title>
		<author>
			<persName xmlns="http://www.tei-c.org/ns/1.0"><forename type="first">A</forename><surname>Veit</surname></persName>
		</author>
		<author>
			<persName xmlns="http://www.tei-c.org/ns/1.0"><forename type="first">B</forename><surname>Kovacs</surname></persName>
		</author>
		<author>
			<persName xmlns="http://www.tei-c.org/ns/1.0"><forename type="first">S</forename><surname>Bell</surname></persName>
		</author>
		<author>
			<persName xmlns="http://www.tei-c.org/ns/1.0"><forename type="first">J</forename><surname>Mcauley</surname></persName>
		</author>
		<author>
			<persName xmlns="http://www.tei-c.org/ns/1.0"><forename type="first">K</forename><surname>Bala</surname></persName>
		</author>
		<author>
			<persName xmlns="http://www.tei-c.org/ns/1.0"><forename type="first">S</forename><surname>Belongie</surname></persName>
		</author>
		<idno type="arXiv">arXiv:1509.07473</idno>
		<imprint>
			<date type="published" when="2015" />
		</imprint>
	</monogr>
	<note type="report_type">arXiv preprint</note>
</biblStruct>

<biblStruct xml:id="b41">
	<analytic>
		<title level="a" type="main">Efficiently scaling up crowdsourced video annotation -A set of best practices for high quality, economical video labeling</title>
		<author>
			<persName xmlns="http://www.tei-c.org/ns/1.0"><forename type="first">C</forename><surname>Vondrick</surname></persName>
		</author>
		<author>
			<persName xmlns="http://www.tei-c.org/ns/1.0"><forename type="first">D</forename><forename type="middle">J</forename><surname>Patterson</surname></persName>
		</author>
		<author>
			<persName xmlns="http://www.tei-c.org/ns/1.0"><forename type="first">D</forename><surname>Ramanan</surname></persName>
		</author>
	</analytic>
	<monogr>
		<title level="j">IJCV</title>
		<imprint>
			<biblScope unit="volume">101</biblScope>
			<biblScope unit="issue">1</biblScope>
			<biblScope unit="page" from="184" to="204" />
			<date type="published" when="2013" />
		</imprint>
	</monogr>
</biblStruct>

<biblStruct xml:id="b42">
	<monogr>
		<title level="m" type="main">The Caltech-UCSD Birds-200-2011 Dataset</title>
		<author>
			<persName xmlns="http://www.tei-c.org/ns/1.0"><forename type="first">C</forename><surname>Wah</surname></persName>
		</author>
		<author>
			<persName xmlns="http://www.tei-c.org/ns/1.0"><forename type="first">S</forename><surname>Branson</surname></persName>
		</author>
		<author>
			<persName xmlns="http://www.tei-c.org/ns/1.0"><forename type="first">P</forename><surname>Welinder</surname></persName>
		</author>
		<author>
			<persName xmlns="http://www.tei-c.org/ns/1.0"><forename type="first">P</forename><surname>Perona</surname></persName>
		</author>
		<author>
			<persName xmlns="http://www.tei-c.org/ns/1.0"><forename type="first">S</forename><surname>Belongie</surname></persName>
		</author>
		<imprint>
			<date type="published" when="2007" />
		</imprint>
	</monogr>
	<note type="report_type">Technical report</note>
</biblStruct>

<biblStruct xml:id="b43">
	<monogr>
		<title level="m" type="main">Learning fine-grained image similarity with deep ranking</title>
		<author>
			<persName xmlns="http://www.tei-c.org/ns/1.0"><forename type="first">J</forename><surname>Wang</surname></persName>
		</author>
		<author>
			<persName xmlns="http://www.tei-c.org/ns/1.0"><forename type="first">T</forename><surname>Leung</surname></persName>
		</author>
		<author>
			<persName xmlns="http://www.tei-c.org/ns/1.0"><forename type="first">C</forename><surname>Rosenberg</surname></persName>
		</author>
		<author>
			<persName xmlns="http://www.tei-c.org/ns/1.0"><forename type="first">J</forename><surname>Wang</surname></persName>
		</author>
		<author>
			<persName xmlns="http://www.tei-c.org/ns/1.0"><forename type="first">J</forename><surname>Philbin</surname></persName>
		</author>
		<author>
			<persName xmlns="http://www.tei-c.org/ns/1.0"><forename type="first">B</forename><surname>Chen</surname></persName>
		</author>
		<author>
			<persName xmlns="http://www.tei-c.org/ns/1.0"><forename type="first">Y</forename><surname>Wu</surname></persName>
		</author>
		<idno type="arXiv">arXiv:1404.4661</idno>
		<imprint>
			<date type="published" when="2014" />
			<biblScope unit="volume">3</biblScope>
			<biblScope unit="page">4</biblScope>
		</imprint>
	</monogr>
	<note type="report_type">arXiv preprint</note>
</biblStruct>

<biblStruct xml:id="b44">
	<analytic>
		<title level="a" type="main">Distance metric learning for large margin nearest neighbor classification</title>
		<author>
			<persName xmlns="http://www.tei-c.org/ns/1.0"><forename type="first">K</forename><forename type="middle">Q</forename><surname>Weinberger</surname></persName>
		</author>
		<author>
			<persName xmlns="http://www.tei-c.org/ns/1.0"><forename type="first">L</forename><forename type="middle">K</forename><surname>Saul</surname></persName>
		</author>
	</analytic>
	<monogr>
		<title level="j">JMLR</title>
		<imprint>
			<biblScope unit="issue">3</biblScope>
			<date type="published" when="2009" />
		</imprint>
	</monogr>
</biblStruct>

<biblStruct xml:id="b45">
	<analytic>
		<title level="a" type="main">Data-driven 3d voxel patterns for object category recognition</title>
		<author>
			<persName xmlns="http://www.tei-c.org/ns/1.0"><forename type="first">Y</forename><surname>Xiang</surname></persName>
		</author>
		<author>
			<persName xmlns="http://www.tei-c.org/ns/1.0"><forename type="first">W</forename><surname>Choi</surname></persName>
		</author>
		<author>
			<persName xmlns="http://www.tei-c.org/ns/1.0"><forename type="first">Y</forename><surname>Lin</surname></persName>
		</author>
		<author>
			<persName xmlns="http://www.tei-c.org/ns/1.0"><forename type="first">S</forename><surname>Savarese</surname></persName>
		</author>
	</analytic>
	<monogr>
		<title level="m">CVPR</title>
		<imprint>
			<date type="published" when="2015" />
		</imprint>
	</monogr>
</biblStruct>

<biblStruct xml:id="b46">
	<analytic>
		<title level="a" type="main">Distance metric learning with application to clustering with side-information</title>
		<author>
			<persName xmlns="http://www.tei-c.org/ns/1.0"><forename type="first">E</forename><forename type="middle">P</forename><surname>Xing</surname></persName>
		</author>
		<author>
			<persName xmlns="http://www.tei-c.org/ns/1.0"><forename type="first">M</forename><forename type="middle">I</forename><surname>Jordan</surname></persName>
		</author>
		<author>
			<persName xmlns="http://www.tei-c.org/ns/1.0"><forename type="first">S</forename><surname>Russell</surname></persName>
		</author>
		<author>
			<persName xmlns="http://www.tei-c.org/ns/1.0"><forename type="first">A</forename><forename type="middle">Y</forename><surname>Ng</surname></persName>
		</author>
	</analytic>
	<monogr>
		<title level="m">NIPS</title>
		<imprint>
			<date type="published" when="2002" />
		</imprint>
	</monogr>
</biblStruct>

<biblStruct xml:id="b47">
	<analytic>
		<title level="a" type="main">A large-scale car dataset for fine-grained categorization and verification</title>
		<author>
			<persName xmlns="http://www.tei-c.org/ns/1.0"><forename type="first">L</forename><surname>Yang</surname></persName>
		</author>
		<author>
			<persName xmlns="http://www.tei-c.org/ns/1.0"><forename type="first">P</forename><surname>Luo</surname></persName>
		</author>
		<author>
			<persName xmlns="http://www.tei-c.org/ns/1.0"><forename type="first">C</forename><forename type="middle">C</forename><surname>Loy</surname></persName>
		</author>
		<author>
			<persName xmlns="http://www.tei-c.org/ns/1.0"><forename type="first">X</forename><surname>Tang</surname></persName>
		</author>
	</analytic>
	<monogr>
		<title level="m">CVPR</title>
		<imprint>
			<date type="published" when="2015" />
			<biblScope unit="volume">1</biblScope>
			<biblScope unit="page">3</biblScope>
		</imprint>
	</monogr>
</biblStruct>

<biblStruct xml:id="b48">
	<monogr>
		<title level="m" type="main">Construction of a large-scale image dataset using deep learning with humans in the loop</title>
		<author>
			<persName xmlns="http://www.tei-c.org/ns/1.0"><forename type="first">F</forename><surname>Yu</surname></persName>
		</author>
		<author>
			<persName xmlns="http://www.tei-c.org/ns/1.0"><forename type="first">Y</forename><surname>Zhang</surname></persName>
		</author>
		<author>
			<persName xmlns="http://www.tei-c.org/ns/1.0"><forename type="first">S</forename><surname>Song</surname></persName>
		</author>
		<author>
			<persName xmlns="http://www.tei-c.org/ns/1.0"><forename type="first">A</forename><surname>Seff</surname></persName>
		</author>
		<author>
			<persName xmlns="http://www.tei-c.org/ns/1.0"><forename type="first">J</forename><surname>Xiao</surname></persName>
		</author>
		<idno type="arXiv">arXiv:1506.03365</idno>
		<imprint>
			<date type="published" when="2015" />
		</imprint>
	</monogr>
	<note type="report_type">arXiv preprint</note>
</biblStruct>

<biblStruct xml:id="b49">
	<analytic>
		<title level="a" type="main">Partbased r-cnns for fine-grained category detection</title>
		<author>
			<persName xmlns="http://www.tei-c.org/ns/1.0"><forename type="first">N</forename><surname>Zhang</surname></persName>
		</author>
		<author>
			<persName xmlns="http://www.tei-c.org/ns/1.0"><forename type="first">J</forename><surname>Donahue</surname></persName>
		</author>
		<author>
			<persName xmlns="http://www.tei-c.org/ns/1.0"><forename type="first">R</forename><surname>Girshick</surname></persName>
		</author>
		<author>
			<persName xmlns="http://www.tei-c.org/ns/1.0"><forename type="first">T</forename><surname>Darrell</surname></persName>
		</author>
	</analytic>
	<monogr>
		<title level="m">ECCV. 2014. 1</title>
		<imprint>
			<biblScope unit="volume">2</biblScope>
			<biblScope unit="page">7</biblScope>
		</imprint>
	</monogr>
</biblStruct>

				</listBibl>
			</div>
		</back>
	</text>
</TEI>
