<?xml version="1.0" encoding="UTF-8"?>
<TEI xml:space="preserve" xmlns="http://www.tei-c.org/ns/1.0" 
xmlns:xsi="http://www.w3.org/2001/XMLSchema-instance" 
xsi:schemaLocation="http://www.tei-c.org/ns/1.0 /mnt/c/Users/pc/Desktop/cs510_proj/grobid-0.5.6/grobid-home/schemas/xsd/Grobid.xsd"
 xmlns:xlink="http://www.w3.org/1999/xlink">
	<teiHeader xml:lang="en">
		<fileDesc>
			<titleStmt>
				<title level="a" type="main">Gradient-Domain Image Reconstruction Framework with Intensity-Range and Base-Structure Constraints</title>
			</titleStmt>
			<publicationStmt>
				<publisher/>
				<availability status="unknown"><licence/></availability>
			</publicationStmt>
			<sourceDesc>
				<biblStruct>
					<analytic>
						<author role="corresp">
							<persName xmlns="http://www.tei-c.org/ns/1.0"><forename type="first">Takashi</forename><surname>Shibata</surname></persName>
							<email>tshibata@ok.ctrl.titech.ac.jp</email>
							<affiliation key="aff0">
								<orgName type="institution">Tokyo Institute of Technology</orgName>
							</affiliation>
							<affiliation key="aff1">
								<orgName type="institution">NEC corporation</orgName>
							</affiliation>
						</author>
						<author>
							<persName xmlns="http://www.tei-c.org/ns/1.0"><forename type="first">Masayuki</forename><surname>Tanaka</surname></persName>
							<affiliation key="aff0">
								<orgName type="institution">Tokyo Institute of Technology</orgName>
							</affiliation>
						</author>
						<author>
							<persName xmlns="http://www.tei-c.org/ns/1.0"><forename type="first">Masatoshi</forename><surname>Okutomi</surname></persName>
							<affiliation key="aff0">
								<orgName type="institution">Tokyo Institute of Technology</orgName>
							</affiliation>
						</author>
						<title level="a" type="main">Gradient-Domain Image Reconstruction Framework with Intensity-Range and Base-Structure Constraints</title>
					</analytic>
					<monogr>
						<imprint>
							<date/>
						</imprint>
					</monogr>
				</biblStruct>
			</sourceDesc>
		</fileDesc>

		<encodingDesc>
			<appInfo>
				<application version="0.5.6" ident="GROBID" when="2019-12-02T16:41+0000">
					<ref target="https://github.com/kermitt2/grobid">GROBID - A machine learning software for extracting information from scholarly documents</ref>
				</application>
			</appInfo>
		</encodingDesc>		<profileDesc>
			<abstract>
<div xmlns="http://www.tei-c.org/ns/1.0"><p>This paper presents a novel unified gradient-domain image reconstruction framework with intensity-range constraint and base-structure constraint. The existing method for manipulating base structures and detailed textures are classifiable into two major approaches: i) gradient-domain and ii) layer-decomposition. To generate detail-preserving and artifact-free output images, we combine the benefits of the two approaches into the proposed framework by introducing the intensity-range constraint and the base-structure constraint. To preserve details of the input image, the proposed method takes advantage of reconstructing the output image in the gradient domain, while the output intensity is guaranteed to lie within the specified intensity range, e.g. 0-to-255, by the intensity-range constraint. In addition, the reconstructed image lies close to the base structure by the base-structure constraint, which is effective for restraining artifacts. Experimental results show that the proposed framework is effective for various applications such as tone mapping, seamless image cloning, detail enhancement, and image restoration.</p></div>
			</abstract>
		</profileDesc>
	</teiHeader>
	<text xml:lang="en">
		<body>
<div xmlns="http://www.tei-c.org/ns/1.0"><head n="1.">Introduction</head><p>Natural scenes include base structures and detailed textures of various kinds. Combinations of the base structures and the detailed textures provide rich information. An image editing algorithm, or image filtering, by manipulating the base structures and/or the detailed textures has a crucially important role in computer graphics and computer vision. The applications of such image editing algorithms include seamless image cloning <ref type="bibr" target="#b26">[27]</ref>, tone mapping for a high-dynamic range image (HDR tone mapping) <ref type="bibr" target="#b11">[12]</ref>, and detail enhancement <ref type="bibr" target="#b9">[10]</ref>. Image editing algorithms for these applications are classifiable as i) gradient-domain approach or ii) layer-decomposition approach.</p><p>In the gradient-domain approach <ref type="bibr" target="#b4">[5,</ref><ref type="bibr" target="#b11">12,</ref><ref type="bibr" target="#b26">27,</ref><ref type="bibr" target="#b28">29]</ref>, the gradients extracted from the input image are manipulated de-pending on the gradient norm. Roughly speaking, large and small gradients respectively associate to the base structure and the detailed texture. In the HDR tone mapping application <ref type="bibr" target="#b11">[12]</ref>, for example, large gradients are compressed, while preserving the small gradients. After these gradient manipulations, the gradient-based HDR tone mapping applications integrate the gradients to generate the resultant tone-mapped image. However, the intensity range of the tone-mapped image remains unknown until the integration is performed. Therefore, the intensity range of the tonemapped image often exceeds a fixed target range, 0-to-255 in general. Image range adjustment such as intensity rescaling or clipping is required as post-processing to enforce the intensity range into 0-to-255. This post-processing generates artifacts such as oversaturation and oversmoothing.</p><p>In the layer-decomposition approach <ref type="bibr" target="#b9">[10,</ref><ref type="bibr" target="#b25">26,</ref><ref type="bibr" target="#b38">39,</ref><ref type="bibr" target="#b37">38]</ref>, the input image is decomposed into the base structure and the detailed texture. Then, the base structure and the detailed texture are manipulated separately. In a detail enhancement application <ref type="bibr" target="#b9">[10]</ref>, for example, the detailed texture is enhanced and added to the base structure. The base structure should be extracted precisely and carefully to avoid artifacts such as ringing, halos, and gradient reversal. Various sophisticated edge-preserving filters <ref type="bibr" target="#b9">[10,</ref><ref type="bibr" target="#b25">26,</ref><ref type="bibr" target="#b38">39,</ref><ref type="bibr" target="#b37">38]</ref> have been proposed to extract the base structure precisely. However, the precise base structure extraction is still a challenging problem.</p><p>In this paper, we propose a unified gradient-domain image reconstruction framework that involves gradientdomain and layer-decomposition approaches. The proposed algorithm is an optimization approach based on the target gradient, which incorporates the intensity-range and the base-structure constraints. The proposed algorithm needs no post-processing of the intensity range adjustment because the fixed target intensity range is already taken into account in the optimization with the range constraint. In addition, the base structure constraint proposed in this paper are very effective for restraining artifacts such as ringing and halos.</p></div>
<div xmlns="http://www.tei-c.org/ns/1.0"><head n="2.">Related works 2.1. Gradient-domain approach</head><p>The gradient-domain approach presents various applications for computer graphics and computer vision. For example, the gradient-domain based tone mapping algorithm was proposed by Fattal et al. <ref type="bibr" target="#b11">[12]</ref>. Perez et al. <ref type="bibr" target="#b26">[27]</ref> presented the gradient-domain interpolation framework called Poisson image editing. Image fusion techniques based on the gradient-domain were also proposed <ref type="bibr" target="#b28">[29,</ref><ref type="bibr" target="#b8">9,</ref><ref type="bibr" target="#b34">35]</ref>. Other applications using gradient-domain include image matting <ref type="bibr" target="#b32">[33]</ref>, inpainting <ref type="bibr" target="#b30">[31,</ref><ref type="bibr" target="#b33">34]</ref>, image stitching <ref type="bibr" target="#b21">[22]</ref>, surface reconstruction <ref type="bibr" target="#b18">[19,</ref><ref type="bibr" target="#b0">1]</ref>, color interpolation <ref type="bibr" target="#b20">[21]</ref>, and color-to-gray mapping <ref type="bibr" target="#b13">[14,</ref><ref type="bibr" target="#b12">13]</ref>. Recently, motivated by the effectiveness of the gradient-domain approach, the general frameworks <ref type="bibr" target="#b4">[5,</ref><ref type="bibr" target="#b16">17]</ref> were also proposed.</p><p>The image-processing pipeline of the gradient-domain approach is presented in <ref type="figure" target="#fig_0">Fig. 1 (a)</ref>. The pipeline is mainly composed of three steps: 1) gradient extraction, 2) gradient manipulation, and 3) integration. In existing methods, the intensity range of the integrated image is unknown. Therefore, the intensity range of the reconstructed image often exceeds the fixed target range, e.g. 0-to-255, which is the range of a widely used 8-bit image. Intensity-range adjustment such as intensity clipping or rescaling is performed implicitly as post-processing. However, this postprocessing of the intensity range adjustment can considerably collapses the gradient information.</p></div>
<div xmlns="http://www.tei-c.org/ns/1.0"><head n="2.2.">Layer-decomposition approach</head><p>The layer-decomposition approach is also widely used for various computer graphics and compute vision applications such as HDR tone mapping <ref type="bibr" target="#b2">[3,</ref><ref type="bibr" target="#b9">10,</ref><ref type="bibr" target="#b25">26]</ref>, image abstraction and image enhancement <ref type="bibr" target="#b9">[10,</ref><ref type="bibr" target="#b25">26]</ref>, tone management <ref type="bibr" target="#b3">[4]</ref>, digital photography <ref type="bibr" target="#b27">[28]</ref>, and haze removal <ref type="bibr" target="#b29">[30]</ref>.</p><p>The processing pipeline of this approach is shown in <ref type="figure" target="#fig_0">Fig. 1 (b)</ref>. In the layer-decomposition approach, the input image is decomposed into the base structure and the detailed texture. Then, the base structure and/or the detailed texture are manipulated and combined to generate the output image.</p><p>In the layer-decomposition, the base structure is first extracted. Then, the detailed texture is obtained by subtracting the base structure from the input image. An edgepreserving filter is usually used to extract the base structure. A well-known edge-preserving filter is the bilateral filter (BLF) <ref type="bibr" target="#b35">[36]</ref>. Recently, many researchers have proposed sophisticated edge-preserving filters including the weighted least squares (WLS) filter <ref type="bibr" target="#b9">[10]</ref>, the guided filter <ref type="bibr" target="#b14">[15]</ref>, the local Laplacian filters (LLF) <ref type="bibr" target="#b25">[26]</ref> and its improved version <ref type="bibr" target="#b1">[2]</ref>, the bilateral texture filter <ref type="bibr" target="#b5">[6]</ref>, L 0 smoothing <ref type="bibr" target="#b22">[23,</ref><ref type="bibr" target="#b37">38]</ref>, the rolling guidance filter <ref type="bibr" target="#b39">[40]</ref>, the relative total variation <ref type="bibr" target="#b38">[39]</ref>, the edge-avoided wavelets <ref type="bibr" target="#b10">[11]</ref>, the smoothed local histogram filter <ref type="bibr" target="#b17">[18]</ref>, and the mutual struc-  ture for joint filtering <ref type="bibr" target="#b31">[32]</ref>.</p><p>In this approach, the precise base structure extraction is crucially important for the image quality of the output image. Although the recent edge-preserving filtering dramatically improves the performance of the base structure extraction, subtle extraction errors still induces severe artifacts such as halos, ringing, and gradient reversal. Furthermore, similar to the gradient-domain approach, the intensity-range adjustment might be necessary as post-processing.</p></div>
<div xmlns="http://www.tei-c.org/ns/1.0"><head n="3.">Proposed method</head><p>We propose the gradient-domain image reconstruction framework that involves the gradient-domain and layerdecomposition approaches. The pipeline of the proposed method is shown in <ref type="figure" target="#fig_0">Fig. 1</ref> (c). The key of the proposed method is the gradient-based reconstruction, which takes account of the intensity-range constraint and the basestructure constraint.</p><p>The proposed method first extracts the gradient and the base structure from input images. The gradient contains rich information, whereas the base structure represents the semantically meaningful structure. Next, the gradient is manipulated for each application, as presented in Sec. 4. The final output is reconstructed directly using energy optimization. In the proposed method, in contrast to the existing gradient-domain approach, the base structure and the intensity-range information are used to construct constraints in the energy functional.</p></div>
<div xmlns="http://www.tei-c.org/ns/1.0"><head n="3.1.">Image reconstruction by optimization</head><p>Image reconstruction is performed by optimizing the energy functional, which consists of three terms: 1) the gradient fidelity term, 2) the intensity-range constraint term, and 3) the base-structure constraint term. Formally, the total energy functional E[u(x)] is given as</p><formula xml:id="formula_0">E[u(x)] = F [u(x)] + G R [u(x)] + G B [u(x)],<label>(1)</label></formula><p>where u(x) denotes the output image intensity at the posi-</p><formula xml:id="formula_1">tion x, F [u(x)] is the gradient fidelity term, G R [u(x)] is the intensity-range constraint term, and G B [u(x)] is the base- structure constraint term.</formula><p>The target gradient can be preserved in the reconstructed image by minimizing the gradient residual between the target and the reconstructed gradients, in the same manner as the existing gradient-domain approach. The intensity range of the reconstructed image is guaranteed to be within the fixed target range by the intensity-range constraint. The base-structure constraint penalizes if the reconstructed image intensity is far from the base structure, so that the reconstructed image lies close to the base structure.</p><p>In this paper, we use a weighted least square of the gradient residuals as the fidelity term, following the method described in Baht et al. <ref type="bibr" target="#b4">[5]</ref>. The gradient fidelity term can be formulated as</p><formula xml:id="formula_2">F [u(x)] = ∫ ∑ d=h,v w d (x) |∂ d u(x) − q d (x)| 2 dx,<label>(2)</label></formula><p>where d stands for the horizontal or the vertical direction, w d (x) denotes the weight to control the influence of the residual on the result, ∂ d is the partial derivative for each direction, and q d (x) is the target gradient of each direction. The weight w d (x) is given as</p><formula xml:id="formula_3">w d (x) = (|∂ d u I (x) − q d (x)| + 1) −b ,<label>(3)</label></formula><p>where u I (x) is the input image intensity at x and b (typically 0.5 to 8.0) determines the sensitivity to the gradient residual. In the proposed method, q d (x) is designed for each applications. The intensity-range constraint term G R [u(x)] is given formally by integrating the intensity-range constraint g R (u(x)) over the position x as</p><formula xml:id="formula_4">G R [u(x)] = ∫ g R (u(x))dx,<label>(4)</label></formula><p>where the intensity-range constraint g R (u(x)) is defined with infinite potential as</p><formula xml:id="formula_5">g R (u(x)) =    ∞, R min &gt; u(x) 0, R min ≤ u(x) ≤ R max ∞, u(x) &gt; R max ,<label>(5)</label></formula><p>where R max and R min is the upper and lower bound defined by a fixed target range. Image reconstruction using the two terms above, i.e., F [u(x)] and G R [u(x)], is simple but effective for many applications such as the seamless image cloning and HDR tone mapping applications, as presented in Sec thermore, by introducing the base-structure constraint term G B [u(x)], the proposed method can find more extensive applications.</p></div>
<div xmlns="http://www.tei-c.org/ns/1.0"><head n="3.2.">Base structure constraint</head><p>The base-structure constraint term G B [u(x)] is given by integrating the base-structure constraint g B (u(x)) over the position x as</p><formula xml:id="formula_6">G B [u(x)] = ∫ g B (u(x))dx.<label>(6)</label></formula><p>In general, artifacts such as ringing and gradient reversal are generated when the output image intensity is excessively separated from the base structure. To penalize the intensity separation, the use of a simple constraint such as least squares form can be considered. This simple constraint can suppress the intensity separation, but it tends to over-smooth the details because the least squares is too strong to preserve the details. We design the base-structure constraint, so that the intensity separation is suppressed while preserving the details. The proposed base-structure constraint is given as</p><formula xml:id="formula_7">g B (u(x))= { λ(x)|u(x)−u B (x)|, |u(x)−u B (x)|≤ε(x) ∞, |u(x)−u B (x)|&gt;ε(x),<label>(7)</label></formula><p>where u B (x) is the base structure, ε(x) is the range parameter to decide the target range from the base structure u B (x), and λ(x) is the slope parameter to control the strength of the weak penalty. The base-structure constraint in Eq. <ref type="formula" target="#formula_7">(7)</ref> represents the convex potential as presented in <ref type="figure" target="#fig_1">Fig. 2</ref>. This base-structure constraint guarantees that the pixel intensity is within the range ε(x) from the base structure by the infinity potential. Within the range of ε(x), the base-structure constraint weakly penalizes the difference between the intensity and the base structure, so that detailed information is preserved. In this paper, we set that λ(x) is proportional to the inverse of the square of differences between the input image u I (x) and the base structure u B (x).</p></div>
<div xmlns="http://www.tei-c.org/ns/1.0"><head n="3.3.">Parameter designs of base-structure constraint</head><p>By designing the base structure u B (x) and the range parameter ε(x), the proposed framework can be applied to various applications such as detail enhancement and im-age restoration. We present examples of the base structure u B (x) and the range parameter ε(x). Edge-preserving filter based (EPF-based): The standard choice to extract the base structure is applying the edgepreserving filter:</p><formula xml:id="formula_8">u B (x) = J(u I (x)), ε(x) = ε 0 ,<label>(8)</label></formula><p>where J(·) is an edge-preserving filtering, and ε 0 (typically 15 to 45) is the globally constant parameter to determine the target range from the base structure. For example, the design in Eq. <ref type="formula" target="#formula_8">(8)</ref> is effective for detail enhancement applications.</p><p>Local intensity distribution based (LIB-based): In the image restoration application such as non-blind deconvolution, the overshoot or undershoot around edges generates the ringing artifacts. The proposed framework is effective to restrain these artifacts by designing the spatially adaptive range parameter ε(x). In general, the over or under shooting pixel intensity is prominently larger or smaller than the pixel intensity of its neighbors. To restrain the artifact, the base structure u B (x) and the range parameter ε(x) are designed so that the output image intensity u(x) does not exceed the local maximum or minimum of the input image intensity u I (x) at position x. The base structure and the range parameter can be expressed as</p><formula xml:id="formula_9">u B (x) = 1 2 [ max x∈N (x) u I (x) + miñ x∈N (x) u I (x) ] , ε(x) = 1 2 [ max x∈N (x) u I (x) − miñ x∈N (x) u I (x) ] ,<label>(9)</label></formula><p>where N (typically 3 to 7) is the set of neighbor pixel positions around x.</p></div>
<div xmlns="http://www.tei-c.org/ns/1.0"><head n="3.4.">Analysis of proposed constraints</head><p>We demonstrate the advantages of the intensity-range constraint term G R [u(x)] and the base-structure constraint term G B [u(x)] using the 1D signal examples. <ref type="figure" target="#fig_2">Fig. 3</ref> (a) shows the 1D signal example. We used the gradient fidelity term F [u(x)] and the intensity-range con-</p><formula xml:id="formula_10">straint term G R [u(x)].</formula><p>Here, the black line shows the input 1D signal. The dotted red lines show the lower and upper bounds, i.e., R min and R max . In this example, the target gradient q d (u(x)) is given as q d (u(x)) = ∂ d u I (x) for simplicity. The gradient of the input signal is shown in <ref type="figure" target="#fig_2">Fig. 3 (b)</ref>. The weak gradients originated from the details exist between the prominent gradients originated from the strong edges. The close-up of the results obtained using the naive intensity-range adjustment (the clipping and the rescaling), the proposed method and their gradient are shown in Figs. 3 (c)-3 (h).</p><p>As shown in Figs. 3 (c) and 3 (d), the over-saturated artifacts are generated by the clipping, whereas the signal is oversmoothed and the detail gradient collapses by rescal- ing, as shown in Figs. 3 (e) and 3 (f). However, Figs. 3 (g) and 3 (h) show the following: 1) the proposed method can preserve the detail gradient, which collapses by the naive range adjustment; and 2) the range of the obtained signal is within the fixed target range.</p><formula xml:id="formula_11">x (space) R min R max (a) Input signal (black), lower/upper bound (red dotted) x (space) R min R max (c) Clipping x (space) R min R max (e) Rescaling x (space) R min R max (g) Proposed method x (space) (b) Gradient of (a) x (space) (d) Gradient of (c) x (space) (f) Gradient of (e) x (space) (h) Gradient of (g)</formula><p>Next, we demonstrate the effectiveness of the basestructure constraint term G B [u(x)] using 1D signal example shown in <ref type="figure" target="#fig_4">Fig. 4</ref>. The goal in this example is to restore the blurred signal using the inaccurate (target) gradient q d (u(x)), which includes over or under shoot. This situation is common in practical scenes because the inaccurate gradient is often obtained when we restore the blurred image using inaccurate blur kernel. Estimating the strictly accurate blur kernel is extremely challenging. In this example, the inaccurate target gradient is calculated based on the image deblurred by existing non-blind deconvolution algorithm with inaccurate blur kernel. The base-structure constraint is calculated using Eq. (9). In <ref type="figure" target="#fig_4">Fig 4 (b)</ref>, the red line shows the base structure u B (x), whereas the red dotted lines show the lower and upper bounds, i.e. u B (x) ± ε(x).</p><p>Results shown by the existing non-blind deconvolution method <ref type="bibr" target="#b19">[20]</ref> using the inaccurate blur kernel and the proposed method are shown respectively in Figs. 4 (c) and (d) (black line). Although the existing method can recover sharpness around the strong edge, the ringing artifacts are generated. However, the proposed constraint can restrain the artifacts while maintaining sharpness around the strong edge because the base-structure constraint guarantees that  the restored intensity is within the (spatially-adaptive) target range shown as the red dotted lines.</p></div>
<div xmlns="http://www.tei-c.org/ns/1.0"><head n="3.5.">Solver by proximal algorithm</head><p>The objective functional E[u(x)] is composed of the differential convex term F [u(x)] and the non-differential convex term G R [u(x)] and G B [u(x)]. The objective functional is convex, but non-differential. Therefore, its solution cannot be obtained in a trivial manner. Fortunately, recent significant progress in convex optimization techniques presents a simple but efficient algorithmic solution. Particularly, the proximal algorithms <ref type="bibr" target="#b7">[8,</ref><ref type="bibr" target="#b24">25]</ref> are a powerful optimization scheme for image processing <ref type="bibr" target="#b23">[24]</ref> and computational photography <ref type="bibr" target="#b15">[16]</ref>. If there is inexpensive proximal mapping of the non-differential convex terms, i.e. G R [u(x)] and G B [u(x)], the proximal algorithms can effectively optimize the energy E[u(x)]. The proximal algorithms ensure the convergence and the uniqueness of the solution <ref type="bibr" target="#b7">[8,</ref><ref type="bibr" target="#b24">25]</ref>. To minimize the objective functional E[u(x)], we use the proximal algorithms <ref type="bibr" target="#b7">[8,</ref><ref type="bibr" target="#b24">25]</ref>. The proximal algorithm iteratively updates u(x) as</p><formula xml:id="formula_12">u k+1 (x) = prox ηG ( z k (x) ) ,<label>(10)</label></formula><p>where prox ηg (·) is proximal mapping with step parameter η, G is the non-differential term G=G R +G B , z k (x) is the result obtained by standard gradient descent iteration for the deferential term F [u(x)] which is given by</p><formula xml:id="formula_13">z k (x) = u k (x) − η δF [u(x)] δu(x) ,<label>(11)</label></formula><p>where δF [u(x)]/δu(x) is the functional derivative of F [u(x)]. Here, we set η = 0.25 in this paper. It is noteworthy that the initial value u k=1 is given by preprocessing, which is designed for each application. From Eq. (2), the functional derivative of F [u(x)] is described as</p><formula xml:id="formula_14">δF [u(x)] δu(x) = − ∑ d=h,v ∂ d ( w d (x) (∂ d u(x) − q d ) )</formula><p>. <ref type="bibr" target="#b11">(12)</ref> In our energy, the proximal mapping prox ηG (·) can be calculated position-by-position. The proximal mapping at the position x can be derived based on the integrand g(</p><formula xml:id="formula_15">x) = g R (x)+g B (x) of G[u(x)].</formula><p>In the following, we discuss the proximal mapping of integrand g(x) at the position x, which is denoted by prox ηg (·). To simplify the expression, we omit the argument x. To calculate the proximal mapping prox ηg (·), we rewrite the sum of the intensity-range constraint g R (u) and the base-structure constraint g B (u) as</p><formula xml:id="formula_16">g R (u) + g B (u) = Φ(u) + ι(u),<label>(13)</label></formula><p>where Φ(u) is the slope function given as Φ(u) = λ|u − u B |, ι(u) is the indicator function given as shown below.</p><formula xml:id="formula_17">ι(u) =    ∞, u &gt; u 0, u ≤ u ≤ u, ∞, u &gt; u<label>(14)</label></formula><p>where u = min(u B +ε, R max ) and u = max(u B −ε, R min ) are upper and lower bounds at position x. As shown in Eq. (13), the proposed constraints, i.e. g R (u) and g B (u), are formally expressed as the summation of the indicator function ι(u) and the slope function Φ(u). The proximal mapping prox ηg (·) is calculable as the proximal mapping of the indicator function ι(u) and the slope function Φ(u) as follows:</p><formula xml:id="formula_18">prox ηg ( z ) = prox ηι+ηΦ ( z ) = prox ηι ( prox ηΦ ( z )) (15) = P [u,u] ( soft [ηλ,ηλ] ( z − u B ) + u B ) ,</formula><p>where P [u,u] (·) is the hard thresholding operator by u and u, and soft [γ,γ] (·) is the soft thresholding operator by γ <ref type="bibr" target="#b24">[25]</ref>. The step parameter η is updated for each step. Consequently, our algorithm for minimizing the energy functional in Eq. (1) can be expressed with simple implementation using the proximal gradient method. The computational cost is proportional to the number of the iteration, and it takes several minutes with non-optimized implementation in matlab.</p></div>
<div xmlns="http://www.tei-c.org/ns/1.0"><head n="4.">Applications</head><p>The proposed framework has various applications including seamless image cloning, HDR tone mapping, image enhancement, image fusion, and image restoration. In this section, we demonstrate the examples of the performance of the proposed framework for each application 1 . The intensity-range constraint and the base-structure constraint for each application are listed in <ref type="table">Table 1</ref>. The luminance component is reconstructed by the proposed framework. The color component extracted from the input image <ref type="table">Table 1</ref>. Examples of intensity-range constraint and base-structure constraint for each application.</p><p>Application</p><formula xml:id="formula_19">G R [u(x)] G B [u(x)]</formula><p>Seamless image cloning ✓ -Tone mapping ✓ -Detail enhancement ✓ EPF-based Non-blind deconvolution ✓ LID-based (a) Source image (c) Poisson image editing <ref type="bibr" target="#b26">[27]</ref> (b) Target image (d) Proposed method <ref type="figure">Figure 5</ref>. Seamless image cloning.</p><p>(a) Fattal's method <ref type="bibr" target="#b11">[12]</ref> (b) Gradient shop <ref type="bibr" target="#b4">[5]</ref> (c) LLF <ref type="bibr" target="#b25">[26]</ref> (d) WLS <ref type="bibr" target="#b9">[10]</ref> (e) L 0 smoothing <ref type="bibr" target="#b37">[38]</ref> (f) Proposed method <ref type="figure">Figure 6</ref>. HDR tone mapping result.</p><p>is added to the reconstructed luminance component.</p></div>
<div xmlns="http://www.tei-c.org/ns/1.0"><head n="4.1.">Seamless image cloning</head><p>The proposed framework is effective for gradient-based image editing applications such as the seamless image cloning. In general, existing methods including Poisson image editing <ref type="bibr" target="#b26">[27]</ref> suffer from over-saturation because the intensity range of the integrated image is unknown until the gradient integration is performed. The intensity range after gradient integration often exceeds the fixed target range. On the other hand, the proposed framework using the intensityrange constraint can generate the output within the fixed target range while preserving the details. In this application, the target (combined) gradient q d (x) is given as</p><formula xml:id="formula_20">q d (x) = φ(x)∂ d u I (x)+(1−φ(x))∂ d u T (x), where u I (x) is the source image, u T (x)</formula><p>is the target image, and φ(x) is the binary mask which is specified by the user. The initial value u k=1 (x) is given by the naive composed intensity as</p><formula xml:id="formula_21">u k=1 (x) =φ(x)u I (x)+(1−φ(x))u T (x).</formula><p>The results obtained using the proposed and the existing methods <ref type="bibr" target="#b26">[27]</ref> are shown respectively in Figs. 5 (c) and 5 (d).</p><p>Although the detailed texture of the moon are diminished in the result obtained using the existing method <ref type="bibr" target="#b26">[27]</ref>, as shown in <ref type="figure">Fig. 5 (c)</ref>, the proposed method can preserve the detailed texture of the moon, as shown in <ref type="figure">Fig. 5 (d)</ref>. It is noteworthy that the proposed method automatically adjusts the whole image intensity to preserve the details under the intensityrange constraint, while the existing method only adjusts the intensity within the specified target region.</p></div>
<div xmlns="http://www.tei-c.org/ns/1.0"><head n="4.2.">HDR Tone mapping</head><p>Our framework with the intensity-range constraint is also effective for the HDR tone mapping application. In this application, the target gradient q d (x) is given as q d (x) = α∂ dũI (x), where α is the parameter to control the target gradient strength,ũ is the normalized input image intensity by dividing by the local maximum of the input image u I (x). The initial value u k=1 (x) is obtained by the naive range adjustment, i.e. the intensity rescaling.</p><p>An example of the results obtained using the proposed method is shown in Figs. 6 (f) . Here, α = 0.015 in this experiment. Comparison with the existing gradient-domain approaches (Fattal et al. <ref type="bibr" target="#b11">[12]</ref> and Gradient shop <ref type="bibr" target="#b4">[5]</ref>), and the existing layer-decomposition approaches (L 0 smoothing <ref type="bibr" target="#b37">[38]</ref>, Local Laplacian filter (LLF) <ref type="bibr" target="#b25">[26]</ref>, and WLS filter <ref type="bibr" target="#b9">[10]</ref>) are also shown in Figs. 6 (a)-6 (e) 2 . As shown in <ref type="figure">Fig. 6</ref>, the proposed method can generate detail-preserving output without oversaturation in the stained glass region, while the pixel intensity is saturated in the region using ex-  Another example is shown in <ref type="figure" target="#fig_5">Fig. 7</ref>. The proposed method can control details by adjusting the target gradient strength α. As shown in <ref type="figure" target="#fig_5">Fig. 7 (c)</ref>, the details of the floor are enhanced by increasing α without saturation.</p><p>Finally, to evaluate the performance of our framework, we measured the gradient preservation of the details using root mean squared error of the gradient Q G :</p><formula xml:id="formula_22">Q G = √ ∫ ∑ d=h,v |∂ d u(x) − q d (x)| 2 dx.<label>(16)</label></formula><p>In this evaluation, 35 HDR images were used to evaluate the metric Q G . The average value of the metric of the proposed method and the existing methods are presented in <ref type="table" target="#tab_1">Table 2</ref>. Evaluation shows that the proposed method can preserve the details of the gradient better than the existing tone mapping algorithms.</p></div>
<div xmlns="http://www.tei-c.org/ns/1.0"><head n="4.3.">Detail enhancement</head><p>Next, we demonstrate the performance of the proposed method for the detail enhancement application. Using our base-structure constraint term, the proposed method can generate the detail-enhanced image without artifacts such as gradient reversals even though the target gradient is designed simply. To examine this benefit, the simplest de- sign of the target gradient q d (x) is used as follows:</p><formula xml:id="formula_23">q d (x)= α∂ d u I (x),</formula><p>where α is the parameter to control the target gradient strength. The input intensity is used as initial value u k=1 (x).</p><p>To compare the performance of the proposed method with those of the existing methods based on layerdecomposition approach, we compare the detail enhanced results obtained using the existing methods and the proposed method with the same edge-preserving filter as shown in <ref type="figure" target="#fig_6">Fig. 8</ref>. Here, we set α=8.0 in this experiment. Using the existing method, gradient reversal and oversaturated artifacts are generated at the edge region, as shown in Figs. 8 (c) and 8 (e). In the results of the existing methods, the artifacts severely appear because the gradient strength factor is relatively large. However, even in this extreme case, the proposed method can restrain the artifacts though the same edge-preserving filter is used to extract the base structure, as shown in Figs. 8 (d) and 8 (f). Furthermore, one can find that the proposed method can generate similar outputs irrespective of the edge-preserving filter algorithms. These results demonstrate that the proposed method is robust against choosing edge-preserving filter algorithms and their parameters.</p></div>
<div xmlns="http://www.tei-c.org/ns/1.0"><head n="4.4.">Robust restoration: non-blind deconvolution</head><p>As discussed in Sec. 3.4, the proposed method with the base-structure constraint term can restore the blurred image using the inaccurate gradient without ringing artifacts. This benefit is considerably effective for non-blind deconvolution with an inaccurate blur kernel. We evaluated the performance of the proposed method for the non-blind (a) Input image (b) Krishnan's method <ref type="bibr" target="#b19">[20]</ref> (c) Cho's method <ref type="bibr" target="#b6">[7]</ref> (d) Proposed method (e) Ground truth <ref type="figure" target="#fig_0">Figure 10</ref>. Comparison of the proposed method with existing methods. deconvolution application. It is noteworthy that although the non-blind deconvolution application is discussed in this section, the proposed method is also effective for blinddeconvolution application because, in general, non-blind deconvolution and the blur kernel estimation are alternatively conducted in many blind-deconvolution algorithms.</p><p>In this application, the inaccurate (targeted) gradient q d (x) is calculated based on the image deblurred by an existing non-blind deconvolution algorithm with inaccurate blur kernel. Formally, the inaccurate gradient is given as q d (x)=∂ dṽ (x), whereṽ(x) is the result obtained using the existing non-blind deconvolution method. In this paper, we used Cho's method <ref type="bibr" target="#b6">[7]</ref> to obtainṽ(x).</p><p>The blurred image and the result by the proposed method are shown in <ref type="figure">Fig. 9</ref>. A comparison of the proposed method with the existing methods <ref type="bibr">(Krishnan et</ref>. al <ref type="bibr" target="#b19">[20]</ref> and that of Cho et al. <ref type="bibr" target="#b6">[7]</ref>) at the blue and the red box regions is shown in <ref type="figure" target="#fig_0">Fig. 10</ref>. Here, default setting parameters were used for each existing methods. The input image is blurred using the spacially variant kernel based on the depth of each object. The restored images are generated by debluring with the spacially invariant kernel which is for the back ground. As shown in Figs. 10 (b) and 10 (c), the existing methods generate severe ringing artifact in the foreground, e.g. the cow, where the image is restored by the inaccurate blur kernel. The proposed method can dramatically reduce the ringing artifact while maintaining the sharpness of the strong edge in the background where the image is restored by the accurate blur kernel.</p><p>To evaluate the robustness against the blur kernel inaccuracy, we conducted the experiment using kernels having different kernel width. The true width of the setting kernel is σ=2 [pix]. The Peak Signal-to-Noise Ratio (PSNR) and SSIM <ref type="bibr" target="#b36">[37]</ref> between the ground truth and the restored results are presented in <ref type="figure" target="#fig_0">Fig. 11</ref>. These figures show that the proposed method outperforms the existing methods in terms of both measures when the kernel width σ is greater than the true width, because the existing methods generate strong ringing artifacts, while the proposed method can restrain it. This result shows that the proposed method is effective for robust image restoration using the inaccurate gradient such as non-blind deconvolution application with the inaccurate blur kernel.</p></div>
<div xmlns="http://www.tei-c.org/ns/1.0"><head n="5.">Conclusions</head><p>We have proposed the novel gradient-domain image reconstruction framework with the intensity-range constraint and the base-structure constraint. The intensity-range constraint can generate an image with intensity within the fixed target range. By introducing the base-structure constraint, the proposed method can generate detail-preserving output while reducing artifacts. The proposed framework can inherit the benefit of the existing gradient-domain approach and the layer-decomposition approach. Experiments have shown that the proposed framework has various applications such as tone mapping, seamless image cloning, detail enhancement, and image restoration.</p></div><figure xmlns="http://www.tei-c.org/ns/1.0" xml:id="fig_0"><head>Figure 1 .</head><label>1</label><figDesc>Image processing pipelines of the existing approaches and the proposed framework.</figDesc></figure>
<figure xmlns="http://www.tei-c.org/ns/1.0" xml:id="fig_1"><head>Figure 2 .</head><label>2</label><figDesc>Base structure constraint gB(u).</figDesc></figure>
<figure xmlns="http://www.tei-c.org/ns/1.0" xml:id="fig_2"><head>Figure 3 .</head><label>3</label><figDesc>Effectiveness of intensity range constraint GR[u(x)].</figDesc></figure>
<figure xmlns="http://www.tei-c.org/ns/1.0" xml:id="fig_3"><head></head><label></label><figDesc>method (black) and lower and upper bounds (dotted red)</figDesc></figure>
<figure xmlns="http://www.tei-c.org/ns/1.0" xml:id="fig_4"><head>Figure 4 .</head><label>4</label><figDesc>Effectiveness of base-structure constraint GB[u(x)].</figDesc></figure>
<figure xmlns="http://www.tei-c.org/ns/1.0" xml:id="fig_5"><head>Figure 7 .</head><label>7</label><figDesc>HDR tone mapping with detail enhancement by adjusting the target gradient strength α in the proposed method.</figDesc></figure>
<figure xmlns="http://www.tei-c.org/ns/1.0" xml:id="fig_6"><head>Figure 8 .</head><label>8</label><figDesc>Detail enhancement result by the proposed method.</figDesc></figure>
<figure xmlns="http://www.tei-c.org/ns/1.0" xml:id="fig_7"><head>Figure 9 .Figure 11 .</head><label>911</label><figDesc>Results of non-blind deconvolution.Kernel width ( σ [Robustness against inaccurate blur kernels.</figDesc></figure>
<figure xmlns="http://www.tei-c.org/ns/1.0" type="table" xml:id="tab_1" validated="true"><head>Table 2 .</head><label>2</label><figDesc>Root mean squared error of gradient components.</figDesc><table>Method 
Q G 
Method 
Q G 

Clipping 
11.0 
Gradient shop [5] 0.038 
Rescaling 
0.042 
LLF [26] 
0.038 
Proposed method 0.027 
WLS [10] 
0.040 

isting methods. 
</table></figure>
			<note xmlns="http://www.tei-c.org/ns/1.0" place="foot" n="1">The additional results and the source code will be available at http://www.ok.ctrl.titech.ac.jp/res/IC/</note>
			<note xmlns="http://www.tei-c.org/ns/1.0" place="foot" n="2">Here, the default setting or the suggested parameters were used for the method<ref type="bibr" target="#b4">[5,</ref><ref type="bibr" target="#b9">10]</ref>. The results by the existing methods<ref type="bibr" target="#b11">[12,</ref><ref type="bibr" target="#b25">26,</ref><ref type="bibr" target="#b37">38]</ref> are collected by their project pages.</note>
		</body>
		<back>
			<div type="references">

				<listBibl>

<biblStruct xml:id="b0">
	<analytic>
		<title level="a" type="main">An algebraic approach to surface reconstruction from gradient fields</title>
		<author>
			<persName xmlns="http://www.tei-c.org/ns/1.0"><forename type="first">A</forename><surname>Agrawal</surname></persName>
		</author>
		<author>
			<persName xmlns="http://www.tei-c.org/ns/1.0"><forename type="first">R</forename><surname>Chellappa</surname></persName>
		</author>
		<author>
			<persName xmlns="http://www.tei-c.org/ns/1.0"><forename type="first">R</forename><surname>Raskar</surname></persName>
		</author>
	</analytic>
	<monogr>
		<title level="m">Proc. of IEEE Int. Conf. on Computer Vision(ICCV)</title>
		<meeting>of IEEE Int. Conf. on Computer Vision(ICCV)</meeting>
		<imprint>
			<date type="published" when="2005" />
			<biblScope unit="volume">1</biblScope>
			<biblScope unit="page" from="174" to="181" />
		</imprint>
	</monogr>
</biblStruct>

<biblStruct xml:id="b1">
	<analytic>
		<title level="a" type="main">Fast local laplacian filters: Theory and applications</title>
		<author>
			<persName xmlns="http://www.tei-c.org/ns/1.0"><forename type="first">M</forename><surname>Aubry</surname></persName>
		</author>
		<author>
			<persName xmlns="http://www.tei-c.org/ns/1.0"><forename type="first">S</forename><surname>Paris</surname></persName>
		</author>
		<author>
			<persName xmlns="http://www.tei-c.org/ns/1.0"><forename type="first">S</forename><forename type="middle">W</forename><surname>Hasinoff</surname></persName>
		</author>
		<author>
			<persName xmlns="http://www.tei-c.org/ns/1.0"><forename type="first">J</forename><surname>Kautz</surname></persName>
		</author>
		<author>
			<persName xmlns="http://www.tei-c.org/ns/1.0"><forename type="first">F</forename><surname>Durand</surname></persName>
		</author>
	</analytic>
	<monogr>
		<title level="j">ACM Trans. on Graphics (TOG)</title>
		<imprint>
			<biblScope unit="volume">33</biblScope>
			<biblScope unit="issue">5</biblScope>
			<biblScope unit="page">167</biblScope>
			<date type="published" when="2014" />
		</imprint>
	</monogr>
</biblStruct>

<biblStruct xml:id="b2">
	<analytic>
		<title level="a" type="main">Temporally coherent local tone mapping of hdr video</title>
		<author>
			<persName xmlns="http://www.tei-c.org/ns/1.0"><forename type="first">T</forename><forename type="middle">O</forename><surname>Aydin</surname></persName>
		</author>
		<author>
			<persName xmlns="http://www.tei-c.org/ns/1.0"><forename type="first">N</forename><surname>Stefanoski</surname></persName>
		</author>
		<author>
			<persName xmlns="http://www.tei-c.org/ns/1.0"><forename type="first">S</forename><surname>Croci</surname></persName>
		</author>
		<author>
			<persName xmlns="http://www.tei-c.org/ns/1.0"><forename type="first">M</forename><surname>Gross</surname></persName>
		</author>
		<author>
			<persName xmlns="http://www.tei-c.org/ns/1.0"><forename type="first">A</forename><surname>Smolic</surname></persName>
		</author>
	</analytic>
	<monogr>
		<title level="j">ACM Trans. on Graphics (TOG)</title>
		<imprint>
			<biblScope unit="volume">33</biblScope>
			<biblScope unit="issue">6</biblScope>
			<biblScope unit="page">196</biblScope>
			<date type="published" when="2014" />
		</imprint>
	</monogr>
</biblStruct>

<biblStruct xml:id="b3">
	<analytic>
		<title level="a" type="main">Two-scale tone management for photographic look</title>
		<author>
			<persName xmlns="http://www.tei-c.org/ns/1.0"><forename type="first">S</forename><surname>Bae</surname></persName>
		</author>
		<author>
			<persName xmlns="http://www.tei-c.org/ns/1.0"><forename type="first">S</forename><surname>Paris</surname></persName>
		</author>
		<author>
			<persName xmlns="http://www.tei-c.org/ns/1.0"><forename type="first">F</forename><surname>Durand</surname></persName>
		</author>
	</analytic>
	<monogr>
		<title level="j">ACM Transactions on Graphics (TOG)</title>
		<imprint>
			<biblScope unit="volume">25</biblScope>
			<biblScope unit="issue">3</biblScope>
			<biblScope unit="page" from="637" to="645" />
			<date type="published" when="2006" />
		</imprint>
	</monogr>
</biblStruct>

<biblStruct xml:id="b4">
	<analytic>
		<title level="a" type="main">Gradientshop: A gradient-domain optimization framework for image and video filtering</title>
		<author>
			<persName xmlns="http://www.tei-c.org/ns/1.0"><forename type="first">P</forename><surname>Bhat</surname></persName>
		</author>
		<author>
			<persName xmlns="http://www.tei-c.org/ns/1.0"><forename type="first">C</forename><forename type="middle">L</forename><surname>Zitnick</surname></persName>
		</author>
		<author>
			<persName xmlns="http://www.tei-c.org/ns/1.0"><forename type="first">M</forename><surname>Cohen</surname></persName>
		</author>
		<author>
			<persName xmlns="http://www.tei-c.org/ns/1.0"><forename type="first">B</forename><surname>Curless</surname></persName>
		</author>
	</analytic>
	<monogr>
		<title level="j">ACM Trans. on Graphics (TOG)</title>
		<imprint>
			<biblScope unit="volume">29</biblScope>
			<biblScope unit="issue">2</biblScope>
			<biblScope unit="page">10</biblScope>
			<date type="published" when="2010" />
		</imprint>
	</monogr>
</biblStruct>

<biblStruct xml:id="b5">
	<analytic>
		<title level="a" type="main">Bilateral texture filtering</title>
		<author>
			<persName xmlns="http://www.tei-c.org/ns/1.0"><forename type="first">H</forename><surname>Cho</surname></persName>
		</author>
		<author>
			<persName xmlns="http://www.tei-c.org/ns/1.0"><forename type="first">H</forename><surname>Lee</surname></persName>
		</author>
		<author>
			<persName xmlns="http://www.tei-c.org/ns/1.0"><forename type="first">H</forename><surname>Kang</surname></persName>
		</author>
		<author>
			<persName xmlns="http://www.tei-c.org/ns/1.0"><forename type="first">S</forename><surname>Lee</surname></persName>
		</author>
	</analytic>
	<monogr>
		<title level="j">ACM Trans. on Graphics (TOG)</title>
		<imprint>
			<biblScope unit="volume">33</biblScope>
			<biblScope unit="issue">4</biblScope>
			<biblScope unit="page">128</biblScope>
			<date type="published" when="2014" />
		</imprint>
	</monogr>
</biblStruct>

<biblStruct xml:id="b6">
	<analytic>
		<title level="a" type="main">Handling outliers in non-blind image deconvolution</title>
		<author>
			<persName xmlns="http://www.tei-c.org/ns/1.0"><forename type="first">S</forename><surname>Cho</surname></persName>
		</author>
		<author>
			<persName xmlns="http://www.tei-c.org/ns/1.0"><forename type="first">J</forename><surname>Wang</surname></persName>
		</author>
		<author>
			<persName xmlns="http://www.tei-c.org/ns/1.0"><forename type="first">S</forename><surname>Lee</surname></persName>
		</author>
	</analytic>
	<monogr>
		<title level="m">Proc. of IEEE Int. Conf. on Computer Vision(ICCV)</title>
		<meeting>of IEEE Int. Conf. on Computer Vision(ICCV)</meeting>
		<imprint>
			<date type="published" when="2011" />
			<biblScope unit="page" from="495" to="502" />
		</imprint>
	</monogr>
</biblStruct>

<biblStruct xml:id="b7">
	<monogr>
		<title level="m" type="main">Proximal splitting methods in signal processing. Fixed-point algorithms for inverse problems in science and engineering</title>
		<author>
			<persName xmlns="http://www.tei-c.org/ns/1.0"><forename type="first">P</forename><forename type="middle">L</forename><surname>Combettes</surname></persName>
		</author>
		<author>
			<persName xmlns="http://www.tei-c.org/ns/1.0"><forename type="first">J</forename><forename type="middle">C</forename><surname>Pesquet</surname></persName>
		</author>
		<imprint>
			<date type="published" when="2011" />
			<biblScope unit="page" from="185" to="212" />
		</imprint>
	</monogr>
</biblStruct>

<biblStruct xml:id="b8">
	<analytic>
		<title level="a" type="main">Spectral edge image fusion: Theory and applications</title>
		<author>
			<persName xmlns="http://www.tei-c.org/ns/1.0"><forename type="first">D</forename><surname>Connah</surname></persName>
		</author>
		<author>
			<persName xmlns="http://www.tei-c.org/ns/1.0"><forename type="first">M</forename><forename type="middle">S</forename><surname>Drew</surname></persName>
		</author>
		<author>
			<persName xmlns="http://www.tei-c.org/ns/1.0"><forename type="first">G</forename><forename type="middle">D</forename><surname>Finlayson</surname></persName>
		</author>
	</analytic>
	<monogr>
		<title level="m">Proc. of European Conf. on Computer Vision (ECCV)</title>
		<meeting>of European Conf. on Computer Vision (ECCV)</meeting>
		<imprint>
			<date type="published" when="2014" />
			<biblScope unit="page" from="65" to="80" />
		</imprint>
	</monogr>
</biblStruct>

<biblStruct xml:id="b9">
	<analytic>
		<title level="a" type="main">Edgepreserving decompositions for multi-scale tone and detail manipulation</title>
		<author>
			<persName xmlns="http://www.tei-c.org/ns/1.0"><forename type="first">Z</forename><surname>Farbman</surname></persName>
		</author>
		<author>
			<persName xmlns="http://www.tei-c.org/ns/1.0"><forename type="first">R</forename><surname>Fattal</surname></persName>
		</author>
		<author>
			<persName xmlns="http://www.tei-c.org/ns/1.0"><forename type="first">D</forename><surname>Lischinski</surname></persName>
		</author>
		<author>
			<persName xmlns="http://www.tei-c.org/ns/1.0"><forename type="first">R</forename><surname>Szeliski</surname></persName>
		</author>
	</analytic>
	<monogr>
		<title level="j">ACM Trans. on Graphics (TOG)</title>
		<imprint>
			<biblScope unit="volume">27</biblScope>
			<biblScope unit="issue">3</biblScope>
			<biblScope unit="page">67</biblScope>
			<date type="published" when="2008" />
		</imprint>
	</monogr>
</biblStruct>

<biblStruct xml:id="b10">
	<analytic>
		<title level="a" type="main">Edge-avoiding wavelets and their applications</title>
		<author>
			<persName xmlns="http://www.tei-c.org/ns/1.0"><forename type="first">R</forename></persName>
		</author>
	</analytic>
	<monogr>
		<title level="j">ACM Trans. on Graphics (TOG)</title>
		<imprint>
			<biblScope unit="volume">28</biblScope>
			<biblScope unit="issue">3</biblScope>
			<biblScope unit="page">22</biblScope>
			<date type="published" when="2009" />
		</imprint>
	</monogr>
</biblStruct>

<biblStruct xml:id="b11">
	<analytic>
		<title level="a" type="main">Gradient domain high dynamic range compression</title>
		<author>
			<persName xmlns="http://www.tei-c.org/ns/1.0"><forename type="first">R</forename><surname>Fattal</surname></persName>
		</author>
		<author>
			<persName xmlns="http://www.tei-c.org/ns/1.0"><forename type="first">D</forename><surname>Lischinski</surname></persName>
		</author>
		<author>
			<persName xmlns="http://www.tei-c.org/ns/1.0"><forename type="first">M</forename><surname>Werman</surname></persName>
		</author>
	</analytic>
	<monogr>
		<title level="j">ACM Trans. on Graphics (TOG)</title>
		<imprint>
			<biblScope unit="volume">21</biblScope>
			<biblScope unit="issue">3</biblScope>
			<biblScope unit="page" from="249" to="256" />
			<date type="published" when="2002" />
		</imprint>
	</monogr>
</biblStruct>

<biblStruct xml:id="b12">
	<analytic>
		<title level="a" type="main">Lookup-tablebased gradient field reconstruction</title>
		<author>
			<persName xmlns="http://www.tei-c.org/ns/1.0"><forename type="first">G</forename><forename type="middle">D</forename><surname>Finlayson</surname></persName>
		</author>
		<author>
			<persName xmlns="http://www.tei-c.org/ns/1.0"><forename type="first">D</forename><surname>Connah</surname></persName>
		</author>
		<author>
			<persName xmlns="http://www.tei-c.org/ns/1.0"><forename type="first">M</forename><forename type="middle">S</forename><surname>Drew</surname></persName>
		</author>
	</analytic>
	<monogr>
		<title level="j">IEEE Trans. on Image Processing</title>
		<imprint>
			<biblScope unit="volume">20</biblScope>
			<biblScope unit="issue">10</biblScope>
			<biblScope unit="page" from="2827" to="2836" />
			<date type="published" when="2011" />
		</imprint>
	</monogr>
</biblStruct>

<biblStruct xml:id="b13">
	<analytic>
		<title level="a" type="main">Color2gray: salience-preserving color removal</title>
		<author>
			<persName xmlns="http://www.tei-c.org/ns/1.0"><forename type="first">A</forename><forename type="middle">A</forename><surname>Gooch</surname></persName>
		</author>
		<author>
			<persName xmlns="http://www.tei-c.org/ns/1.0"><forename type="first">S</forename><forename type="middle">C</forename><surname>Olsen</surname></persName>
		</author>
		<author>
			<persName xmlns="http://www.tei-c.org/ns/1.0"><forename type="first">J</forename><surname>Tumblin</surname></persName>
		</author>
		<author>
			<persName xmlns="http://www.tei-c.org/ns/1.0"><forename type="first">B</forename><surname>Gooch</surname></persName>
		</author>
	</analytic>
	<monogr>
		<title level="j">ACM Trans. on Graphics (TOG)</title>
		<imprint>
			<biblScope unit="volume">24</biblScope>
			<biblScope unit="issue">3</biblScope>
			<biblScope unit="page" from="634" to="639" />
			<date type="published" when="2005" />
		</imprint>
	</monogr>
</biblStruct>

<biblStruct xml:id="b14">
	<analytic>
		<title level="a" type="main">Guided image filtering</title>
		<author>
			<persName xmlns="http://www.tei-c.org/ns/1.0"><forename type="first">K</forename><surname>He</surname></persName>
		</author>
		<author>
			<persName xmlns="http://www.tei-c.org/ns/1.0"><forename type="first">J</forename><surname>Sun</surname></persName>
		</author>
		<author>
			<persName xmlns="http://www.tei-c.org/ns/1.0"><forename type="first">X</forename><surname>Tang</surname></persName>
		</author>
	</analytic>
	<monogr>
		<title level="m">Proc. of European Conf. on Computer Vision (ECCV)</title>
		<meeting>of European Conf. on Computer Vision (ECCV)</meeting>
		<imprint>
			<date type="published" when="2010" />
			<biblScope unit="volume">6311</biblScope>
			<biblScope unit="page" from="1" to="14" />
		</imprint>
	</monogr>
</biblStruct>

<biblStruct xml:id="b15">
	<analytic>
		<title level="a" type="main">Flexisp: A flexible camera image processing framework</title>
		<author>
			<persName xmlns="http://www.tei-c.org/ns/1.0"><forename type="first">F</forename><surname>Heide</surname></persName>
		</author>
		<author>
			<persName xmlns="http://www.tei-c.org/ns/1.0"><forename type="first">M</forename><surname>Steinberger</surname></persName>
		</author>
		<author>
			<persName xmlns="http://www.tei-c.org/ns/1.0"><forename type="first">Y</forename><forename type="middle">T</forename><surname>Tsai</surname></persName>
		</author>
		<author>
			<persName xmlns="http://www.tei-c.org/ns/1.0"><forename type="first">M</forename><surname>Rouf</surname></persName>
		</author>
		<author>
			<persName xmlns="http://www.tei-c.org/ns/1.0"><forename type="first">D</forename><surname>Pajak</surname></persName>
		</author>
		<author>
			<persName xmlns="http://www.tei-c.org/ns/1.0"><forename type="first">D</forename><surname>Reddy</surname></persName>
		</author>
		<author>
			<persName xmlns="http://www.tei-c.org/ns/1.0"><forename type="first">O</forename><surname>Gallo</surname></persName>
		</author>
		<author>
			<persName xmlns="http://www.tei-c.org/ns/1.0"><forename type="first">J</forename><surname>Liu</surname></persName>
		</author>
		<author>
			<persName xmlns="http://www.tei-c.org/ns/1.0"><forename type="first">W</forename><surname>Heidrich</surname></persName>
		</author>
		<author>
			<persName xmlns="http://www.tei-c.org/ns/1.0"><forename type="first">K</forename><surname>Egiazarian</surname></persName>
		</author>
	</analytic>
	<monogr>
		<title level="j">ACM Trans. on Graphics (TOG)</title>
		<imprint>
			<biblScope unit="volume">33</biblScope>
			<biblScope unit="issue">6</biblScope>
			<biblScope unit="page">231</biblScope>
			<date type="published" when="2014" />
		</imprint>
	</monogr>
</biblStruct>

<biblStruct xml:id="b16">
	<analytic>
		<title level="a" type="main">Edge-aware gradient domain optimization framework for image filtering by local propagation</title>
		<author>
			<persName xmlns="http://www.tei-c.org/ns/1.0"><forename type="first">M</forename><surname>Hua</surname></persName>
		</author>
		<author>
			<persName xmlns="http://www.tei-c.org/ns/1.0"><forename type="first">X</forename><surname>Bie</surname></persName>
		</author>
		<author>
			<persName xmlns="http://www.tei-c.org/ns/1.0"><forename type="first">M</forename><surname>Zhang</surname></persName>
		</author>
		<author>
			<persName xmlns="http://www.tei-c.org/ns/1.0"><forename type="first">W</forename><surname>Wang</surname></persName>
		</author>
	</analytic>
	<monogr>
		<title level="m">Proc. of the Conf. on Computer Vision and Pattern Recognition (CVPR)</title>
		<meeting>of the Conf. on Computer Vision and Pattern Recognition (CVPR)</meeting>
		<imprint>
			<date type="published" when="2014" />
			<biblScope unit="page" from="2838" to="2845" />
		</imprint>
	</monogr>
</biblStruct>

<biblStruct xml:id="b17">
	<analytic>
		<title level="a" type="main">Smoothed local histogram filters</title>
		<author>
			<persName xmlns="http://www.tei-c.org/ns/1.0"><forename type="first">M</forename><surname>Kass</surname></persName>
		</author>
		<author>
			<persName xmlns="http://www.tei-c.org/ns/1.0"><forename type="first">J</forename><surname>Solomon</surname></persName>
		</author>
	</analytic>
	<monogr>
		<title level="j">ACM Trans. on Graphics (TOG)</title>
		<imprint>
			<biblScope unit="volume">29</biblScope>
			<biblScope unit="issue">4</biblScope>
			<biblScope unit="page">100</biblScope>
			<date type="published" when="2010" />
		</imprint>
	</monogr>
</biblStruct>

<biblStruct xml:id="b18">
	<analytic>
		<title level="a" type="main">Poisson surface reconstruction</title>
		<author>
			<persName xmlns="http://www.tei-c.org/ns/1.0"><forename type="first">M</forename><surname>Kazhdan</surname></persName>
		</author>
		<author>
			<persName xmlns="http://www.tei-c.org/ns/1.0"><forename type="first">M</forename><surname>Bolitho</surname></persName>
		</author>
		<author>
			<persName xmlns="http://www.tei-c.org/ns/1.0"><forename type="first">H</forename><surname>Hoppe</surname></persName>
		</author>
	</analytic>
	<monogr>
		<title level="m">Proc. of the fourth Eurographics symposium on Geometry processing</title>
		<meeting>of the fourth Eurographics symposium on Geometry processing</meeting>
		<imprint>
			<date type="published" when="2006" />
		</imprint>
	</monogr>
</biblStruct>

<biblStruct xml:id="b19">
	<analytic>
		<title level="a" type="main">Fast image deconvolution using hyper-laplacian priors</title>
		<author>
			<persName xmlns="http://www.tei-c.org/ns/1.0"><forename type="first">D</forename><surname>Krishnan</surname></persName>
		</author>
		<author>
			<persName xmlns="http://www.tei-c.org/ns/1.0"><forename type="first">R</forename><surname>Fergus</surname></persName>
		</author>
	</analytic>
	<monogr>
		<title level="m">Advances in Neural Information Processing Systems (NIPS)</title>
		<imprint>
			<date type="published" when="2009" />
			<biblScope unit="page" from="1033" to="1041" />
		</imprint>
	</monogr>
</biblStruct>

<biblStruct xml:id="b20">
	<analytic>
		<title level="a" type="main">Colorization using optimization</title>
		<author>
			<persName xmlns="http://www.tei-c.org/ns/1.0"><forename type="first">A</forename><surname>Levin</surname></persName>
		</author>
		<author>
			<persName xmlns="http://www.tei-c.org/ns/1.0"><forename type="first">D</forename><surname>Lischinski</surname></persName>
		</author>
		<author>
			<persName xmlns="http://www.tei-c.org/ns/1.0"><forename type="first">Y</forename><surname>Weiss</surname></persName>
		</author>
	</analytic>
	<monogr>
		<title level="j">ACM Trans. on Graphics (TOG)</title>
		<imprint>
			<biblScope unit="volume">23</biblScope>
			<biblScope unit="issue">3</biblScope>
			<biblScope unit="page" from="689" to="694" />
			<date type="published" when="2004" />
		</imprint>
	</monogr>
</biblStruct>

<biblStruct xml:id="b21">
	<analytic>
		<title level="a" type="main">Seamless image stitching in the gradient domain</title>
		<author>
			<persName xmlns="http://www.tei-c.org/ns/1.0"><forename type="first">A</forename><surname>Levin</surname></persName>
		</author>
		<author>
			<persName xmlns="http://www.tei-c.org/ns/1.0"><forename type="first">A</forename><surname>Zomet</surname></persName>
		</author>
		<author>
			<persName xmlns="http://www.tei-c.org/ns/1.0"><forename type="first">S</forename><surname>Peleg</surname></persName>
		</author>
		<author>
			<persName xmlns="http://www.tei-c.org/ns/1.0"><forename type="first">Y</forename><surname>Weiss</surname></persName>
		</author>
	</analytic>
	<monogr>
		<title level="m">Proc. of European Conf. on Computer Vision (ECCV)</title>
		<meeting>of European Conf. on Computer Vision (ECCV)</meeting>
		<imprint>
			<date type="published" when="2004" />
			<biblScope unit="page" from="377" to="389" />
		</imprint>
	</monogr>
</biblStruct>

<biblStruct xml:id="b22">
	<analytic>
		<title level="a" type="main">Fast and effective L0 gradient minimization by region fusion</title>
		<author>
			<persName xmlns="http://www.tei-c.org/ns/1.0"><forename type="first">R</forename><surname>Nguyen</surname></persName>
		</author>
		<author>
			<persName xmlns="http://www.tei-c.org/ns/1.0"><forename type="first">M</forename><forename type="middle">S</forename><surname>Brown</surname></persName>
		</author>
	</analytic>
	<monogr>
		<title level="m">Proc. of IEEE Int. Conf. on Computer Vision(ICCV)</title>
		<meeting>of IEEE Int. Conf. on Computer Vision(ICCV)</meeting>
		<imprint>
			<date type="published" when="2015" />
		</imprint>
	</monogr>
</biblStruct>

<biblStruct xml:id="b23">
	<analytic>
		<title level="a" type="main">A convex regularizer for reducing color artifact in color image recovery</title>
		<author>
			<persName xmlns="http://www.tei-c.org/ns/1.0"><forename type="first">S</forename><surname>Ono</surname></persName>
		</author>
		<author>
			<persName xmlns="http://www.tei-c.org/ns/1.0"><forename type="first">I</forename><surname>Yamada</surname></persName>
		</author>
	</analytic>
	<monogr>
		<title level="m">Proc. of the Conf. on Computer Vision and Pattern Recognition (CVPR)</title>
		<meeting>of the Conf. on Computer Vision and Pattern Recognition (CVPR)</meeting>
		<imprint>
			<date type="published" when="2013" />
			<biblScope unit="page" from="1775" to="1781" />
		</imprint>
	</monogr>
</biblStruct>

<biblStruct xml:id="b24">
	<monogr>
		<title level="m" type="main">Proximal algorithms. Foundations and Trends in optimization</title>
		<author>
			<persName xmlns="http://www.tei-c.org/ns/1.0"><forename type="first">N</forename><surname>Parikh</surname></persName>
		</author>
		<author>
			<persName xmlns="http://www.tei-c.org/ns/1.0"><forename type="first">S</forename><surname>Boyd</surname></persName>
		</author>
		<imprint>
			<date type="published" when="2013" />
			<biblScope unit="volume">1</biblScope>
			<biblScope unit="page" from="123" to="231" />
		</imprint>
	</monogr>
</biblStruct>

<biblStruct xml:id="b25">
	<analytic>
		<title level="a" type="main">Local laplacian filters: edge-aware image processing with a laplacian pyramid</title>
		<author>
			<persName xmlns="http://www.tei-c.org/ns/1.0"><forename type="first">S</forename><surname>Paris</surname></persName>
		</author>
		<author>
			<persName xmlns="http://www.tei-c.org/ns/1.0"><forename type="first">S</forename><forename type="middle">W</forename><surname>Hasinoff</surname></persName>
		</author>
		<author>
			<persName xmlns="http://www.tei-c.org/ns/1.0"><forename type="first">J</forename><surname>Kautz</surname></persName>
		</author>
	</analytic>
	<monogr>
		<title level="j">ACM Trans. on Graphics (TOG)</title>
		<imprint>
			<biblScope unit="volume">30</biblScope>
			<biblScope unit="issue">4</biblScope>
			<biblScope unit="page">68</biblScope>
			<date type="published" when="2011" />
		</imprint>
	</monogr>
</biblStruct>

<biblStruct xml:id="b26">
	<analytic>
		<title level="a" type="main">Poisson image editing</title>
		<author>
			<persName xmlns="http://www.tei-c.org/ns/1.0"><forename type="first">P</forename><surname>Pérez</surname></persName>
		</author>
		<author>
			<persName xmlns="http://www.tei-c.org/ns/1.0"><forename type="first">M</forename><surname>Gangnet</surname></persName>
		</author>
		<author>
			<persName xmlns="http://www.tei-c.org/ns/1.0"><forename type="first">A</forename><surname>Blake</surname></persName>
		</author>
	</analytic>
	<monogr>
		<title level="j">ACM Trans. on Graphics (TOG)</title>
		<imprint>
			<biblScope unit="volume">22</biblScope>
			<biblScope unit="issue">3</biblScope>
			<biblScope unit="page" from="313" to="318" />
			<date type="published" when="2003" />
		</imprint>
	</monogr>
</biblStruct>

<biblStruct xml:id="b27">
	<analytic>
		<title level="a" type="main">Digital photography with flash and no-flash image pairs</title>
		<author>
			<persName xmlns="http://www.tei-c.org/ns/1.0"><forename type="first">G</forename><surname>Petschnigg</surname></persName>
		</author>
		<author>
			<persName xmlns="http://www.tei-c.org/ns/1.0"><forename type="first">R</forename><surname>Szeliski</surname></persName>
		</author>
		<author>
			<persName xmlns="http://www.tei-c.org/ns/1.0"><forename type="first">M</forename><surname>Agrawala</surname></persName>
		</author>
		<author>
			<persName xmlns="http://www.tei-c.org/ns/1.0"><forename type="first">M</forename><surname>Cohen</surname></persName>
		</author>
		<author>
			<persName xmlns="http://www.tei-c.org/ns/1.0"><forename type="first">H</forename><surname>Hoppe</surname></persName>
		</author>
		<author>
			<persName xmlns="http://www.tei-c.org/ns/1.0"><forename type="first">K</forename><surname>Toyama</surname></persName>
		</author>
	</analytic>
	<monogr>
		<title level="j">ACM Trans. on Graphics (TOG)</title>
		<imprint>
			<biblScope unit="volume">23</biblScope>
			<biblScope unit="issue">3</biblScope>
			<biblScope unit="page" from="664" to="672" />
			<date type="published" when="2004" />
		</imprint>
	</monogr>
</biblStruct>

<biblStruct xml:id="b28">
	<analytic>
		<title level="a" type="main">Image fusion for context enhancement and video surrealism</title>
		<author>
			<persName xmlns="http://www.tei-c.org/ns/1.0"><forename type="first">R</forename><surname>Raskar</surname></persName>
		</author>
		<author>
			<persName xmlns="http://www.tei-c.org/ns/1.0"><forename type="first">A</forename><surname>Ilie</surname></persName>
		</author>
		<author>
			<persName xmlns="http://www.tei-c.org/ns/1.0"><forename type="first">J</forename><surname>Yu</surname></persName>
		</author>
	</analytic>
	<monogr>
		<title level="m">Proc. of Int. Symp. on Non-Photorealistic Animation and Rendering (NPAR)</title>
		<meeting>of Int. Symp. on Non-Photorealistic Animation and Rendering (NPAR)</meeting>
		<imprint>
			<date type="published" when="2004" />
			<biblScope unit="page" from="85" to="152" />
		</imprint>
	</monogr>
</biblStruct>

<biblStruct xml:id="b29">
	<analytic>
		<title level="a" type="main">Color image dehazing using the near-infrared</title>
		<author>
			<persName xmlns="http://www.tei-c.org/ns/1.0"><forename type="first">L</forename><surname>Schaul</surname></persName>
		</author>
		<author>
			<persName xmlns="http://www.tei-c.org/ns/1.0"><forename type="first">C</forename><surname>Fredembach</surname></persName>
		</author>
		<author>
			<persName xmlns="http://www.tei-c.org/ns/1.0"><forename type="first">S</forename><surname>Süsstrunk</surname></persName>
		</author>
	</analytic>
	<monogr>
		<title level="m">Proc. of IEEE Int. Conf. on Image Processing</title>
		<meeting>of IEEE Int. Conf. on Image essing</meeting>
		<imprint>
			<date type="published" when="2009" />
		</imprint>
	</monogr>
</biblStruct>

<biblStruct xml:id="b30">
	<analytic>
		<title level="a" type="main">Gradient based image completion by solving the poisson equation</title>
		<author>
			<persName xmlns="http://www.tei-c.org/ns/1.0"><forename type="first">J</forename><surname>Shen</surname></persName>
		</author>
		<author>
			<persName xmlns="http://www.tei-c.org/ns/1.0"><forename type="first">X</forename><surname>Jin</surname></persName>
		</author>
		<author>
			<persName xmlns="http://www.tei-c.org/ns/1.0"><forename type="first">C</forename><surname>Zhou</surname></persName>
		</author>
		<author>
			<persName xmlns="http://www.tei-c.org/ns/1.0"><forename type="first">C</forename><forename type="middle">C</forename><surname>Wang</surname></persName>
		</author>
	</analytic>
	<monogr>
		<title level="j">Computers &amp; Graphics</title>
		<imprint>
			<biblScope unit="volume">31</biblScope>
			<biblScope unit="issue">1</biblScope>
			<biblScope unit="page" from="119" to="126" />
			<date type="published" when="2007" />
		</imprint>
	</monogr>
</biblStruct>

<biblStruct xml:id="b31">
	<analytic>
		<title level="a" type="main">Mutual-structure for joint filtering</title>
		<author>
			<persName xmlns="http://www.tei-c.org/ns/1.0"><forename type="first">X</forename><surname>Shen</surname></persName>
		</author>
		<author>
			<persName xmlns="http://www.tei-c.org/ns/1.0"><forename type="first">C</forename><surname>Zhou</surname></persName>
		</author>
		<author>
			<persName xmlns="http://www.tei-c.org/ns/1.0"><forename type="first">L</forename><surname>Xu</surname></persName>
		</author>
		<author>
			<persName xmlns="http://www.tei-c.org/ns/1.0"><forename type="first">J</forename><surname>Jia</surname></persName>
		</author>
	</analytic>
	<monogr>
		<title level="m">Proc. of IEEE Int. Conf. on Computer Vision(ICCV)</title>
		<meeting>of IEEE Int. Conf. on Computer Vision(ICCV)</meeting>
		<imprint>
			<date type="published" when="2015" />
		</imprint>
	</monogr>
</biblStruct>

<biblStruct xml:id="b32">
	<analytic>
		<title level="a" type="main">Poisson matting</title>
		<author>
			<persName xmlns="http://www.tei-c.org/ns/1.0"><forename type="first">J</forename><surname>Sun</surname></persName>
		</author>
		<author>
			<persName xmlns="http://www.tei-c.org/ns/1.0"><forename type="first">J</forename><surname>Jia</surname></persName>
		</author>
		<author>
			<persName xmlns="http://www.tei-c.org/ns/1.0"><forename type="first">C</forename><forename type="middle">K</forename><surname>Tang</surname></persName>
		</author>
		<author>
			<persName xmlns="http://www.tei-c.org/ns/1.0"><forename type="first">H</forename><forename type="middle">Y</forename><surname>Shum</surname></persName>
		</author>
	</analytic>
	<monogr>
		<title level="j">ACM Trans. on Graphics (ToG)</title>
		<imprint>
			<biblScope unit="volume">23</biblScope>
			<biblScope unit="issue">3</biblScope>
			<biblScope unit="page" from="315" to="321" />
			<date type="published" when="2004" />
		</imprint>
	</monogr>
</biblStruct>

<biblStruct xml:id="b33">
	<analytic>
		<title level="a" type="main">Image completion with structure propagation</title>
		<author>
			<persName xmlns="http://www.tei-c.org/ns/1.0"><forename type="first">J</forename><surname>Sun</surname></persName>
		</author>
		<author>
			<persName xmlns="http://www.tei-c.org/ns/1.0"><forename type="first">L</forename><surname>Yuan</surname></persName>
		</author>
		<author>
			<persName xmlns="http://www.tei-c.org/ns/1.0"><forename type="first">J</forename><surname>Jia</surname></persName>
		</author>
		<author>
			<persName xmlns="http://www.tei-c.org/ns/1.0"><forename type="first">H</forename><forename type="middle">Y</forename><surname>Shum</surname></persName>
		</author>
	</analytic>
	<monogr>
		<title level="j">ACM Trans. on Graphics (ToG)</title>
		<imprint>
			<biblScope unit="volume">24</biblScope>
			<biblScope unit="issue">3</biblScope>
			<biblScope unit="page" from="861" to="868" />
			<date type="published" when="2005" />
		</imprint>
	</monogr>
</biblStruct>

<biblStruct xml:id="b34">
	<analytic>
		<title level="a" type="main">Poisson image fusion based on markov random field fusion model</title>
		<author>
			<persName xmlns="http://www.tei-c.org/ns/1.0"><forename type="first">J</forename><surname>Sun</surname></persName>
		</author>
		<author>
			<persName xmlns="http://www.tei-c.org/ns/1.0"><forename type="first">H</forename><surname>Zhu</surname></persName>
		</author>
		<author>
			<persName xmlns="http://www.tei-c.org/ns/1.0"><forename type="first">Z</forename><surname>Xu</surname></persName>
		</author>
		<author>
			<persName xmlns="http://www.tei-c.org/ns/1.0"><forename type="first">C</forename><surname>Han</surname></persName>
		</author>
	</analytic>
	<monogr>
		<title level="j">Information Fusion</title>
		<imprint>
			<biblScope unit="volume">14</biblScope>
			<biblScope unit="issue">3</biblScope>
			<biblScope unit="page" from="241" to="254" />
			<date type="published" when="2013" />
		</imprint>
	</monogr>
</biblStruct>

<biblStruct xml:id="b35">
	<analytic>
		<title level="a" type="main">Bilateral filtering for gray and color images</title>
		<author>
			<persName xmlns="http://www.tei-c.org/ns/1.0"><forename type="first">C</forename><surname>Tomasi</surname></persName>
		</author>
		<author>
			<persName xmlns="http://www.tei-c.org/ns/1.0"><forename type="first">R</forename><surname>Manduchi</surname></persName>
		</author>
	</analytic>
	<monogr>
		<title level="m">Proc. of IEEE Int. Conf. on Computer Vision(ICCV)</title>
		<meeting>of IEEE Int. Conf. on Computer Vision(ICCV)</meeting>
		<imprint>
			<date type="published" when="1998" />
			<biblScope unit="page" from="839" to="846" />
		</imprint>
	</monogr>
</biblStruct>

<biblStruct xml:id="b36">
	<analytic>
		<title level="a" type="main">Image quality assessment: from error visibility to structural similarity</title>
		<author>
			<persName xmlns="http://www.tei-c.org/ns/1.0"><forename type="first">Z</forename><surname>Wang</surname></persName>
		</author>
		<author>
			<persName xmlns="http://www.tei-c.org/ns/1.0"><forename type="first">A</forename><forename type="middle">C</forename><surname>Bovik</surname></persName>
		</author>
		<author>
			<persName xmlns="http://www.tei-c.org/ns/1.0"><forename type="first">H</forename><forename type="middle">R</forename><surname>Sheikh</surname></persName>
		</author>
		<author>
			<persName xmlns="http://www.tei-c.org/ns/1.0"><forename type="first">E</forename><forename type="middle">P</forename><surname>Simoncelli</surname></persName>
		</author>
	</analytic>
	<monogr>
		<title level="j">IEEE Trans. on Image Processing</title>
		<imprint>
			<biblScope unit="volume">13</biblScope>
			<biblScope unit="issue">4</biblScope>
			<biblScope unit="page" from="600" to="612" />
			<date type="published" when="2004" />
		</imprint>
	</monogr>
</biblStruct>

<biblStruct xml:id="b37">
	<analytic>
		<title level="a" type="main">Image smoothing via L 0 gradient minimization</title>
		<author>
			<persName xmlns="http://www.tei-c.org/ns/1.0"><forename type="first">L</forename><surname>Xu</surname></persName>
		</author>
		<author>
			<persName xmlns="http://www.tei-c.org/ns/1.0"><forename type="first">C</forename><surname>Lu</surname></persName>
		</author>
		<author>
			<persName xmlns="http://www.tei-c.org/ns/1.0"><forename type="first">Y</forename><surname>Xu</surname></persName>
		</author>
		<author>
			<persName xmlns="http://www.tei-c.org/ns/1.0"><forename type="first">J</forename><surname>Jia</surname></persName>
		</author>
	</analytic>
	<monogr>
		<title level="j">ACM Trans. on Graphics (TOG)</title>
		<imprint>
			<biblScope unit="volume">30</biblScope>
			<biblScope unit="issue">6</biblScope>
			<biblScope unit="page">174</biblScope>
			<date type="published" when="2011" />
		</imprint>
	</monogr>
</biblStruct>

<biblStruct xml:id="b38">
	<analytic>
		<title level="a" type="main">Structure extraction from texture via relative total variation</title>
		<author>
			<persName xmlns="http://www.tei-c.org/ns/1.0"><forename type="first">L</forename><surname>Xu</surname></persName>
		</author>
		<author>
			<persName xmlns="http://www.tei-c.org/ns/1.0"><forename type="first">Q</forename><surname>Yan</surname></persName>
		</author>
		<author>
			<persName xmlns="http://www.tei-c.org/ns/1.0"><forename type="first">Y</forename><surname>Xia</surname></persName>
		</author>
		<author>
			<persName xmlns="http://www.tei-c.org/ns/1.0"><forename type="first">J</forename><surname>Jia</surname></persName>
		</author>
	</analytic>
	<monogr>
		<title level="j">ACM Trans. on Graphics (TOG)</title>
		<imprint>
			<biblScope unit="volume">31</biblScope>
			<biblScope unit="issue">6</biblScope>
			<biblScope unit="page">139</biblScope>
			<date type="published" when="2012" />
		</imprint>
	</monogr>
</biblStruct>

<biblStruct xml:id="b39">
	<analytic>
		<title level="a" type="main">Rolling guidance filter</title>
		<author>
			<persName xmlns="http://www.tei-c.org/ns/1.0"><forename type="first">Q</forename><surname>Zhang</surname></persName>
		</author>
		<author>
			<persName xmlns="http://www.tei-c.org/ns/1.0"><forename type="first">X</forename><surname>Shen</surname></persName>
		</author>
		<author>
			<persName xmlns="http://www.tei-c.org/ns/1.0"><forename type="first">L</forename><surname>Xu</surname></persName>
		</author>
		<author>
			<persName xmlns="http://www.tei-c.org/ns/1.0"><forename type="first">J</forename><surname>Jia</surname></persName>
		</author>
	</analytic>
	<monogr>
		<title level="m">Proc. of European Conf. on Computer Vision (ECCV)</title>
		<meeting>of European Conf. on Computer Vision (ECCV)</meeting>
		<imprint>
			<date type="published" when="2014" />
			<biblScope unit="page" from="815" to="830" />
		</imprint>
	</monogr>
</biblStruct>

				</listBibl>
			</div>
		</back>
	</text>
</TEI>
