<?xml version="1.0" encoding="UTF-8"?>
<TEI xml:space="preserve" xmlns="http://www.tei-c.org/ns/1.0" 
xmlns:xsi="http://www.w3.org/2001/XMLSchema-instance" 
xsi:schemaLocation="http://www.tei-c.org/ns/1.0 /mnt/c/Users/pc/Desktop/cs510_proj/grobid-0.5.6/grobid-home/schemas/xsd/Grobid.xsd"
 xmlns:xlink="http://www.w3.org/1999/xlink">
	<teiHeader xml:lang="en">
		<fileDesc>
			<titleStmt>
				<title level="a" type="main">Human Pose Estimation with Iterative Error Feedback</title>
			</titleStmt>
			<publicationStmt>
				<publisher/>
				<availability status="unknown"><licence/></availability>
			</publicationStmt>
			<sourceDesc>
				<biblStruct>
					<analytic>
						<author>
							<persName xmlns="http://www.tei-c.org/ns/1.0"><forename type="first">João</forename><surname>Carreira</surname></persName>
							<email>carreira@eecs.berkeley.edu</email>
							<affiliation key="aff0">
								<orgName type="institution">UC Berkeley</orgName>
								<address>
									<settlement>Berkeley, Berkeley, Berkeley</settlement>
								</address>
							</affiliation>
						</author>
						<author>
							<persName xmlns="http://www.tei-c.org/ns/1.0"><forename type="first">Pulkit</forename><surname>Agrawal</surname></persName>
							<email>pulkitag@eecs.berkeley.edu</email>
							<affiliation key="aff0">
								<orgName type="institution">UC Berkeley</orgName>
								<address>
									<settlement>Berkeley, Berkeley, Berkeley</settlement>
								</address>
							</affiliation>
						</author>
						<author>
							<persName xmlns="http://www.tei-c.org/ns/1.0"><forename type="first">Katerina</forename><surname>Fragkiadaki</surname></persName>
							<affiliation key="aff0">
								<orgName type="institution">UC Berkeley</orgName>
								<address>
									<settlement>Berkeley, Berkeley, Berkeley</settlement>
								</address>
							</affiliation>
						</author>
						<author>
							<persName xmlns="http://www.tei-c.org/ns/1.0"><forename type="first">Jitendra</forename><surname>Malik</surname></persName>
							<email>malik@eecs.berkeley.edu</email>
							<affiliation key="aff0">
								<orgName type="institution">UC Berkeley</orgName>
								<address>
									<settlement>Berkeley, Berkeley, Berkeley</settlement>
								</address>
							</affiliation>
						</author>
						<title level="a" type="main">Human Pose Estimation with Iterative Error Feedback</title>
					</analytic>
					<monogr>
						<imprint>
							<date/>
						</imprint>
					</monogr>
				</biblStruct>
			</sourceDesc>
		</fileDesc>

		<encodingDesc>
			<appInfo>
				<application version="0.5.6" ident="GROBID" when="2019-12-02T16:41+0000">
					<ref target="https://github.com/kermitt2/grobid">GROBID - A machine learning software for extracting information from scholarly documents</ref>
				</application>
			</appInfo>
		</encodingDesc>		<profileDesc>
			<abstract>
<div xmlns="http://www.tei-c.org/ns/1.0"><p>Hierarchical feature extractors such as Convolutional Networks (ConvNets) have achieved impressive performance on a variety of classification tasks using purely feedforward processing. Feedforward architectures can learn rich representations of the input space but do not explicitly model dependencies in the output spaces, that are quite structured for tasks such as articulated human pose estimation or object segmentation. Here we propose a framework that expands the expressive power of hierarchical feature extractors to encompass both input and output spaces, by introducing top-down feedback. Instead of directly predicting the outputs in one go, we use a self-correcting model that progressively changes an initial solution by feeding back error predictions, in a process we call Iterative Error Feedback (IEF). IEF shows excellent performance on the task of articulated pose estimation in the challenging MPII and LSP benchmarks, matching the state-of-the-art without requiring ground truth scale annotation.</p></div>
			</abstract>
		</profileDesc>
	</teiHeader>
	<text xml:lang="en">
		<body>
<div xmlns="http://www.tei-c.org/ns/1.0"><head n="1.">Introduction</head><p>Feature extractors such as Convolutional Networks (ConvNets) <ref type="bibr" target="#b22">[23]</ref> represent images using a multi-layered hierarchy of features and are inspired by the structure and functionality of the visual pathway of the human brain <ref type="bibr" target="#b12">[13,</ref><ref type="bibr" target="#b0">1]</ref>. Feature computation in these models is purely feedforward, however, unlike in the human visual system where feedback connections abound <ref type="bibr" target="#b10">[11,</ref><ref type="bibr" target="#b20">21,</ref><ref type="bibr" target="#b21">22]</ref>. Feedback can be used to modulate and specialize feature extraction in early layers in order to model temporal and spatial context (e.g. priming <ref type="bibr" target="#b41">[42]</ref>), to leverage prior knowledge about shape for segmentation and 3D perception, or simply for guiding visual attention to image regions relevant for the task under * Now at Google DeepMind.</p><p>† Now at Google.</p><p>consideration.</p><p>Here we are interested in using feedback to build predictors that can naturally handle complex, structured output spaces. We will use as running example the task of 2D human pose estimation <ref type="bibr" target="#b47">[48,</ref><ref type="bibr" target="#b38">39,</ref><ref type="bibr" target="#b36">37,</ref><ref type="bibr" target="#b27">28]</ref>, where the goal is to infer the 2D locations of a set of keypoints such as wrists, ankles, etc, from a single RGB image. The space of 2D human poses is highly structured because of body part proportions, left-right symmetries, interpenetration constraints, joint limits (e.g. elbows do not bend back) and physical connectivity (e.g. wrists are rigidly related to elbows), among others. Modeling this structure should make it easier to pinpoint the visible keypoints and make it possible to estimate the occluded ones.</p><p>Our main contribution is in providing a generic framework for modeling rich structure in both input and output spaces by learning hierarchical feature extractors over their joint space. We achieve this by incorporating top-down feedback -instead of trying to directly predict the target outputs, as in feedforward processing, we predict what is wrong with their current estimate and correct it iteratively. We call our framework Iterative Error Feedback, or IEF.</p><p>In IEF, a feedforward model f operates on the augmented input space created by concatenating (denoted by ⊕) the RGB image I with a visual representation g of the estimated output y t to predict a "correction" (ǫ t ) that brings y t closer to the ground truth output y. The correction signal ǫ t is applied to the current output y t to generate y t+1 and this is converted into a visual representation by g, that is stacked with the image to produce new inputs x t+1 = I ⊕ g(y t ) for f , and so on iteratively. This procedure is initialized with a guess of the output (y 0 ) and is repeated until a predetermined termination criterion is met. The model is trained to produce bounded corrections at each iteration, e.g. ||ǫ t || 2 &lt; L. The motivation for modifying y t by a bounded amount is that the space of x t is typically highly non-linear and hence local corrections should be easier to</p><formula xml:id="formula_0">I f() g() y 0 + y t y t+1</formula><p>x t x t+1 t <ref type="figure">Figure 1</ref>: An implementation of Iterative Error Feedback (IEF) for 2D human pose estimation. The left panel shows the input image I and the initial guess of keypoints y 0 , represented as a set of 2D points. For the sake of illustration we show only 3 out of 17 keypoints, corresponding to the right wrist (green), left wrist (blue) and top of head (red). Consider iteration t: predictor f receives the input x t -image I stacked with a "rendering" of current keypoint positions y t -and outputs a correction ǫ t . This correction is added to y t , resulting in new keypoint position estimates y t+1 . The new keypoints are rendered by function g and stacked with image I, resulting in x t+1 , and so on iteratively. Function f was modeled here as a ConvNet. Function g converts each 2D keypoint position into one Gaussian heatmap channel. For 3 keypoints there are 3 stacked heatmaps which are visualized as channels of a color image. In contrast to previous works, in our framework multi-layered hierarchical models such as ConvNets can learn rich models over the joint space of body configurations and images.</p><p>learn. The working of our model can be mathematically described by the following equations:</p><formula xml:id="formula_1">ǫ t = f (x t ) (1) y t+1 = y t + ǫ t (2) x t+1 = I ⊕ g(y t+1 ),<label>(3)</label></formula><p>where functions f and g have additional learned parameters Θ f and Θ g , respectively. Although we have used the predicted error to additively modify y t in equation 2, in general y t+1 can be a result of an arbitrary non-linear function that operates on y t , ǫ t .</p><p>In the running example of human pose estimation, y t is vector of retinotopic positions of all keypoints that are individually mapped by g into heatmaps (i.e. K heatmaps for K keypoints). The heatmaps are stacked together with the image and passed as input to f (see <ref type="figure">figure 1</ref> for an overview). The "rendering" function g in this particular case is not learnt -it is instead modelled as a 2D Gaussian having a fixed standard deviation and centered on the keypoint location. Intuitively, these heatmaps encode the current belief in keypoint locations in the image plane and thus form a natural representation for learning features over the joint space of body configurations and the RGB image.</p><p>The dimensionality of inputs to f is H × W × (K + 3), where H, W represent the height and width of the image and (K + 3) correspond to K keypoints and the 3 color channels of the image. We model f with a ConvNet with parameters Θ f (i.e. ConvNet weights). As the ConvNet takes I ⊕ g(y t ) as inputs, it has the ability to learn features over the joint input-output space.</p></div>
<div xmlns="http://www.tei-c.org/ns/1.0"><head n="2.">Learning</head><p>In order to infer the ground truth output (y), our method iteratively refines the current output (y t ). At each iteration, f predicts a correction (ǫ t ) that locally improves the current output. Note that we train the model to predict bounded corrections, but we do not enforce any such constraints at test time. The parameters (Θ f , Θ g ) of functions f and g in our model, are learnt by optimizing equation <ref type="bibr" target="#b3">4</ref>,</p><formula xml:id="formula_2">min Θ f ,Θg T t=1 h(ǫ t , e(y, y t ))<label>(4)</label></formula><p>where, ǫ t and e(y, y t ) are predicted and target bounded corrections, respectively. The function h is a measure of distance, such as a quadratic loss. T is the number of correction steps taken by the model. T can either be chosen to be a constant or, more generally, be a function of ǫ t (i.e. a termination condition).</p><p>We optimize this cost function using stochastic gradient descent (SGD) with every correction step being an independent training example. We grow the training set progres- </p><formula xml:id="formula_3">E ← E ∪ ǫ t 9:</formula><p>for j ← 1 to N do 10:</p><p>Update Θ f and Θ g with SGD, using loss h and target corrections E end for 13: end procedure sively: we start by learning with the samples corresponding to the first step for N epochs, then add the samples corresponding to the second step and train another N epochs, and so on, such that early steps get optimized longer -they get consolidated.</p><p>As we only assume that the ground truth output (y) is provided at training time, it is unclear what the intermediate targets (y t ) should be. The simplest strategy, which we employ, is to predefine y t for every iteration using a set of fixed corrections e(y, y t ) starting from y 0 , obtaining (y 0 , y 1 , ..y). We call our overall learning procedure Fixed Path Consolidation (FPC) which is formally described by algorithm 1.</p><p>The target bounded corrections for every iteration are computed using a function e(y, y t ), which can take different forms for different problems. If for instance the output is 1D, then e(y, y t ) = max(sign(y − y t ) · α, y − y t ) would imply that the target "bounded" error will correct y t by a maximum amount of α in the direction of y.</p></div>
<div xmlns="http://www.tei-c.org/ns/1.0"><head n="2.1.">Learning Human Pose Estimation</head><p>Human pose was represented by a set of 2D keypoint locations y : {y k ∈ ℜ 2 , k ∈ [1, K]} where K is the number of keypoints and y k denotes the k th keypoint. The predicted location of keypoints at the t th iteration has been denoted by</p><formula xml:id="formula_4">y t : {y k t , k ∈ [1, K]}.</formula><p>The rendering of y t as heatmaps concatenated with the image was provided as inputs to a Con-vNet (see section 1 for details). The ConvNet was trained to predict a sequence of "bounded" corrections for each keypoint (ǫ k t ) . The corrections were used to iteratively refine the keypoint locations.</p><p>Let u = y k − y k t and the corresponding unit vector bê u = u ||u||2 . Then, the target "bounded" correction for the t th iteration and k th keypoint was calculated as:</p><formula xml:id="formula_5">e(y k , y k t ) = min(L, ||u||) ·û<label>(5)</label></formula><p>where L denotes the maximum displacement for each keypoint location. An interesting property of this function is that it is constant while a keypoint is far from the ground truth and varies only in scale when it is closer than L to the ground truth. This simplifies the learning problem: given an image and a fixed initial pose, the model just needs to predict a constant direction in which to move keypoints, and to "slow down" motion in this direction when the keypoint becomes close to the ground truth. See <ref type="figure">fig. 2</ref> for an illustration.</p><p>The target corrections were calculated independently for each keypoint in each example and we used an L 2 regression loss to model h in eq. 4. We set L to 20 pixels in our experiments. We initialized y 0 as the median of ground truth 2D keypoint locations on training images and trained a model for T = 4 steps, using N = 3 epochs for each new step. We found the fourth step to have little effect on accuracy and used 3 steps in practice at test time.</p><p>ConvNet architecture. We employed a standard Con-vNet architecture pre-trained on Imagenet: the very deep googlenet <ref type="bibr" target="#b35">[36]</ref> 1 . We modified the filters in the first convolution layer (conv-1) to account for 17 additional channels due to 17 keypoints. In our model, the conv-1 filters operated on 20 channel inputs. The weights of the first three conv-1 channels (i.e. the ones corresponding to the image) were initialized using the weights learnt by pre-training on Imagenet. The weights corresponding to the remaining 17 channels were randomly initialized with Gaussian noise of variance 0.1. We discarded the last layer of 1000 units that predicted the Imagenet classes and replaced it with a layer containing 32 units, encoding the continuous 2D correction</p></div>
<div xmlns="http://www.tei-c.org/ns/1.0"><head n="3.">Results</head><p>We tested our method on the two most challenging benchmarks for 2D human pose estimation: the MPII Human Pose dataset <ref type="bibr" target="#b1">[2]</ref>, which features significant scale variation, occlusion, and multiple people interacting, and Leeds Sports Pose dataset (LSP) <ref type="bibr" target="#b18">[19]</ref> which features complex poses of people in sports. For each person in every image, the goal is to predict the 2D locations of all its annotated keypoints.</p><p>MPII -Experimental Details. Human pose is represented <ref type="figure">Figure 2</ref>: In our human pose estimation running example, the sequence of corrections ǫ t moves keypoints along lines in the image, starting from an initial mean pose y 0 (left), all the way to the ground truth pose y (right), here shown for two different images. This simplifies prediction at test time, because the desired corrections to each keypoint are constant for each image, up to the last one which is a scaled version. Feedback allows the model to detect when the solution is close and to reduce "keypoint motion", as in a control system. Linear trajectories are shown for only a subset of the keypoints, to limit clutter. as a set of 16 keypoints. An additional marking-point in each person is available both for training and testing, located somewhere inside each person's boundary. We represent this point as an additional channel and stack it with the other 16 keypoint channels and the 3 RGB channels that we feed as input to a ConvNet. We used the same publicly available train/validation splits of <ref type="bibr" target="#b36">[37]</ref>. We evaluated the accuracy of our algorithm on the validation set using the standard PCKh metric <ref type="bibr" target="#b1">[2]</ref>, and also submitted results for evaluation on the test set once, to obtain the final score.</p><p>We cropped 9 square boxes centered on the markingpoint of each person, sampled uniformly over scale, from 1.4× to 0.3× of the smallest side of the image and resized them to 256 × 256 pixels. Padding was added as necessary for obtaining these dimensions and the amount of training data was further doubled by also mirroring the images. We used the ground truth height of each person at training time, which is provided on MPII, and select as training examples the 3 boxes for each person having a side closest to 1.2× the person height in pixels. We then trained googlenet models on random crops of 224 × 224 patches, using 6 epochs of consolidation for each of 4 steps. At test time, we predict which one of the 9 boxes is closest to 1.2× the height of the person in pixels, using a shallower model, the VGG-S ConvNet <ref type="bibr" target="#b2">[3]</ref>, trained for that task using an L 2 regression loss. We then align our model to the center 224 × 224 patch of the selected window. The MatConvnet library <ref type="bibr" target="#b42">[43]</ref> was employed for these experiments.</p><p>We train our models using keypoint positions for both visible and occluded keypoints, which MPII provides in many cases whenever they project on to the image (the exception are people truncated by the image border). We zero out the backpropagated gradients for missing keypoint annotations. Note that often keypoints lie outside the cropped image passed to the ConvNet, but this poses no issues to our formulation -keypoints outside the image can be predicted and are still visible to the ConvNet as tails of rendered Gaussians.</p><p>Comparison with State-of-the-Art. The standard evaluation procedure in the MPII benchmark assumes ground truth scale information is known and images are normalized using this scale information. The current state-of-the-art is the sliding-window approach of Tompson et al <ref type="bibr" target="#b36">[37]</ref> and IEF roughly matches this performance, as shown in table 1. In the more realistic setting of unknown scale information, the best previous result so far is from Tompson et al. <ref type="bibr" target="#b36">[37]</ref> which was the first work to experiment with this setting and obtained 66.0 PCKh. IEF significantly improves upon this number to 81.3. Note however that the emphasis in Tompson et al's system was efficiency and they trained and tested their model using original image scales -searching over a multiscale image pyramid or using our automatic rescaling procedure should presumably improve their performance. See the MPII website for more detailed results. Step Number The model aligns more accurately to parts like the head and shoulders, which is natural, because these parts are easier to discriminate from the background and have more consistent appearance than limbs.</p><p>LSP -Experimental Details. In LSP, differently from MPII, images are usually tight around the person whose pose is being estimated, are resized so people have a fixed size, and have lower resolution. There is also no marking point on the torsos so we initialized the 17th keypoints used in MPII to the center of the image. The same set of keypoints is evaluated as in MPII and we trained a model using the same hyper-parameters on the extended LSP training set. We use the standard LSP evaluation code supplied with the MPII dataset and report person-centric PCP scores in table 2. Our results are competitive with the current stateof-the-art of Chen and Yuille <ref type="bibr" target="#b4">[5]</ref>.</p></div>
<div xmlns="http://www.tei-c.org/ns/1.0"><head n="4.">Analyzing IEF</head><p>In this section, we perform extensive ablation studies to validate four choices of the IEF model: 1) proceeding iteratively instead of in a single shot, 2) predicting bounded corrections instead of directly predicting the target outputs, 3) curriculum learning of our bounded corrections, and 4) modeling the structure in the full output space (all body joints in this case) over carrying out independent predictions for each label.</p><p>Iterative v/s Direct Prediction. For evaluating the importance of progressing towards solutions iteratively we trained models to directly predict corrections to the keypoint locations in a single shot (i.e. direct prediction). <ref type="table">Table 3</ref> shows that IEF that additively regresses to keypoint locations achieves PCKh-0.5 of 81.0 as compared to PCKh of 74.8 achieved by directly regressing to the keypoints.</p></div>
<div xmlns="http://www.tei-c.org/ns/1.0"><head>Iterative Error Feedback v/s Iterative Direct Prediction.</head><p>Is iterative prediction of the error important or iterative prediction of the target label directly (as in e.g., <ref type="bibr" target="#b44">[45,</ref><ref type="bibr" target="#b40">41]</ref>) performs comparably? In order to answer this question we trained a model from the pretrained googlenet to iteratively predict the ground truth keypoint locations (as opposed to predicting bounded corrections). For comparing performance, we used the same number of iterations for this baseline model and IEF. <ref type="table">Table 3</ref> shows that IEF achieves PCKh-0.5 of 81.0 as compared to PCKh of 73.4 by iterative direct prediction. This can be understood by the fact that the learning problem in IEF is much easier. In IEF, for a given image, the model is trained to predict constant corrections except for the last one which is a scaled version. In iterative direct prediction, because each new pose estimate ends up somewhere around the ground truth, the model must learn to adjust directions and magnitudes in all correction steps.</p><p>Importance of Fixed Path Consolidation (FPC). The FPC method (see algorithm 1) for training a IEF model makes N corrections is a curriculum learning strategy where in the i th (i ≤ N ) training stage the model is optimized for performing only the first i corrections. Is this curriculum learning strategy necessary or can all the corrections be simultaneously trained? For addressing this question we trained an alternative model that trains for all corrections in all epochs. We trained IEF with and without FPC for the same number of SGD iterations and the performance of both these models is illustrated in <ref type="figure" target="#fig_3">figure 4</ref>. The figure shows that without FPC, the performance drops by almost 10 PCKh points on the validation set and that there is significant drift when performing several correction steps.   <ref type="table">Table 3</ref>: PCKh-0.5 results on the MPII validation set for models finetuned from googlenet using Iterative Error Feedback (IEF), direct regression to the keypoint locations (direct prediction), and a model that was trained to iteratively predict human pose by regressing to the ground truth keypoint locations (instead of bounded corrections) in each iteration, starting from the pose in the previous iteration. The results show that our proposed approach results in significantly better performance. Step Number Learning Structured Outputs. One of the major merits of IEF is supposedly that it can jointly learn the structure in input images and target outputs. For human pose estimation, IEF models the space of outputs by augmenting the image with additional input channels having gaussian renderings centered around estimated keypoint locations . If it is the case that IEF learns priors over the appropriate relative lo-cations of the various keypoints, then depriving the model of keypoints other than the one being predicted should decrease performance.</p><p>In order to evaluate this hypothesis we trained three different IEF models and tested how well each predicted the location of the "Left Knee" keypoint. The first model had only one input channel corresponding to the left knee, the second model had two channels corresponding to left knee and the left hip. The third model was trained using all keypoints in the standard IEF way. The performance of these three models is reported in table 4. As a baseline, regression gets 64.6, whereas the IEF model with a single additional input channel for the left knee gets PCKh of 69.2 This shows that feeding back the current estimate of the left knee keypoint allows for more accurate localization by itself. Furthermore, the IEF model over both left knee and left hip gets PCKh of 72.8. This suggests that the relationship between neighboring outputs has much of the information, but modeling all joints together with the image still wins, obtaining a PCKh of 73.8.</p></div>
<div xmlns="http://www.tei-c.org/ns/1.0"><head n="5.">Related Work</head><p>There is a rich literature on structured output learning <ref type="bibr" target="#b39">[40,</ref><ref type="bibr" target="#b6">7]</ref> (e.g. see references in <ref type="bibr" target="#b25">[26]</ref>) but it is a relatively modern topic in conjunction with feature learning, for computer vision <ref type="bibr" target="#b3">[4,</ref><ref type="bibr" target="#b17">18,</ref><ref type="bibr" target="#b36">37,</ref><ref type="bibr" target="#b22">23]</ref>.</p><p>Here we proposed a feedback-based framework for structured-output learning. Neuroscience models of the human brain suggest that feedforward connections act as information carriers while numerous feedback connections act as modulators or competitive inhibitors to aid feature grouping <ref type="bibr" target="#b13">[14]</ref>, figure-ground segregation <ref type="bibr" target="#b15">[16]</ref> and object recognition <ref type="bibr" target="#b45">[46]</ref>. In computer vision, feedback has been primarily used so far for learning selective attention <ref type="bibr" target="#b24">[25]</ref>; in <ref type="bibr" target="#b24">[25]</ref> attention is implemented by estimating a bounding box in an image  <ref type="table">Table 4</ref>: MPII validation PCKh-0.5 results for left knee localization when using IEF and both training and predicting different subsets of joints. We also show the result obtained using a direct prediction variant similar to plain regression on all joints (having the mean pose Gaussian maps in the input). Modeling global body structure jointly with the image leads to best results by "IEF All Joints". Interestingly, feedback seems to add value by itself and IEF on the left knee, in isolation, significantly outperforms the direct prediction baseline.</p><p>for the algorithm to process next, while in <ref type="bibr" target="#b34">[35]</ref> attention is formed by selecting some convolutional features over others (it does not have a spatial dimension). Stacked inference methods <ref type="bibr" target="#b30">[31,</ref><ref type="bibr" target="#b43">44,</ref><ref type="bibr" target="#b44">45,</ref><ref type="bibr" target="#b40">41]</ref> are another related family of methods. Differently, some of these methods consider each output in isolation <ref type="bibr" target="#b38">[39]</ref>, all use different weights or learning models in each stage of inference <ref type="bibr" target="#b36">[37]</ref> or they do not optimize for correcting their current estimates but rather attempt to predict the answer from scratch at each stage <ref type="bibr" target="#b23">[24,</ref><ref type="bibr" target="#b40">41]</ref>. In concurrent work, Oberweger et al <ref type="bibr" target="#b26">[27]</ref> proposed a feedback loop for hand pose estimation from kinect data that is closely related to our approach. The autocontext work of <ref type="bibr" target="#b40">[41]</ref> is also related and iteratively computes label heatmaps by concatenating the image with the heatmaps previously predicted. IEF is inspired by this work and we show how this iterative computation can be carried out effectively with deep Convnet architectures, and with bounded error corrections, rather than aiming for the answer from scratch at each iteration.</p><p>Another line of work aims to inject class-specific spatial priors using coarse-to-fine processing, e.g. features arising from different layers of ConvNets were recently used for instance segmentation and keypoint prediction <ref type="bibr" target="#b14">[15]</ref>. For pose inference, combining multiple scales <ref type="bibr" target="#b9">[10,</ref><ref type="bibr" target="#b36">37]</ref> aids in capturing subtle long-range dependencies (e.g. distinguishing the left and right sides of the body which depend on whether a person is facing the camera). The system in our human pose estimation example can be seen as closest to approaches employing "pose-indexed features" <ref type="bibr" target="#b11">[12,</ref><ref type="bibr" target="#b7">8,</ref><ref type="bibr" target="#b16">17]</ref>, but leveraging hierarchical feature learning. Graphical models can also encode dependencies between outputs and are still popular in many applications, including human pose estimation <ref type="bibr" target="#b4">[5]</ref>.</p><p>Classic spatial alignment and warping computer vision models, such as snakes, <ref type="bibr" target="#b19">[20]</ref> and Active Appearance Models (AAMs) <ref type="bibr" target="#b5">[6]</ref> have similar goals as the proposed IEF, but are not learned end-to-end -or learned at all -employ linear shape models and hand designed features and require slower gradient computation which often takes many iterations before convergence. They can get stuck in poor local minimas even for constrained variation (AAMs and small out-of-plane face rotations). IEF, on the other hand, is able to minimize over rich articulated human 3D pose variation, starting from a mean shape. Although extensions that use learning to drive the optimization have been proposed <ref type="bibr" target="#b46">[47]</ref>, typically these methods still require manually defined energy functions to measure goodness of fit.</p></div>
<div xmlns="http://www.tei-c.org/ns/1.0"><head n="6.">Conclusions</head><p>While standard ConvNets offer hierarchical representations that can capture the patterns of images at multiple levels of abstraction, the outputs are typically modeled as flat image or pixel-level 1-of-K labels, or slightly more complicated hand-designed representations. We aimed in this paper to mitigate this asymmetry by introducing Iterative Error Feedback (IEF), which extends hierarchical representation learning to output spaces, while leveraging at heart the same machinery. IEF works by, in broad terms, moving the emphasis from the problem of predicting the state of the external world to one of correcting the expectations about it, which is achieved by introducing a simple feedback connection in standard models.</p><p>In our pose estimation working example we opted for feeding pose information only into the first layer of the Con-vNet for the sake of simplicity. This information may also be helpful for mid-level layers, so as to modulate not only edge detection, but also processes such as junction detection or contour completion which advanced feature extractors may need to compute. We also have only experimented so far feeding back "images" made up of Gaussian distributions. There may be more powerful ways to render topdown pose information using parametrized computational blocks (e.g. deconvolution) that can then be learned jointly with the rest of the model parameters using standard backpropagation. This is desirable in order to attack problems with higher-dimensional output spaces such as 3D human pose estimation <ref type="bibr" target="#b31">[32,</ref><ref type="bibr" target="#b32">33]</ref> or segmentation.</p></div>
<div xmlns="http://www.tei-c.org/ns/1.0"><head>Mean shape</head><p>Step 1</p><p>Step 2</p><p>Step 4 Ground Truth <ref type="figure">Figure 5</ref>: Example poses obtained using the proposed method IEF on the MPII validation set. From left to right we show the sequence of corrections the method makes -on the right is the ground truth pose, including annotated occluded keypoints, which are not evaluated. Note that IEF is robust to left-right ambiguities and is able to rotate the initial pose by up to 180 (first and fifth row), can align across occlusions (second and third rows) and can handle scale variation (second, fourth and fifth rows) and truncation (fifth row). The bottom two rows show failure cases. In the first one, the predicted configuration captures the gist of the pose but is misaligned and not scaled properly. The second case shows several people closely interacting and the model aligns to the wrong person. The black borders show padding. Best seen in color and with zoom.</p></div><figure xmlns="http://www.tei-c.org/ns/1.0" xml:id="fig_1"><head>Figure 3 :</head><label>3</label><figDesc>Evolution of PCKh at 0.5 overlap as function of correction step number on the MPII-human-pose validation set, using the finetuned googlenet network.</figDesc></figure>
<figure xmlns="http://www.tei-c.org/ns/1.0" xml:id="fig_3"><head>Figure 4 :</head><label>4</label><figDesc>Validation PCKh-0.5 scores for different number of correction steps taken, when finetuning a IEF model from a googlenet base model using stochastic gradient descent with either Fixed Path Consolidation (With FPC), or directly over all training examples (Without FPC), for the same amount of time. FPC leads to significantly more accurate results, leading to models that can perform more correction steps without drifting. It achieves this by consolidating the learning of earlier steps and progressively increasing the difficulty of the training set by adding additional correction steps.</figDesc></figure>
<figure xmlns="http://www.tei-c.org/ns/1.0" type="table" xml:id="tab_2" validated="false"><head></head><label></label><figDesc>Torso Upper Leg Lower Leg Upper Arm</figDesc><table>Forearm 
Head Total 
Pishchulin et al. [30] 88.9 
64.0 
58.1 
45.5 
35.1 
85.1 
58.0 
Tompson et al. [38] 
90.3 
70.4 
61.1 
63.0 
51.2 
83.7 
66.6 
Fan et al. [9] 
95.4 
77.7 
69.8 
62.8 
49.1 
86.6 
70.1 
Chen and Yuille [5] 
96.0 
77.2 
72.2 
69.7 
58.1 
85.6 
73.6 
IEF 
95.3 
81.8 
73.3 
66.7 
51.0 
84.4 
72.5 

</table></figure>
<figure xmlns="http://www.tei-c.org/ns/1.0" type="table" xml:id="tab_3" validated="false"><head>Table 2 :</head><label>2</label><figDesc>Person-centric PCP scores on the LSP dataset test set for IEF and previous approaches.</figDesc><table>Head Shoulder Elbow Wrist 
Hip 
Knee Ankle UBody 
FBody 
Iterative Error Feedback (IEF) 95.2 
91.8 
80.8 
71.5 
82.3 
73.7 
66.4 
81.4 
81.0 
Direct Prediction 
92.9 
89.4 
74.1 
61.7 
79.3 
64.0 
53.3 
75.1 
74.8 
Iterative Direct Prediction 
91.9 
88.5 
73.3 
59.9 
77.5 
61.2 
51.8 
74.0 
73.4 

</table></figure>
<figure xmlns="http://www.tei-c.org/ns/1.0" type="table" xml:id="tab_4" validated="false"><head></head><label></label><figDesc>Direct Prediction of All Joints IEF Left Knee IEF Left Knee + Left Hip IEF All Joints</figDesc><table>Left Knee PCKh-0.5 
64.6 
69.2 
72.8 
73.8 

</table></figure>
			<note xmlns="http://www.tei-c.org/ns/1.0" place="foot" n="2">expressed in Cartesian coordinates (the 17th "keypoint" is the location of one point anywhere inside a person, marking her, and which is provided as input both during training and testing, see section 3). We used a fixed ConvNet input size of 224 × 224.</note>
			<note xmlns="http://www.tei-c.org/ns/1.0" place="foot" n="1">The VGG-16 network<ref type="bibr" target="#b33">[34]</ref> produced similar results, but required significantly more memory.<ref type="bibr" target="#b1">2</ref> Again, we do not bound explicitly the correction at test time, instead the network is taught to predict bounded corrections.</note>
		</body>
		<back>

			<div type="acknowledgement">
<div xmlns="http://www.tei-c.org/ns/1.0"><head>Acknowledgement</head><p>This work was supported in part by ONR MURI N00014-14-1-0671 and N00014-10-1-0933. João Carreira was partially supported by the Portuguese Science Foundation, FCT, under grant SFRH/BPD/84194/2012. Pulkit Agrawal was partially supported by a Fulbright Science and Technology Fellowship. We gratefully acknowledge NVIDIA corporation for the donation of Tesla GPUs for this research. We thank Georgia Gkioxari and Carl Doersch for helpful comments.</p></div>
			</div>

			<div type="references">

				<listBibl>

<biblStruct xml:id="b0">
	<monogr>
				<author>
			<persName xmlns="http://www.tei-c.org/ns/1.0"><forename type="first">P</forename><surname>Agrawal</surname></persName>
		</author>
		<author>
			<persName xmlns="http://www.tei-c.org/ns/1.0"><forename type="first">D</forename><surname>Stansbury</surname></persName>
		</author>
		<author>
			<persName xmlns="http://www.tei-c.org/ns/1.0"><forename type="first">J</forename><surname>Malik</surname></persName>
		</author>
		<author>
			<persName xmlns="http://www.tei-c.org/ns/1.0"><forename type="first">J</forename><forename type="middle">L</forename><surname>Gallant</surname></persName>
		</author>
		<idno type="arXiv">arXiv:1407.5104</idno>
		<title level="m">Pixels to voxels: Modeling visual representation in the human brain</title>
		<imprint>
			<date type="published" when="2014" />
		</imprint>
	</monogr>
	<note type="report_type">arXiv preprint</note>
</biblStruct>

<biblStruct xml:id="b1">
	<analytic>
		<title level="a" type="main">2d human pose estimation: New benchmark and state of the art analysis</title>
		<author>
			<persName xmlns="http://www.tei-c.org/ns/1.0"><forename type="first">M</forename><surname>Andriluka</surname></persName>
		</author>
		<author>
			<persName xmlns="http://www.tei-c.org/ns/1.0"><forename type="first">L</forename><surname>Pishchulin</surname></persName>
		</author>
		<author>
			<persName xmlns="http://www.tei-c.org/ns/1.0"><forename type="first">P</forename><surname>Gehler</surname></persName>
		</author>
		<author>
			<persName xmlns="http://www.tei-c.org/ns/1.0"><forename type="first">B</forename><surname>Schiele</surname></persName>
		</author>
	</analytic>
	<monogr>
		<title level="m">Computer Vision and Pattern Recognition (CVPR), 2014 IEEE Conference on</title>
		<imprint>
			<publisher>IEEE</publisher>
			<date type="published" when="2014" />
			<biblScope unit="page" from="3686" to="3693" />
		</imprint>
	</monogr>
</biblStruct>

<biblStruct xml:id="b2">
	<analytic>
		<title level="a" type="main">Return of the devil in the details: Delving deep into convolutional nets</title>
		<author>
			<persName xmlns="http://www.tei-c.org/ns/1.0"><forename type="first">K</forename><surname>Chatfield</surname></persName>
		</author>
		<author>
			<persName xmlns="http://www.tei-c.org/ns/1.0"><forename type="first">K</forename><surname>Simonyan</surname></persName>
		</author>
		<author>
			<persName xmlns="http://www.tei-c.org/ns/1.0"><forename type="first">A</forename><surname>Vedaldi</surname></persName>
		</author>
		<author>
			<persName xmlns="http://www.tei-c.org/ns/1.0"><forename type="first">A</forename><surname>Zisserman</surname></persName>
		</author>
	</analytic>
	<monogr>
		<title level="m">British Machine Vision Conference</title>
		<imprint>
			<date type="published" when="2014" />
		</imprint>
	</monogr>
</biblStruct>

<biblStruct xml:id="b3">
	<monogr>
				<author>
			<persName xmlns="http://www.tei-c.org/ns/1.0"><forename type="first">L.-C</forename><surname>Chen</surname></persName>
		</author>
		<author>
			<persName xmlns="http://www.tei-c.org/ns/1.0"><forename type="first">A</forename><forename type="middle">G</forename><surname>Schwing</surname></persName>
		</author>
		<author>
			<persName xmlns="http://www.tei-c.org/ns/1.0"><forename type="first">A</forename><forename type="middle">L</forename><surname>Yuille</surname></persName>
		</author>
		<author>
			<persName xmlns="http://www.tei-c.org/ns/1.0"><forename type="first">R</forename><surname>Urtasun</surname></persName>
		</author>
		<idno type="arXiv">arXiv:1407.2538</idno>
		<title level="m">Learning deep structured models</title>
		<imprint>
			<date type="published" when="2014" />
		</imprint>
	</monogr>
	<note type="report_type">arXiv preprint</note>
</biblStruct>

<biblStruct xml:id="b4">
	<analytic>
		<title level="a" type="main">Articulated pose estimation by a graphical model with image dependent pairwise relations</title>
		<author>
			<persName xmlns="http://www.tei-c.org/ns/1.0"><forename type="first">X</forename><surname>Chen</surname></persName>
		</author>
		<author>
			<persName xmlns="http://www.tei-c.org/ns/1.0"><forename type="first">A</forename><forename type="middle">L</forename><surname>Yuille</surname></persName>
		</author>
	</analytic>
	<monogr>
		<title level="m">Advances in Neural Information Processing Systems</title>
		<imprint>
			<date type="published" when="2014" />
			<biblScope unit="page" from="1736" to="1744" />
		</imprint>
	</monogr>
</biblStruct>

<biblStruct xml:id="b5">
	<monogr>
		<title level="m" type="main">Active shape models-their training and application. Computer vision and image understanding</title>
		<author>
			<persName xmlns="http://www.tei-c.org/ns/1.0"><forename type="first">T</forename><forename type="middle">F</forename><surname>Cootes</surname></persName>
		</author>
		<author>
			<persName xmlns="http://www.tei-c.org/ns/1.0"><forename type="first">C</forename><forename type="middle">J</forename><surname>Taylor</surname></persName>
		</author>
		<author>
			<persName xmlns="http://www.tei-c.org/ns/1.0"><forename type="first">D</forename><forename type="middle">H</forename><surname>Cooper</surname></persName>
		</author>
		<author>
			<persName xmlns="http://www.tei-c.org/ns/1.0"><forename type="first">J</forename><surname>Graham</surname></persName>
		</author>
		<imprint>
			<date type="published" when="1995" />
			<biblScope unit="volume">61</biblScope>
			<biblScope unit="page" from="38" to="59" />
		</imprint>
	</monogr>
</biblStruct>

<biblStruct xml:id="b6">
	<analytic>
		<title level="a" type="main">Search-based structured prediction</title>
		<author>
			<persName xmlns="http://www.tei-c.org/ns/1.0"><forename type="first">H</forename><surname>Daumé</surname><genName>III</genName></persName>
		</author>
		<author>
			<persName xmlns="http://www.tei-c.org/ns/1.0"><forename type="first">J</forename><surname>Langford</surname></persName>
		</author>
		<author>
			<persName xmlns="http://www.tei-c.org/ns/1.0"><forename type="first">D</forename><surname>Marcu</surname></persName>
		</author>
	</analytic>
	<monogr>
		<title level="j">Machine learning</title>
		<imprint>
			<biblScope unit="volume">75</biblScope>
			<biblScope unit="issue">3</biblScope>
			<biblScope unit="page" from="297" to="325" />
			<date type="published" when="2009" />
		</imprint>
	</monogr>
</biblStruct>

<biblStruct xml:id="b7">
	<analytic>
		<title level="a" type="main">Cascaded pose regression</title>
		<author>
			<persName xmlns="http://www.tei-c.org/ns/1.0"><forename type="first">P</forename><surname>Dollár</surname></persName>
		</author>
		<author>
			<persName xmlns="http://www.tei-c.org/ns/1.0"><forename type="first">P</forename><surname>Welinder</surname></persName>
		</author>
		<author>
			<persName xmlns="http://www.tei-c.org/ns/1.0"><forename type="first">P</forename><surname>Perona</surname></persName>
		</author>
	</analytic>
	<monogr>
		<title level="m">CVPR</title>
		<imprint>
			<date type="published" when="2010" />
		</imprint>
	</monogr>
</biblStruct>

<biblStruct xml:id="b8">
	<monogr>
		<title level="m" type="main">Combining local appearance and holistic view: Dual-source deep neural networks for human pose estimation</title>
		<author>
			<persName xmlns="http://www.tei-c.org/ns/1.0"><forename type="first">X</forename><surname>Fan</surname></persName>
		</author>
		<author>
			<persName xmlns="http://www.tei-c.org/ns/1.0"><forename type="first">K</forename><surname>Zheng</surname></persName>
		</author>
		<author>
			<persName xmlns="http://www.tei-c.org/ns/1.0"><forename type="first">Y</forename><surname>Lin</surname></persName>
		</author>
		<author>
			<persName xmlns="http://www.tei-c.org/ns/1.0"><forename type="first">S</forename><surname>Wang</surname></persName>
		</author>
		<idno type="arXiv">arXiv:1504.07159</idno>
		<imprint>
			<date type="published" when="2015" />
		</imprint>
	</monogr>
	<note type="report_type">arXiv preprint</note>
</biblStruct>

<biblStruct xml:id="b9">
	<monogr>
		<title level="m" type="main">Combining local appearance and holistic view: Dual-source deep neural networks for human pose estimation</title>
		<author>
			<persName xmlns="http://www.tei-c.org/ns/1.0"><forename type="first">X</forename><surname>Fan</surname></persName>
		</author>
		<author>
			<persName xmlns="http://www.tei-c.org/ns/1.0"><forename type="first">K</forename><surname>Zheng</surname></persName>
		</author>
		<author>
			<persName xmlns="http://www.tei-c.org/ns/1.0"><forename type="first">Y</forename><surname>Lin</surname></persName>
		</author>
		<author>
			<persName xmlns="http://www.tei-c.org/ns/1.0"><forename type="first">S</forename><surname>Wang</surname></persName>
		</author>
		<imprint>
			<date type="published" when="2015-06" />
		</imprint>
	</monogr>
</biblStruct>

<biblStruct xml:id="b10">
	<analytic>
		<title level="a" type="main">Distributed Hierarchical Processing in the Primate Cerebral Cortex</title>
		<author>
			<persName xmlns="http://www.tei-c.org/ns/1.0"><forename type="first">D</forename><forename type="middle">J</forename><surname>Felleman</surname></persName>
		</author>
		<author>
			<persName xmlns="http://www.tei-c.org/ns/1.0"><forename type="first">D</forename><forename type="middle">C</forename><surname>Van Essen</surname></persName>
		</author>
	</analytic>
	<monogr>
		<title level="j">Cerebral Cortex</title>
		<imprint>
			<biblScope unit="volume">1</biblScope>
			<biblScope unit="issue">1</biblScope>
			<biblScope unit="page" from="1" to="47" />
			<date type="published" when="1991-01" />
		</imprint>
	</monogr>
</biblStruct>

<biblStruct xml:id="b11">
	<monogr>
		<title level="m" type="main">Stationary features and cat detection</title>
		<author>
			<persName xmlns="http://www.tei-c.org/ns/1.0"><forename type="first">F</forename><surname>Fleuret</surname></persName>
		</author>
		<author>
			<persName xmlns="http://www.tei-c.org/ns/1.0"><forename type="first">D</forename><surname>Geman</surname></persName>
		</author>
		<idno>Idiap-RR-56-2007</idno>
		<imprint>
			<date type="published" when="2007" />
		</imprint>
	</monogr>
	<note type="report_type">Technical Report</note>
</biblStruct>

<biblStruct xml:id="b12">
	<analytic>
		<title level="a" type="main">Neocognitron: A self-organizing neural network model for a mechanism of pattern recognition unaffected by shift in position</title>
		<author>
			<persName xmlns="http://www.tei-c.org/ns/1.0"><forename type="first">K</forename><surname>Fukushima</surname></persName>
		</author>
	</analytic>
	<monogr>
		<title level="j">Biological cybernetics</title>
		<imprint>
			<biblScope unit="volume">36</biblScope>
			<biblScope unit="issue">4</biblScope>
			<biblScope unit="page" from="193" to="202" />
			<date type="published" when="1980" />
		</imprint>
	</monogr>
</biblStruct>

<biblStruct xml:id="b13">
	<analytic>
		<title level="a" type="main">Brain states: Top-down influences in sensory processing</title>
		<author>
			<persName xmlns="http://www.tei-c.org/ns/1.0"><forename type="first">C</forename><forename type="middle">D</forename><surname>Gilbert</surname></persName>
		</author>
		<author>
			<persName xmlns="http://www.tei-c.org/ns/1.0"><forename type="first">M</forename><surname>Sigman</surname></persName>
		</author>
	</analytic>
	<monogr>
		<title level="j">Neuron</title>
		<imprint>
			<biblScope unit="volume">54</biblScope>
			<biblScope unit="issue">5</biblScope>
			<biblScope unit="page" from="677" to="696" />
			<date type="published" when="2007" />
		</imprint>
	</monogr>
</biblStruct>

<biblStruct xml:id="b14">
	<monogr>
		<title level="m" type="main">Hypercolumns for object segmentation and fine-grained localization</title>
		<author>
			<persName xmlns="http://www.tei-c.org/ns/1.0"><forename type="first">B</forename><surname>Hariharan</surname></persName>
		</author>
		<author>
			<persName xmlns="http://www.tei-c.org/ns/1.0"><forename type="first">P</forename><surname>Arbeláez</surname></persName>
		</author>
		<author>
			<persName xmlns="http://www.tei-c.org/ns/1.0"><forename type="first">R</forename><surname>Girshick</surname></persName>
		</author>
		<author>
			<persName xmlns="http://www.tei-c.org/ns/1.0"><forename type="first">J</forename><surname>Malik</surname></persName>
		</author>
		<idno type="arXiv">arXiv:1411.5752</idno>
		<imprint>
			<date type="published" when="2014" />
		</imprint>
	</monogr>
	<note type="report_type">arXiv preprint</note>
</biblStruct>

<biblStruct xml:id="b15">
	<analytic>
		<title level="a" type="main">Cortical feedback improves discrimination between figure and background by V1, V2 and V3 neurons</title>
		<author>
			<persName xmlns="http://www.tei-c.org/ns/1.0"><forename type="first">J</forename><forename type="middle">M</forename><surname>Hupe</surname></persName>
		</author>
		<author>
			<persName xmlns="http://www.tei-c.org/ns/1.0"><forename type="first">A</forename><forename type="middle">C</forename><surname>James</surname></persName>
		</author>
		<author>
			<persName xmlns="http://www.tei-c.org/ns/1.0"><forename type="first">B</forename><forename type="middle">R</forename><surname>Payne</surname></persName>
		</author>
		<author>
			<persName xmlns="http://www.tei-c.org/ns/1.0"><forename type="first">S</forename><forename type="middle">G</forename><surname>Lomber</surname></persName>
		</author>
		<author>
			<persName xmlns="http://www.tei-c.org/ns/1.0"><forename type="first">P</forename><surname>Girard</surname></persName>
		</author>
		<author>
			<persName xmlns="http://www.tei-c.org/ns/1.0"><forename type="first">J</forename><surname>Bullier</surname></persName>
		</author>
	</analytic>
	<monogr>
		<title level="j">Nature</title>
		<imprint>
			<biblScope unit="volume">394</biblScope>
			<biblScope unit="issue">6695</biblScope>
			<biblScope unit="page" from="784" to="787" />
			<date type="published" when="1998-08" />
		</imprint>
	</monogr>
</biblStruct>

<biblStruct xml:id="b16">
	<analytic>
		<title level="a" type="main">Iterated second-order label sensitive pooling for 3d human pose estimation</title>
		<author>
			<persName xmlns="http://www.tei-c.org/ns/1.0"><forename type="first">C</forename><surname>Ionescu</surname></persName>
		</author>
		<author>
			<persName xmlns="http://www.tei-c.org/ns/1.0"><forename type="first">J</forename><surname>Carreira</surname></persName>
		</author>
		<author>
			<persName xmlns="http://www.tei-c.org/ns/1.0"><forename type="first">C</forename><surname>Sminchisescu</surname></persName>
		</author>
	</analytic>
	<monogr>
		<title level="m">Computer Vision and Pattern Recognition (CVPR), 2014 IEEE Conference on</title>
		<imprint>
			<publisher>IEEE</publisher>
			<date type="published" when="2014" />
			<biblScope unit="page" from="1661" to="1668" />
		</imprint>
	</monogr>
</biblStruct>

<biblStruct xml:id="b17">
	<monogr>
		<title level="m" type="main">Deep structured output learning for unconstrained text recognition</title>
		<author>
			<persName xmlns="http://www.tei-c.org/ns/1.0"><forename type="first">M</forename><surname>Jaderberg</surname></persName>
		</author>
		<author>
			<persName xmlns="http://www.tei-c.org/ns/1.0"><forename type="first">K</forename><surname>Simonyan</surname></persName>
		</author>
		<author>
			<persName xmlns="http://www.tei-c.org/ns/1.0"><forename type="first">A</forename><surname>Vedaldi</surname></persName>
		</author>
		<author>
			<persName xmlns="http://www.tei-c.org/ns/1.0"><forename type="first">A</forename><surname>Zisserman</surname></persName>
		</author>
		<imprint>
			<date type="published" when="2014" />
		</imprint>
	</monogr>
</biblStruct>

<biblStruct xml:id="b18">
	<analytic>
		<title level="a" type="main">Clustered pose and nonlinear appearance models for human pose estimation</title>
		<author>
			<persName xmlns="http://www.tei-c.org/ns/1.0"><forename type="first">S</forename><surname>Johnson</surname></persName>
		</author>
		<author>
			<persName xmlns="http://www.tei-c.org/ns/1.0"><forename type="first">M</forename><surname>Everingham</surname></persName>
		</author>
		<idno type="DOI">10.5244/C.24.12</idno>
	</analytic>
	<monogr>
		<title level="m">Proceedings of the British Machine Vision Conference</title>
		<meeting>the British Machine Vision Conference</meeting>
		<imprint>
			<date type="published" when="2010" />
		</imprint>
	</monogr>
</biblStruct>

<biblStruct xml:id="b19">
	<analytic>
		<title level="a" type="main">Snakes: Active contour models</title>
		<author>
			<persName xmlns="http://www.tei-c.org/ns/1.0"><forename type="first">M</forename><surname>Kass</surname></persName>
		</author>
		<author>
			<persName xmlns="http://www.tei-c.org/ns/1.0"><forename type="first">A</forename><surname>Witkin</surname></persName>
		</author>
		<author>
			<persName xmlns="http://www.tei-c.org/ns/1.0"><forename type="first">D</forename><surname>Terzopoulos</surname></persName>
		</author>
	</analytic>
	<monogr>
		<title level="j">International journal of computer vision</title>
		<imprint>
			<biblScope unit="volume">1</biblScope>
			<biblScope unit="issue">4</biblScope>
			<biblScope unit="page" from="321" to="331" />
			<date type="published" when="1988" />
		</imprint>
	</monogr>
</biblStruct>

<biblStruct xml:id="b20">
	<monogr>
		<title level="m" type="main">The ventral visual pathway: An expanded neural framework for the processing of object quality</title>
		<author>
			<persName xmlns="http://www.tei-c.org/ns/1.0"><forename type="first">B</forename><forename type="middle">C U L M M</forename><surname>Kravitz</surname></persName>
		</author>
		<author>
			<persName xmlns="http://www.tei-c.org/ns/1.0"><forename type="first">D</forename><forename type="middle">J</forename><surname>Saleem</surname></persName>
		</author>
		<author>
			<persName xmlns="http://www.tei-c.org/ns/1.0"><forename type="first">K</forename><forename type="middle">S</forename></persName>
		</author>
		<imprint>
			<date type="published" when="2013" />
			<biblScope unit="volume">17</biblScope>
		</imprint>
	</monogr>
</biblStruct>

<biblStruct xml:id="b21">
	<analytic>
		<title level="a" type="main">the distinct modes of vision offered by feedforward and recurrent processing</title>
		<author>
			<persName xmlns="http://www.tei-c.org/ns/1.0"><forename type="first">V</forename><forename type="middle">A F</forename><surname>Lamme</surname></persName>
		</author>
		<author>
			<persName xmlns="http://www.tei-c.org/ns/1.0"><forename type="first">P</forename><forename type="middle">R</forename><surname>Roelfaema</surname></persName>
		</author>
	</analytic>
	<monogr>
		<title level="j">Trends in Neurosciences</title>
		<imprint>
			<biblScope unit="volume">23</biblScope>
			<biblScope unit="page">571</biblScope>
			<date type="published" when="2000" />
		</imprint>
	</monogr>
</biblStruct>

<biblStruct xml:id="b22">
	<monogr>
		<title level="m" type="main">Gradientbased learning applied to document recognition. Proceedings of the IEEE</title>
		<author>
			<persName xmlns="http://www.tei-c.org/ns/1.0"><forename type="first">Y</forename><surname>Lecun</surname></persName>
		</author>
		<author>
			<persName xmlns="http://www.tei-c.org/ns/1.0"><forename type="first">L</forename><surname>Bottou</surname></persName>
		</author>
		<author>
			<persName xmlns="http://www.tei-c.org/ns/1.0"><forename type="first">Y</forename><surname>Bengio</surname></persName>
		</author>
		<author>
			<persName xmlns="http://www.tei-c.org/ns/1.0"><forename type="first">P</forename><surname>Haffner</surname></persName>
		</author>
		<imprint>
			<date type="published" when="1998" />
			<biblScope unit="volume">86</biblScope>
			<biblScope unit="page" from="2278" to="2324" />
		</imprint>
	</monogr>
</biblStruct>

<biblStruct xml:id="b23">
	<analytic>
		<title level="a" type="main">Fixed-point model for structured labeling</title>
		<author>
			<persName xmlns="http://www.tei-c.org/ns/1.0"><forename type="first">Q</forename><surname>Li</surname></persName>
		</author>
		<author>
			<persName xmlns="http://www.tei-c.org/ns/1.0"><forename type="first">J</forename><surname>Wang</surname></persName>
		</author>
		<author>
			<persName xmlns="http://www.tei-c.org/ns/1.0"><forename type="first">Z</forename><surname>Tu</surname></persName>
		</author>
		<author>
			<persName xmlns="http://www.tei-c.org/ns/1.0"><forename type="first">D</forename><forename type="middle">P</forename><surname>Wipf</surname></persName>
		</author>
	</analytic>
	<monogr>
		<title level="m">Proceedings of the 30th International Conference on Machine Learning (ICML-13)</title>
		<meeting>the 30th International Conference on Machine Learning (ICML-13)</meeting>
		<imprint>
			<date type="published" when="2013" />
			<biblScope unit="page" from="214" to="221" />
		</imprint>
	</monogr>
</biblStruct>

<biblStruct xml:id="b24">
	<analytic>
		<title level="a" type="main">Recurrent models of visual attention</title>
		<author>
			<persName xmlns="http://www.tei-c.org/ns/1.0"><forename type="first">V</forename><surname>Mnih</surname></persName>
		</author>
		<author>
			<persName xmlns="http://www.tei-c.org/ns/1.0"><forename type="first">N</forename><surname>Heess</surname></persName>
		</author>
		<author>
			<persName xmlns="http://www.tei-c.org/ns/1.0"><forename type="first">A</forename><surname>Graves</surname></persName>
		</author>
		<author>
			<persName xmlns="http://www.tei-c.org/ns/1.0"><forename type="first">K</forename><surname>Kavukcuoglu ; Z. Ghahramani</surname></persName>
		</author>
		<author>
			<persName xmlns="http://www.tei-c.org/ns/1.0"><forename type="first">M</forename><surname>Welling</surname></persName>
		</author>
		<author>
			<persName xmlns="http://www.tei-c.org/ns/1.0"><forename type="first">C</forename><surname>Cortes</surname></persName>
		</author>
		<author>
			<persName xmlns="http://www.tei-c.org/ns/1.0"><forename type="first">N</forename><surname>Lawrence</surname></persName>
		</author>
		<author>
			<persName xmlns="http://www.tei-c.org/ns/1.0"><forename type="first">K</forename><surname>Weinberger</surname></persName>
		</author>
	</analytic>
	<monogr>
		<title level="m">Advances in Neural Information Processing Systems</title>
		<imprint>
			<publisher>Curran Associates, Inc</publisher>
			<date type="published" when="2014" />
			<biblScope unit="volume">27</biblScope>
			<biblScope unit="page" from="2204" to="2212" />
		</imprint>
	</monogr>
</biblStruct>

<biblStruct xml:id="b25">
	<analytic>
		<title level="a" type="main">Structured learning and prediction in computer vision</title>
		<author>
			<persName xmlns="http://www.tei-c.org/ns/1.0"><forename type="first">S</forename><surname>Nowozin</surname></persName>
		</author>
		<author>
			<persName xmlns="http://www.tei-c.org/ns/1.0"><forename type="first">C</forename><forename type="middle">H</forename><surname>Lampert</surname></persName>
		</author>
	</analytic>
	<monogr>
		<title level="j">Foundations and Trends R in Computer Graphics and Vision</title>
		<imprint>
			<biblScope unit="volume">6</biblScope>
			<biblScope unit="issue">3-4</biblScope>
			<biblScope unit="page" from="185" to="365" />
			<date type="published" when="2011" />
		</imprint>
	</monogr>
</biblStruct>

<biblStruct xml:id="b26">
	<analytic>
		<title level="a" type="main">Training a feedback loop for hand pose estimation</title>
		<author>
			<persName xmlns="http://www.tei-c.org/ns/1.0"><forename type="first">M</forename><surname>Oberweger</surname></persName>
		</author>
		<author>
			<persName xmlns="http://www.tei-c.org/ns/1.0"><forename type="first">P</forename><surname>Wohlhart</surname></persName>
		</author>
		<author>
			<persName xmlns="http://www.tei-c.org/ns/1.0"><forename type="first">V</forename><surname>Lepetit</surname></persName>
		</author>
	</analytic>
	<monogr>
		<title level="m">Proceedings of the IEEE International Conference on Computer Vision</title>
		<meeting>the IEEE International Conference on Computer Vision</meeting>
		<imprint>
			<date type="published" when="2015" />
			<biblScope unit="page" from="3316" to="3324" />
		</imprint>
	</monogr>
</biblStruct>

<biblStruct xml:id="b27">
	<analytic>
		<title level="a" type="main">Flowing convnets for human pose estimation in videos</title>
		<author>
			<persName xmlns="http://www.tei-c.org/ns/1.0"><forename type="first">T</forename><surname>Pfister</surname></persName>
		</author>
		<author>
			<persName xmlns="http://www.tei-c.org/ns/1.0"><forename type="first">J</forename><surname>Charles</surname></persName>
		</author>
		<author>
			<persName xmlns="http://www.tei-c.org/ns/1.0"><forename type="first">A</forename><surname>Zisserman</surname></persName>
		</author>
	</analytic>
	<monogr>
		<title level="m">Proceedings of the IEEE International Conference on Computer Vision</title>
		<meeting>the IEEE International Conference on Computer Vision</meeting>
		<imprint>
			<date type="published" when="2015" />
			<biblScope unit="page" from="1913" to="1921" />
		</imprint>
	</monogr>
</biblStruct>

<biblStruct xml:id="b28">
	<analytic>
		<title level="a" type="main">Poselet conditioned pictorial structures</title>
		<author>
			<persName xmlns="http://www.tei-c.org/ns/1.0"><forename type="first">L</forename><surname>Pishchulin</surname></persName>
		</author>
		<author>
			<persName xmlns="http://www.tei-c.org/ns/1.0"><forename type="first">M</forename><surname>Andriluka</surname></persName>
		</author>
		<author>
			<persName xmlns="http://www.tei-c.org/ns/1.0"><forename type="first">P</forename><surname>Gehler</surname></persName>
		</author>
		<author>
			<persName xmlns="http://www.tei-c.org/ns/1.0"><forename type="first">B</forename><surname>Schiele</surname></persName>
		</author>
	</analytic>
	<monogr>
		<title level="m">Computer Vision and Pattern Recognition (CVPR), 2013 IEEE Conference on</title>
		<imprint>
			<publisher>IEEE</publisher>
			<date type="published" when="2013" />
			<biblScope unit="page" from="588" to="595" />
		</imprint>
	</monogr>
</biblStruct>

<biblStruct xml:id="b29">
	<analytic>
		<title level="a" type="main">Strong appearance and expressive spatial models for human pose estimation</title>
		<author>
			<persName xmlns="http://www.tei-c.org/ns/1.0"><forename type="first">L</forename><surname>Pishchulin</surname></persName>
		</author>
		<author>
			<persName xmlns="http://www.tei-c.org/ns/1.0"><forename type="first">M</forename><surname>Andriluka</surname></persName>
		</author>
		<author>
			<persName xmlns="http://www.tei-c.org/ns/1.0"><forename type="first">P</forename><surname>Gehler</surname></persName>
		</author>
		<author>
			<persName xmlns="http://www.tei-c.org/ns/1.0"><forename type="first">B</forename><surname>Schiele</surname></persName>
		</author>
	</analytic>
	<monogr>
		<title level="m">International Conference on Computer Vision (ICCV), 2013 IEEE Conference on</title>
		<imprint>
			<publisher>IEEE</publisher>
			<date type="published" when="2013" />
			<biblScope unit="page" from="3487" to="3494" />
		</imprint>
	</monogr>
</biblStruct>

<biblStruct xml:id="b30">
	<analytic>
		<title level="a" type="main">Pose machines: Articulated pose estimation via inference machines</title>
		<author>
			<persName xmlns="http://www.tei-c.org/ns/1.0"><forename type="first">V</forename><surname>Ramakrishna</surname></persName>
		</author>
		<author>
			<persName xmlns="http://www.tei-c.org/ns/1.0"><forename type="first">D</forename><surname>Munoz</surname></persName>
		</author>
		<author>
			<persName xmlns="http://www.tei-c.org/ns/1.0"><forename type="first">M</forename><surname>Hebert</surname></persName>
		</author>
		<author>
			<persName xmlns="http://www.tei-c.org/ns/1.0"><forename type="first">J</forename><forename type="middle">A</forename><surname>Bagnell</surname></persName>
		</author>
		<author>
			<persName xmlns="http://www.tei-c.org/ns/1.0"><forename type="first">Y</forename><surname>Sheikh</surname></persName>
		</author>
	</analytic>
	<monogr>
		<title level="m">Computer Vision-ECCV 2014</title>
		<imprint>
			<publisher>Springer International Publishing</publisher>
			<date type="published" when="2014" />
			<biblScope unit="page" from="33" to="47" />
		</imprint>
	</monogr>
</biblStruct>

<biblStruct xml:id="b31">
	<analytic>
		<title level="a" type="main">Fast pose estimation with parameter-sensitive hashing</title>
		<author>
			<persName xmlns="http://www.tei-c.org/ns/1.0"><forename type="first">G</forename><surname>Shakhnarovich</surname></persName>
		</author>
		<author>
			<persName xmlns="http://www.tei-c.org/ns/1.0"><forename type="first">P</forename><surname>Viola</surname></persName>
		</author>
		<author>
			<persName xmlns="http://www.tei-c.org/ns/1.0"><forename type="first">T</forename><surname>Darrell</surname></persName>
		</author>
	</analytic>
	<monogr>
		<title level="m">Computer Vision, 2003. Proceedings. Ninth IEEE International Conference on</title>
		<imprint>
			<publisher>IEEE</publisher>
			<date type="published" when="2003" />
			<biblScope unit="page" from="750" to="757" />
		</imprint>
	</monogr>
</biblStruct>

<biblStruct xml:id="b32">
	<analytic>
		<title level="a" type="main">Looselimbed people: Estimating 3D human pose and motion using non-parametric belief propagation</title>
		<author>
			<persName xmlns="http://www.tei-c.org/ns/1.0"><forename type="first">L</forename><surname>Sigal</surname></persName>
		</author>
		<author>
			<persName xmlns="http://www.tei-c.org/ns/1.0"><forename type="first">M</forename><surname>Isard</surname></persName>
		</author>
		<author>
			<persName xmlns="http://www.tei-c.org/ns/1.0"><forename type="first">H</forename><surname>Haussecker</surname></persName>
		</author>
		<author>
			<persName xmlns="http://www.tei-c.org/ns/1.0"><forename type="first">M</forename><forename type="middle">J</forename><surname>Black</surname></persName>
		</author>
	</analytic>
	<monogr>
		<title level="j">International Journal of Computer Vision</title>
		<imprint>
			<biblScope unit="volume">98</biblScope>
			<biblScope unit="issue">1</biblScope>
			<biblScope unit="page" from="15" to="48" />
			<date type="published" when="2011-05" />
		</imprint>
	</monogr>
</biblStruct>

<biblStruct xml:id="b33">
	<monogr>
		<title level="m" type="main">Very deep convolutional networks for large-scale image recognition</title>
		<author>
			<persName xmlns="http://www.tei-c.org/ns/1.0"><forename type="first">K</forename><surname>Simonyan</surname></persName>
		</author>
		<author>
			<persName xmlns="http://www.tei-c.org/ns/1.0"><forename type="first">A</forename><surname>Zisserman</surname></persName>
		</author>
		<idno type="arXiv">arXiv:1409.1556</idno>
		<imprint>
			<date type="published" when="2014" />
		</imprint>
	</monogr>
	<note type="report_type">arXiv preprint</note>
</biblStruct>

<biblStruct xml:id="b34">
	<analytic>
		<title level="a" type="main">Deep networks with internal selective attention through feedback connections</title>
		<author>
			<persName xmlns="http://www.tei-c.org/ns/1.0"><forename type="first">M</forename><forename type="middle">F</forename><surname>Stollenga</surname></persName>
		</author>
		<author>
			<persName xmlns="http://www.tei-c.org/ns/1.0"><forename type="first">J</forename><surname>Masci</surname></persName>
		</author>
		<author>
			<persName xmlns="http://www.tei-c.org/ns/1.0"><forename type="first">F</forename><surname>Gomez</surname></persName>
		</author>
		<author>
			<persName xmlns="http://www.tei-c.org/ns/1.0"><forename type="first">J</forename><surname>Schmidhuber</surname></persName>
		</author>
	</analytic>
	<monogr>
		<title level="m">Advances in Neural Information Processing Systems</title>
		<imprint>
			<date type="published" when="2014" />
			<biblScope unit="page" from="3545" to="3553" />
		</imprint>
	</monogr>
</biblStruct>

<biblStruct xml:id="b35">
	<monogr>
		<title level="m" type="main">Going deeper with convolutions</title>
		<author>
			<persName xmlns="http://www.tei-c.org/ns/1.0"><forename type="first">C</forename><surname>Szegedy</surname></persName>
		</author>
		<author>
			<persName xmlns="http://www.tei-c.org/ns/1.0"><forename type="first">W</forename><surname>Liu</surname></persName>
		</author>
		<author>
			<persName xmlns="http://www.tei-c.org/ns/1.0"><forename type="first">Y</forename><surname>Jia</surname></persName>
		</author>
		<author>
			<persName xmlns="http://www.tei-c.org/ns/1.0"><forename type="first">P</forename><surname>Sermanet</surname></persName>
		</author>
		<author>
			<persName xmlns="http://www.tei-c.org/ns/1.0"><forename type="first">S</forename><surname>Reed</surname></persName>
		</author>
		<author>
			<persName xmlns="http://www.tei-c.org/ns/1.0"><forename type="first">D</forename><surname>Anguelov</surname></persName>
		</author>
		<author>
			<persName xmlns="http://www.tei-c.org/ns/1.0"><forename type="first">D</forename><surname>Erhan</surname></persName>
		</author>
		<author>
			<persName xmlns="http://www.tei-c.org/ns/1.0"><forename type="first">V</forename><surname>Vanhoucke</surname></persName>
		</author>
		<author>
			<persName xmlns="http://www.tei-c.org/ns/1.0"><forename type="first">A</forename><surname>Rabinovich</surname></persName>
		</author>
		<imprint>
			<date type="published" when="2015-06" />
		</imprint>
	</monogr>
</biblStruct>

<biblStruct xml:id="b36">
	<monogr>
		<title level="m" type="main">Efficient object localization using convolutional networks</title>
		<author>
			<persName xmlns="http://www.tei-c.org/ns/1.0"><forename type="first">J</forename><surname>Tompson</surname></persName>
		</author>
		<author>
			<persName xmlns="http://www.tei-c.org/ns/1.0"><forename type="first">R</forename><surname>Goroshin</surname></persName>
		</author>
		<author>
			<persName xmlns="http://www.tei-c.org/ns/1.0"><forename type="first">A</forename><surname>Jain</surname></persName>
		</author>
		<author>
			<persName xmlns="http://www.tei-c.org/ns/1.0"><forename type="first">Y</forename><surname>Lecun</surname></persName>
		</author>
		<author>
			<persName xmlns="http://www.tei-c.org/ns/1.0"><forename type="first">C</forename><surname>Bregler</surname></persName>
		</author>
		<imprint>
			<date type="published" when="2015-06" />
		</imprint>
	</monogr>
</biblStruct>

<biblStruct xml:id="b37">
	<analytic>
		<title level="a" type="main">Joint training of a convolutional network and a graphical model for human pose estimation</title>
		<author>
			<persName xmlns="http://www.tei-c.org/ns/1.0"><forename type="first">J</forename><forename type="middle">J</forename><surname>Tompson</surname></persName>
		</author>
		<author>
			<persName xmlns="http://www.tei-c.org/ns/1.0"><forename type="first">A</forename><surname>Jain</surname></persName>
		</author>
		<author>
			<persName xmlns="http://www.tei-c.org/ns/1.0"><forename type="first">Y</forename><surname>Lecun</surname></persName>
		</author>
		<author>
			<persName xmlns="http://www.tei-c.org/ns/1.0"><forename type="first">C</forename><surname>Bregler</surname></persName>
		</author>
	</analytic>
	<monogr>
		<title level="m">Advances in Neural Information Processing Systems</title>
		<editor>Z. Ghahramani, M. Welling, C. Cortes, N. Lawrence, and K. Weinberger</editor>
		<imprint>
			<date type="published" when="2014" />
			<biblScope unit="volume">27</biblScope>
			<biblScope unit="page" from="1799" to="1807" />
		</imprint>
	</monogr>
</biblStruct>

<biblStruct xml:id="b38">
	<analytic>
		<title level="a" type="main">Deeppose: Human pose estimation via deep neural networks</title>
		<author>
			<persName xmlns="http://www.tei-c.org/ns/1.0"><forename type="first">A</forename><surname>Toshev</surname></persName>
		</author>
		<author>
			<persName xmlns="http://www.tei-c.org/ns/1.0"><forename type="first">C</forename><surname>Szegedy</surname></persName>
		</author>
	</analytic>
	<monogr>
		<title level="m">Computer Vision and Pattern Recognition (CVPR), 2014 IEEE Conference on</title>
		<imprint>
			<publisher>IEEE</publisher>
			<date type="published" when="2014" />
			<biblScope unit="page" from="1653" to="1660" />
		</imprint>
	</monogr>
</biblStruct>

<biblStruct xml:id="b39">
	<analytic>
		<title level="a" type="main">Support vector machine learning for interdependent and structured output spaces</title>
		<author>
			<persName xmlns="http://www.tei-c.org/ns/1.0"><forename type="first">I</forename><surname>Tsochantaridis</surname></persName>
		</author>
		<author>
			<persName xmlns="http://www.tei-c.org/ns/1.0"><forename type="first">T</forename><surname>Hofmann</surname></persName>
		</author>
		<author>
			<persName xmlns="http://www.tei-c.org/ns/1.0"><forename type="first">T</forename><surname>Joachims</surname></persName>
		</author>
		<author>
			<persName xmlns="http://www.tei-c.org/ns/1.0"><forename type="first">Y</forename><surname>Altun</surname></persName>
		</author>
	</analytic>
	<monogr>
		<title level="m">Proceedings of the twenty-first international conference on Machine learning</title>
		<meeting>the twenty-first international conference on Machine learning</meeting>
		<imprint>
			<publisher>ACM</publisher>
			<date type="published" when="2004" />
			<biblScope unit="page">104</biblScope>
		</imprint>
	</monogr>
</biblStruct>

<biblStruct xml:id="b40">
	<analytic>
		<title level="a" type="main">Auto-context and its application to high-level vision tasks</title>
		<author>
			<persName xmlns="http://www.tei-c.org/ns/1.0"><forename type="first">Z</forename><surname>Tu</surname></persName>
		</author>
	</analytic>
	<monogr>
		<title level="m">Computer Vision and Pattern Recognition</title>
		<imprint>
			<publisher>IEEE</publisher>
			<date type="published" when="2008" />
			<biblScope unit="page" from="1" to="8" />
		</imprint>
	</monogr>
	<note>CVPR 2008. IEEE Conference on</note>
</biblStruct>

<biblStruct xml:id="b41">
	<analytic>
		<title level="a" type="main">Priming and human memory systems</title>
		<author>
			<persName xmlns="http://www.tei-c.org/ns/1.0"><forename type="first">E</forename><surname>Tulving</surname></persName>
		</author>
		<author>
			<persName xmlns="http://www.tei-c.org/ns/1.0"><forename type="first">D</forename><forename type="middle">L</forename><surname>Schacter</surname></persName>
		</author>
	</analytic>
	<monogr>
		<title level="j">Science</title>
		<imprint>
			<biblScope unit="volume">247</biblScope>
			<biblScope unit="issue">4940</biblScope>
			<biblScope unit="page" from="301" to="306" />
			<date type="published" when="1990" />
		</imprint>
	</monogr>
</biblStruct>

<biblStruct xml:id="b42">
	<monogr>
				<author>
			<persName xmlns="http://www.tei-c.org/ns/1.0"><forename type="first">A</forename><surname>Vedaldi</surname></persName>
		</author>
		<author>
			<persName xmlns="http://www.tei-c.org/ns/1.0"><forename type="first">K</forename><surname>Lenc</surname></persName>
		</author>
		<idno type="arXiv">arXiv:1412.4564</idno>
		<title level="m">Matconvnet-convolutional neural networks for matlab</title>
		<imprint>
			<date type="published" when="2014" />
		</imprint>
	</monogr>
	<note type="report_type">arXiv preprint</note>
</biblStruct>

<biblStruct xml:id="b43">
	<monogr>
		<title level="m" type="main">Structured prediction cascades</title>
		<author>
			<persName xmlns="http://www.tei-c.org/ns/1.0"><forename type="first">D</forename><surname>Weiss</surname></persName>
		</author>
		<author>
			<persName xmlns="http://www.tei-c.org/ns/1.0"><forename type="first">B</forename><surname>Sapp</surname></persName>
		</author>
		<author>
			<persName xmlns="http://www.tei-c.org/ns/1.0"><forename type="first">B</forename><surname>Taskar</surname></persName>
		</author>
		<idno type="arXiv">arXiv:1208.3279</idno>
		<imprint>
			<date type="published" when="2012" />
		</imprint>
	</monogr>
	<note type="report_type">arXiv preprint</note>
</biblStruct>

<biblStruct xml:id="b44">
	<analytic>
		<title level="a" type="main">Stacked generalization</title>
		<author>
			<persName xmlns="http://www.tei-c.org/ns/1.0"><forename type="first">D</forename><forename type="middle">H</forename><surname>Wolpert</surname></persName>
		</author>
	</analytic>
	<monogr>
		<title level="j">Neural networks</title>
		<imprint>
			<biblScope unit="volume">5</biblScope>
			<biblScope unit="issue">2</biblScope>
			<biblScope unit="page" from="241" to="259" />
			<date type="published" when="1992" />
		</imprint>
	</monogr>
</biblStruct>

<biblStruct xml:id="b45">
	<analytic>
		<title level="a" type="main">The limits of feedforward vision: Recurrent processing promotes robust object recognition when objects are degraded</title>
		<author>
			<persName xmlns="http://www.tei-c.org/ns/1.0"><forename type="first">D</forename><surname>Wyatte</surname></persName>
		</author>
		<author>
			<persName xmlns="http://www.tei-c.org/ns/1.0"><forename type="first">T</forename><surname>Curran</surname></persName>
		</author>
		<author>
			<persName xmlns="http://www.tei-c.org/ns/1.0"><forename type="first">R</forename><forename type="middle">C</forename><surname>O&amp;apos;reilly</surname></persName>
		</author>
	</analytic>
	<monogr>
		<title level="j">J. Cognitive Neuroscience</title>
		<imprint>
			<biblScope unit="page" from="2248" to="2261" />
			<date type="published" when="2012" />
		</imprint>
	</monogr>
</biblStruct>

<biblStruct xml:id="b46">
	<analytic>
		<title level="a" type="main">Supervised descent method and its applications to face alignment</title>
		<author>
			<persName xmlns="http://www.tei-c.org/ns/1.0"><forename type="first">X</forename><surname>Xiong</surname></persName>
		</author>
		<author>
			<persName xmlns="http://www.tei-c.org/ns/1.0"><forename type="first">F</forename><surname>De La</surname></persName>
		</author>
		<author>
			<persName xmlns="http://www.tei-c.org/ns/1.0"><forename type="first">Torre</forename></persName>
		</author>
	</analytic>
	<monogr>
		<title level="m">CVPR</title>
		<imprint/>
	</monogr>
</biblStruct>

<biblStruct xml:id="b47">
	<analytic>
		<title level="a" type="main">Articulated pose estimation with flexible mixtures-of-parts</title>
		<author>
			<persName xmlns="http://www.tei-c.org/ns/1.0"><forename type="first">Y</forename><surname>Yang</surname></persName>
		</author>
		<author>
			<persName xmlns="http://www.tei-c.org/ns/1.0"><forename type="first">D</forename><surname>Ramanan</surname></persName>
		</author>
	</analytic>
	<monogr>
		<title level="m">CVPR</title>
		<imprint>
			<date type="published" when="2011" />
		</imprint>
	</monogr>
</biblStruct>

				</listBibl>
			</div>
		</back>
	</text>
</TEI>
