<?xml version="1.0" encoding="UTF-8"?>
<TEI xml:space="preserve" xmlns="http://www.tei-c.org/ns/1.0" 
xmlns:xsi="http://www.w3.org/2001/XMLSchema-instance" 
xsi:schemaLocation="http://www.tei-c.org/ns/1.0 /mnt/c/Users/pc/Desktop/cs510_proj/grobid-0.5.6/grobid-home/schemas/xsd/Grobid.xsd"
 xmlns:xlink="http://www.w3.org/1999/xlink">
	<teiHeader xml:lang="en">
		<fileDesc>
			<titleStmt>
				<title level="a" type="main">Learning Deep Features for Discriminative Localization</title>
			</titleStmt>
			<publicationStmt>
				<publisher/>
				<availability status="unknown"><licence/></availability>
			</publicationStmt>
			<sourceDesc>
				<biblStruct>
					<analytic>
						<author>
							<persName xmlns="http://www.tei-c.org/ns/1.0"><forename type="first">Bolei</forename><surname>Zhou</surname></persName>
							<email>bzhou@csail.mit.edu</email>
							<affiliation key="aff0">
								<orgName type="laboratory">Computer Science and Artificial Intelligence Laboratory</orgName>
								<address>
									<region>MIT</region>
								</address>
							</affiliation>
						</author>
						<author>
							<persName xmlns="http://www.tei-c.org/ns/1.0"><forename type="first">Aditya</forename><surname>Khosla</surname></persName>
							<email>khosla@csail.mit.edu</email>
							<affiliation key="aff0">
								<orgName type="laboratory">Computer Science and Artificial Intelligence Laboratory</orgName>
								<address>
									<region>MIT</region>
								</address>
							</affiliation>
						</author>
						<author>
							<persName xmlns="http://www.tei-c.org/ns/1.0"><forename type="first">Agata</forename><surname>Lapedriza</surname></persName>
							<affiliation key="aff0">
								<orgName type="laboratory">Computer Science and Artificial Intelligence Laboratory</orgName>
								<address>
									<region>MIT</region>
								</address>
							</affiliation>
						</author>
						<author>
							<persName xmlns="http://www.tei-c.org/ns/1.0"><forename type="first">Aude</forename><surname>Oliva</surname></persName>
							<email>oliva@csail.mit.edu</email>
							<affiliation key="aff0">
								<orgName type="laboratory">Computer Science and Artificial Intelligence Laboratory</orgName>
								<address>
									<region>MIT</region>
								</address>
							</affiliation>
						</author>
						<author>
							<persName xmlns="http://www.tei-c.org/ns/1.0"><forename type="first">Antonio</forename><surname>Torralba</surname></persName>
							<email>torralba@csail.mit.edu</email>
							<affiliation key="aff0">
								<orgName type="laboratory">Computer Science and Artificial Intelligence Laboratory</orgName>
								<address>
									<region>MIT</region>
								</address>
							</affiliation>
						</author>
						<title level="a" type="main">Learning Deep Features for Discriminative Localization</title>
					</analytic>
					<monogr>
						<imprint>
							<date/>
						</imprint>
					</monogr>
				</biblStruct>
			</sourceDesc>
		</fileDesc>

		<encodingDesc>
			<appInfo>
				<application version="0.5.6" ident="GROBID" when="2019-12-02T16:42+0000">
					<ref target="https://github.com/kermitt2/grobid">GROBID - A machine learning software for extracting information from scholarly documents</ref>
				</application>
			</appInfo>
		</encodingDesc>		<profileDesc>
			<abstract>
<div xmlns="http://www.tei-c.org/ns/1.0"><p>In this work, we revisit the global average pooling layer proposed in <ref type="bibr" target="#b12">[13]</ref>, and shed light on how it explicitly enables the convolutional neural network (CNN) to have remarkable localization ability despite being trained on imagelevel labels. While this technique was previously proposed as a means for regularizing training, we find that it actually builds a generic localizable deep representation that exposes the implicit attention of CNNs on an image. Despite the apparent simplicity of global average pooling, we are able to achieve 37.1% top-5 error for object localization on ILSVRC 2014 without training on any bounding box annotation.We demonstrate in a variety of experiments that our network is able to localize the discriminative image regions despite just being trained for solving classification task 1 .</p></div>
			</abstract>
		</profileDesc>
	</teiHeader>
	<text xml:lang="en">
		<body>
<div xmlns="http://www.tei-c.org/ns/1.0"><head n="1.">Introduction</head><p>Recent work by Zhou et al <ref type="bibr" target="#b33">[34]</ref> has shown that the convolutional units of various layers of convolutional neural networks (CNNs) actually behave as object detectors despite no supervision on the location of the object was provided. Despite having this remarkable ability to localize objects in the convolutional layers, this ability is lost when fully-connected layers are used for classification. Recently some popular fully-convolutional neural networks such as the Network in Network (NIN) <ref type="bibr" target="#b12">[13]</ref> and GoogLeNet <ref type="bibr" target="#b24">[25]</ref> have been proposed to avoid the use of fully-connected layers to minimize the number of parameters while maintaining high performance.</p><p>In order to achieve this, <ref type="bibr" target="#b12">[13]</ref> uses global average pooling which acts as a structural regularizer, preventing overfitting during training. In our experiments, we found that the advantages of this global average pooling layer extend beyond simply acting as a regularizer -In fact, with a little tweaking, the network can retain its remarkable localization ability until the final layer. This tweaking allows identifying easily the discriminative image regions in a single forward- <ref type="bibr" target="#b0">1</ref> Code and models are available at http://cnnlocalization.csail.mit.edu</p></div>
<div xmlns="http://www.tei-c.org/ns/1.0"><head>Brushing teeth</head><p>Cutting trees <ref type="figure">Figure 1</ref>. A simple modification of the global average pooling layer combined with our class activation mapping (CAM) technique allows the classification-trained CNN to both classify the image and localize class-specific image regions in a single forward-pass e.g., the toothbrush for brushing teeth and the chainsaw for cutting trees.</p><p>pass for a wide variety of tasks, even those that the network was not originally trained for. As shown in <ref type="figure">Figure 1</ref>(a), a CNN trained on object categorization is successfully able to localize the discriminative regions for action classification as the objects that the humans are interacting with rather than the humans themselves. Despite the apparent simplicity of our approach, for the weakly supervised object localization on ILSVRC benchmark <ref type="bibr" target="#b20">[21]</ref>, our best network achieves 37.1% top-5 test error, which is rather close to the 34.2% top-5 test error achieved by fully supervised AlexNet <ref type="bibr" target="#b9">[10]</ref>. Furthermore, we demonstrate that the localizability of the deep features in our approach can be easily transferred to other recognition datasets for generic classification, localization, and concept discovery.</p></div>
<div xmlns="http://www.tei-c.org/ns/1.0"><head n="1.1.">Related Work</head><p>Convolutional Neural Networks (CNNs) have led to impressive performance on a variety of visual recognition tasks <ref type="bibr" target="#b9">[10,</ref><ref type="bibr" target="#b34">35,</ref><ref type="bibr" target="#b7">8]</ref>. Recent work has shown that despite being trained on image-level labels, CNNs have the remarkable ability to localize objects <ref type="bibr" target="#b0">[1,</ref><ref type="bibr" target="#b15">16,</ref><ref type="bibr" target="#b1">2,</ref><ref type="bibr" target="#b14">15,</ref><ref type="bibr" target="#b17">18]</ref>. In this work, we show that, using an appropriate architecture, we can generalize this ability beyond just localizing objects, to start identifying exactly which regions of an image are being used for discrimination. Here, we discuss the two lines of work most related to this paper: weakly-supervised object localization and visualizing the internal representation of CNNs.</p><p>Weakly-supervised object localization: There have been a number of recent works exploring weaklysupervised object localization using CNNs <ref type="bibr" target="#b0">[1,</ref><ref type="bibr" target="#b15">16,</ref><ref type="bibr" target="#b1">2,</ref><ref type="bibr" target="#b14">15]</ref>. Bergamo et al <ref type="bibr" target="#b0">[1]</ref> propose a technique for self-taught object localization involving masking out image regions to identify the regions causing the maximal activations in order to localize objects. Cinbis et al <ref type="bibr" target="#b1">[2]</ref> and Pinheiro et al <ref type="bibr" target="#b17">[18]</ref> combine multiple-instance learning with CNN features to localize objects. Oquab et al <ref type="bibr" target="#b14">[15]</ref> propose a method for transferring mid-level image representations and show that some object localization can be achieved by evaluating the output of CNNs on multiple overlapping patches. However, the authors do not actually evaluate the localization ability. On the other hand, while these approaches yield promising results, they are not trained end-to-end and require multiple forward passes of a network to localize objects, making them difficult to scale to real-world datasets. Our approach is trained end-to-end and can localize objects in a single forward pass.</p><p>The most similar approach to ours is the work based on global max pooling by Oquab et al <ref type="bibr" target="#b15">[16]</ref>. Instead of global average pooling, they apply global max pooling to localize a point on objects. However, their localization is limited to a point lying in the boundary of the object rather than determining the full extent of the object. We believe that while the max and average functions are rather similar, the use of average pooling encourages the network to identify the complete extent of the object. The basic intuition behind this is that the loss for average pooling benefits when the network identifies all discriminative regions of an object as compared to max pooling. This is explained in greater detail and verified experimentally in Sec. 3.2. Furthermore, unlike <ref type="bibr" target="#b15">[16]</ref>, we demonstrate that this localization ability is generic and can be observed even for problems that the network was not trained on.</p><p>We use class activation map to refer to the weighted activation maps generated for each image, as described in Section 2. We would like to emphasize that while global average pooling is not a novel technique that we propose here, the observation that it can be applied for accurate discriminative localization is, to the best of our knowledge, unique to our work. We believe that the simplicity of this technique makes it portable and can be applied to a variety of computer vision tasks for fast and accurate localization.</p><p>Visualizing CNNs: There has been a number of recent works <ref type="bibr" target="#b29">[30,</ref><ref type="bibr" target="#b13">14,</ref><ref type="bibr" target="#b3">4,</ref><ref type="bibr" target="#b33">34]</ref> that visualize the internal representation learned by CNNs in an attempt to better understand their properties. Zeiler et al <ref type="bibr" target="#b29">[30]</ref> use deconvolutional networks to visualize what patterns activate each unit. Zhou et al. <ref type="bibr" target="#b33">[34]</ref> show that CNNs learn object detectors while being trained to recognize scenes, and demonstrate that the same network can perform both scene recognition and object localization in a single forward-pass. Both of these works only analyze the convolutional layers, ignoring the fullyconnected thereby painting an incomplete picture of the full story. By removing the fully-connected layers and retaining most of the performance, we are able to understand our network from the beginning to the end.</p><p>Mahendran et al <ref type="bibr" target="#b13">[14]</ref> and Dosovitskiy et al <ref type="bibr" target="#b3">[4]</ref> analyze the visual encoding of CNNs by inverting deep features at different layers. While these approaches can invert the fully-connected layers, they only show what information is being preserved in the deep features without highlighting the relative importance of this information. Unlike <ref type="bibr" target="#b13">[14]</ref> and <ref type="bibr" target="#b3">[4]</ref>, our approach can highlight exactly which regions of an image are important for discrimination. Overall, our approach provides another glimpse into the soul of CNNs.</p></div>
<div xmlns="http://www.tei-c.org/ns/1.0"><head n="2.">Class Activation Mapping</head><p>In this section, we describe the procedure for generating class activation maps (CAM) using global average pooling (GAP) in CNNs. A class activation map for a particular category indicates the discriminative image regions used by the CNN to identify that category (e.g., <ref type="figure" target="#fig_1">Fig. 3</ref>). The procedure for generating these maps is illustrated in <ref type="figure" target="#fig_0">Fig. 2</ref>.</p><p>We use a network architecture similar to Network in Network <ref type="bibr" target="#b12">[13]</ref> and GoogLeNet <ref type="bibr" target="#b24">[25]</ref> -the network largely consists of convolutional layers, and just before the final output layer (softmax in the case of categorization), we perform global average pooling on the convolutional feature maps and use those as features for a fully-connected layer that produces the desired output (categorical or otherwise). Given this simple connectivity structure, we can identify the importance of the image regions by projecting back the weights of the output layer on to the convolutional feature maps, a technique we call class activation mapping.</p><p>As illustrated in <ref type="figure" target="#fig_0">Fig. 2</ref>, global average pooling outputs the spatial average of the feature map of each unit at the last convolutional layer. A weighted sum of these values is used to generate the final output. Similarly, we compute a weighted sum of the feature maps of the last convolutional layer to obtain our class activation maps. We describe this more formally below for the case of softmax. The same technique can be applied to regression and other losses.</p><p>For a given image, let f k (x, y) represent the activation of unit k in the last convolutional layer at spatial location (x, y). Then, for unit k, the result of performing global average pooling, F k is x,y f k (x, y). Thus, for a given class c, the input to the softmax, S c , is k w c k F k where w c k is the weight corresponding to class c for unit k. Essentially, w c k indicates the importance of F k for class c. Finally the output of the softmax for class c, P c is given by exp(Sc) c exp(Sc) .</p></div>
<div xmlns="http://www.tei-c.org/ns/1.0"><head>Australian terrier</head><p>... Here we ignore the bias term: we explicitly set the input bias of the softmax to 0 as it has little to no impact on the classification performance.</p><formula xml:id="formula_0">C O N V C O N V C O N V C O N V C O N V GAP ...</formula><formula xml:id="formula_1">By plugging F k = x,y f k (x, y) into the class score, S c , we obtain S c = k w c k x,y f k (x, y) = x,y k w c k f k (x, y).<label>(1)</label></formula><p>We define M c as the class activation map for class c, where each spatial element is given by</p><formula xml:id="formula_2">M c (x, y) = k w c k f k (x, y).<label>(2)</label></formula><p>Thus, S c = x,y M c (x, y), and hence M c (x, y) directly indicates the importance of the activation at spatial grid (x, y) leading to the classification of an image to class c.</p><p>Intuitively, based on prior works <ref type="bibr" target="#b33">[34,</ref><ref type="bibr" target="#b29">30]</ref>, we expect each unit to be activated by some visual pattern within its receptive field. Thus f k is the map of the presence of this visual pattern. The class activation map is simply a weighted linear sum of the presence of these visual patterns at different spatial locations. By simply upsampling the class activation map to the size of the input image, we can identify the image regions most relevant to the particular category.</p><p>In <ref type="figure" target="#fig_1">Fig. 3</ref>, we show some examples of the CAMs output using the above approach. We can see that the discriminative regions of the images for various classes are highlighted. In <ref type="figure" target="#fig_2">Fig. 4</ref> we highlight the differences in the CAMs for a single image when using different classes c to generate the maps. We observe that the discriminative regions for different categories are different even for a given image. This suggests that our approach works as expected. We demonstrate this quantitatively in the sections ahead.  The predicted class and its score are shown above each class activation map. We observe that the highlighted regions vary across predicted classes e.g., dome activates the upper round part while palace activates the lower flat part of the compound.</p><p>Global average pooling (GAP) vs global max pooling (GMP): Given the prior work <ref type="bibr" target="#b15">[16]</ref> on using GMP for weakly supervised object localization, we believe it is important to highlight the intuitive difference between GAP and GMP. We believe that GAP loss encourages the net-work to identify the extent of the object as compared to GMP which encourages it to identify just one discriminative part. This is because, when doing the average of a map, the value can be maximized by finding all discriminative parts of an object as all low activations reduce the output of the particular map. On the other hand, for GMP, low scores for all image regions except the most discriminative one do not impact the score as you just perform a max. We verify this experimentally on ILSVRC dataset in Sec. 3: while GMP achieves similar classification performance as GAP, GAP outperforms GMP for localization.</p></div>
<div xmlns="http://www.tei-c.org/ns/1.0"><head n="3.">Weakly-supervised Object Localization</head><p>In this section, we evaluate the localization ability of CAM when trained on the ILSVRC 2014 benchmark dataset <ref type="bibr" target="#b20">[21]</ref>. We first describe the experimental setup and the various CNNs used in Sec. 3.1. Then, in Sec. 3.2 we verify that our technique does not adversely impact the classification performance when learning to localize and provide detailed results on weakly-supervised object localization.</p></div>
<div xmlns="http://www.tei-c.org/ns/1.0"><head n="3.1.">Setup</head><p>For our experiments we evaluate the effect of using CAM on the following popular CNNs: AlexNet <ref type="bibr" target="#b9">[10]</ref>, VG-Gnet <ref type="bibr" target="#b23">[24]</ref>, and GoogLeNet <ref type="bibr" target="#b24">[25]</ref>. In general, for each of these networks we remove the fully-connected layers before the final output and replace them with GAP followed by a fully-connected softmax layer. Note that removing fully-connected layers largely decreases network parameters (e.g. 90% less parameters for VGGnet), but also brings some classification performance drop.</p><p>We found that the localization ability of the networks improved when the last convolutional layer before GAP had a higher spatial resolution, which we term the mapping resolution. In order to do this, we removed several convolutional layers from some of the networks. Specifically, we made the following modifications: For AlexNet, we removed the layers after conv5 (i.e., pool5 to prob) resulting in a mapping resolution of 13 × 13. For VGGnet, we removed the layers after conv5-3 (i.e., pool5 to prob), resulting in a mapping resolution of 14 × 14. For GoogLeNet, we removed the layers after inception4e (i.e., pool4 to prob), resulting in a mapping resolution of 14 × 14.</p><p>To each of the above networks, we added a convolutional layer of size 3 × 3, stride 1, pad 1 with 1024 units, followed by a GAP layer and a softmax layer. Each of these networks were then fine-tuned 2 on the 1.3M training images of ILSVRC <ref type="bibr" target="#b20">[21]</ref> for 1000-way object classification resulting in our final networks AlexNet-GAP, VGGnet-GAP and GoogLeNet-GAP respectively.</p><p>For classification, we compare our approach against the 2 Training from scratch also resulted in similar performances.</p><p>original AlexNet <ref type="bibr" target="#b9">[10]</ref>, VGGnet <ref type="bibr" target="#b23">[24]</ref>, and GoogLeNet <ref type="bibr" target="#b24">[25]</ref>, and also provide results for Network in Network (NIN) <ref type="bibr" target="#b12">[13]</ref>. For localization, we compare against the original GoogLeNet 3 , NIN and using backpropagation <ref type="bibr" target="#b22">[23]</ref> instead of CAMs. Further, to compare average pooling against max pooling, we also provide results for GoogLeNet trained using global max pooling (GoogLeNet-GMP). We use the same error metrics (top-1, top-5) as ILSVRC for both classification and localization to evaluate our networks. For classification, we evaluate on the ILSVRC validation set, and for localization we evaluate on both the validation and test sets.</p></div>
<div xmlns="http://www.tei-c.org/ns/1.0"><head n="3.2.">Results</head><p>We first report results on object classification to demonstrate that our approach does not significantly hurt classification performance. Then we demonstrate that our approach is effective at weakly-supervised object localization.</p><p>Classification: Tbl. 1 summarizes the classification performance of both the original and our GAP networks. We find that in most cases there is a small performance drop of 1 − 2% when removing the additional layers from the various networks. We observe that AlexNet is the most affected by the removal of the fully-connected layers. To compensate, we add two convolutional layers just before GAP resulting in the AlexNet*-GAP network. We find that AlexNet*-GAP performs comparably to AlexNet. Thus, overall we find that the classification performance is largely preserved for our GAP networks. Further, we observe that GoogLeNet-GAP and GoogLeNet-GMP have similar performance on classification, as expected. Note that it is important for the networks to perform well on classification in order to achieve a high performance on localization as it involves identifying both the object category and the bounding box location accurately.</p><p>Localization: In order to perform localization, we need to generate a bounding box and its associated object category. To generate a bounding box from the CAMs, we use a simple thresholding technique to segment the heatmap. We first segment the regions of which the value is above 20% of the max value of the CAM. Then we take the bounding box that covers the largest connected component in the segmentation map. We do this for each of the top-5 predicted classes for the top-5 localization evaluation metric. <ref type="figure">Fig. 6(a)</ref> shows some example bounding boxes generated using this technique. The localization performance on the ILSVRC validation set is shown in Tbl. 2, and example outputs in <ref type="figure">Fig. 5</ref>.</p><p>We observe that our GAP networks outperform all the baseline approaches with GoogLeNet-GAP achieving the lowest localization error of 43% on top-5. This is remarkable given that this network was not trained on a single annotated bounding box. We observe that our CAM approach significantly outperforms the backpropagation approach of <ref type="bibr" target="#b22">[23]</ref> (see <ref type="figure">Fig. 6</ref>(b) for a comparison of the outputs). Further, we observe that GoogLeNet-GAP significantly outperforms GoogLeNet on localization, despite this being reversed for classification. We believe that the low mapping resolution of GoogLeNet (7 × 7) prevents it from obtaining accurate localizations. Last, we observe that GoogLeNet-GAP outperforms GoogLeNet-GMP by a reasonable margin illustrating the importance of average pooling over max pooling for identifying the extent of objects.</p><p>To further compare our approach with the existing weakly-supervised <ref type="bibr" target="#b22">[23]</ref> and fully-supervised <ref type="bibr" target="#b24">[25,</ref><ref type="bibr" target="#b21">22,</ref><ref type="bibr" target="#b24">25]</ref> CNN methods, we evaluate the performance of GoogLeNet-GAP on the ILSVRC test set. We follow a slightly different bounding box selection strategy here: we select two bounding boxes (one tight and one loose) from the class activation map of the top 1st and 2nd predicted classes and one loose bounding boxes from the top 3rd predicted class. This heuristic is a trade-off between classification accuracy and localization accuracy. We found that the heuristic was helpful to improve performances on the validation set. The performances are summarized in Tbl. 3. GoogLeNet-GAP with heuristic achieves a top-5 error rate of 37.1% in a weaklysupervised setting, which is surprisingly close to the top-5 error rate of AlexNet (34.2%) in a fully-supervised setting. While impressive, we still have a long way to go when comparing the fully-supervised networks with the same architecture (i.e., weakly-supervised GoogLeNet-GAP vs fullysupervised GoogLeNet) for the localization. </p></div>
<div xmlns="http://www.tei-c.org/ns/1.0"><head n="4.">Deep Features for Generic Localization</head><p>The responses from the higher-level layers of CNN (e.g., fc6, fc7 from AlexNet) have been shown to be very effective generic features with state-of-the-art performance on a variety of image datasets <ref type="bibr" target="#b2">[3,</ref><ref type="bibr" target="#b19">20,</ref><ref type="bibr" target="#b34">35]</ref>. Here, we show that the features learned by our GAP CNNs also perform well as generic features, and as bonus, identify the discriminative image regions used for categorization, despite not having being trained for those particular tasks. To obtain the weights similar to the original softmax layer, we simply train a linear SVM <ref type="bibr" target="#b4">[5]</ref> on the output of the GAP layer.</p><p>First, we compare the performance of our approach and some baselines on the following scene and object classification benchmarks: SUN397 <ref type="bibr" target="#b27">[28]</ref>, MIT In-door67 <ref type="bibr" target="#b18">[19]</ref>, Scene15 <ref type="bibr" target="#b10">[11]</ref>, SUN Attribute <ref type="bibr" target="#b16">[17]</ref>, Cal-tech101 <ref type="bibr" target="#b5">[6]</ref>, Caltech256 <ref type="bibr" target="#b8">[9]</ref>, Stanford Action40 <ref type="bibr" target="#b28">[29]</ref>, and UIUC Event8 <ref type="bibr" target="#b11">[12]</ref>. The experimental setup is the same as in <ref type="bibr" target="#b34">[35]</ref>. In Tbl. 5, we compare the performance of features from our best network, GoogLeNet-GAP, with the fc7 features from AlexNet, and ave pool from GoogLeNet.</p><p>As expected, GoogLeNet-GAP and GoogLeNet significantly outperform AlexNet. Also, we observe that GoogLeNet-GAP and GoogLeNet perform similarly despite the former having fewer convolutional layers. Overall, we find that GoogLeNet-GAP features are competitive with the state-of-the-art as generic visual features.</p><p>More importantly, we want to explore whether the localization maps generated using our CAM technique with GoogLeNet-GAP are informative even in this scenario. <ref type="figure">Fig. 8</ref> shows some example maps for various datasets. We observe that the most discriminative regions tend to be highlighted across all datasets. Overall, our approach is effective for generating localizable deep features for generic tasks.</p><p>In Sec. 4.1, we explore fine-grained recognition of birds and demonstrate how we evaluate the generic localization ability and use it to further improve performance. In Sec. 4.2 we demonstrate how GoogLeNet-GAP can be used to identify generic visual patterns from images.</p></div>
<div xmlns="http://www.tei-c.org/ns/1.0"><head n="4.1.">Fine-grained Recognition</head><p>In this section, we apply our generic localizable deep features to identifying 200 bird species in the CUB-200-2011 <ref type="bibr" target="#b26">[27]</ref> dataset. The dataset contains 11,788 images, with 5,994 images for training and 5,794 for test. We choose this dataset as it also contains bounding box annotations allowing us to evaluate our localization ability. Tbl. 4 summarizes the results.</p><p>We find that GoogLeNet-GAP performs comparably to existing approaches, achieving an accuracy of 63.0% when using the full image without any bounding box annotations for both train and test. When using bounding box annotations, this accuracy increases to 70.5%. Now, given the localization ability of our network, we can use a similar approach as Sec. 3.2 (i.e., thresholding) to first identify bird bounding boxes in both the train and test sets. We then use GoogLeNet-GAP to extract features again from the crops inside the bounding box, for training and testing. We find that this improves the performance considerably to 67.8%. This localization ability is particularly important for finegrained recognition as the distinctions between the categories are subtle and having a more focused image crop allows for better discrimination.</p><p>Further, we find that GoogLeNet-GAP is able to accurately localize the bird in 41.0% of the images under the 0.5 intersection over union (IoU) criterion, as compared to a chance performance of 5.5%. We visualize some examples in <ref type="figure">Fig. 7</ref>. This further validates the localization ability of our approach.</p></div>
<div xmlns="http://www.tei-c.org/ns/1.0"><head n="4.2.">Pattern Discovery</head><p>In this section, we explore whether our technique can identify common elements or patterns in images beyond <ref type="table">Table 4</ref>. Fine-grained classification performance on CUB200 dataset. GoogLeNet-GAP can successfully localize important image crops, boosting classification performance.</p></div>
<div xmlns="http://www.tei-c.org/ns/1.0"><head>Methods</head><p>Train/Test Anno. Accuracy GoogLeNet-GAP on full image n/a 63.0% GoogLeNet-GAP on crop n/a 67.8% GoogLeNet-GAP on BBox BBox 70.5% Alignments <ref type="bibr" target="#b6">[7]</ref> n/a 53.6% Alignments <ref type="bibr" target="#b6">[7]</ref> BBox 67.0% DPD <ref type="bibr" target="#b31">[32]</ref> BBox+Parts 51.0% DeCAF+DPD <ref type="bibr" target="#b2">[3]</ref> BBox+Parts 65.0% PANDA R-CNN <ref type="bibr" target="#b30">[31]</ref> BBox+Parts 76.4%</p><p>White Pelican Orchard Oriole <ref type="figure">Figure 7</ref>. CAMs and the inferred bounding boxes (in red) for selected images from four bird categories in CUB200. In Sec. 4.1 we quantitatively evaluate the quality of the bounding boxes (41.0% accuracy for 0.5 IoU). We find that extracting GoogLeNet-GAP features in these CAM bounding boxes and re-training the SVM improves bird classification accuracy by about 5% (Tbl. 4).</p><p>objects, such as text or high-level concepts. Given a set of images containing a common concept, we want to identify which regions our network recognizes as being important and if this corresponds to the input pattern. We follow a similar approach as before: we train a linear SVM on  <ref type="figure">Figure 8</ref>. Generic discriminative localization using our GoogLeNet-GAP deep features. We show 2 images each from 3 classes for 4 datasets, and their class activation maps below them. We observe that the discriminative regions of the images are often highlighted e.g., in Stanford Action40, the mop is localized for cleaning the floor, while for cooking the pan and bowl are localized and similar observations can be made in other datasets. This demonstrates the generic localization ability of our deep features. the GAP layer of the GoogLeNet-GAP network and apply the CAM technique to identify important regions. We conducted three pattern discovery experiments using our deep features. The results are summarized below. Note that in this case, we do not have train and test splits − we just use our CNN for visual pattern discovery.</p><p>Discovering informative objects in the scenes: We take 10 scene categories from the SUN dataset <ref type="bibr" target="#b27">[28]</ref> containing at least 200 fully annotated images, resulting in a total of 4675 fully annotated images. We train a one-vs-all linear SVM for each scene category and compute the CAMs using the weights of the linear SVM. In <ref type="figure" target="#fig_4">Fig. 9</ref> we plot the CAM for the predicted scene category and list the top 6 objects that most frequently overlap with the high CAM activation regions for two scene categories. We observe that the high activation regions frequently correspond to objects indicative of the particular scene category.</p><p>Concept localization in weakly labeled images: Using the hard-negative mining algorithm from <ref type="bibr" target="#b32">[33]</ref>, we learn concept detectors and apply our CAM technique to localize concepts in the image. To train a concept detector for a short phrase, the positive set consists of images that contain the short phrase in their text caption, and the negative set is composed of randomly selected images without any relevant words in their text caption. In <ref type="figure">Fig. 10</ref>  the concepts, even though the phrases are much more abstract than typical object names.</p><p>Weakly supervised text detector: We train a weakly supervised text detector using 350 Google StreetView images containing text from the SVT dataset <ref type="bibr" target="#b25">[26]</ref> as the positive set and randomly sampled images from outdoor scene images in the SUN dataset <ref type="bibr" target="#b27">[28]</ref> as the negative set. As shown in <ref type="figure">Fig. 11</ref>, our approach highlights the text accurately without using bounding box annotations.</p><p>Interpreting visual question answering: We use our approach and localizable deep feature in the baseline proposed in <ref type="bibr" target="#b35">[36]</ref> for visual question answering. It has overall accuracy 55.89% on the test-standard in the Open-Ended track. As shown in <ref type="figure" target="#fig_0">Fig. 12</ref>, our approach highlights the im-mirror in lake view out of window <ref type="figure">Figure 10</ref>. Informative regions for the concept learned from weakly labeled images. Despite being fairly abstract, the concepts are adequately localized by our GoogLeNet-GAP network. <ref type="figure">Figure 11</ref>. Learning a weakly supervised text detector. The text is accurately detected on the image even though our network is not trained with text or any bounding box annotations.  </p></div>
<div xmlns="http://www.tei-c.org/ns/1.0"><head n="5.">Visualizing Class-Specific Units</head><p>Zhou et al <ref type="bibr" target="#b33">[34]</ref> have shown that the convolutional units of various layers of CNNs act as visual concept detectors, identifying low-level concepts like textures or materials, to high-level concepts like objects or scenes. Deeper into the network, the units become increasingly discriminative. However, given the fully-connected layers in many networks, it can be difficult to identify the importance of different units for identifying different categories. Here, using GAP and the ranked softmax weight, we can directly visualize the units that are most discriminative for a given class. Here we call them the class-specific units of a CNN. <ref type="figure" target="#fig_1">Fig. 13</ref> shows the class-specific units for AlexNet * -GAP trained on ILSVRC dataset for object recognition (top) and Places Database for scene recognition (bottom). We follow a similar procedure as <ref type="bibr" target="#b33">[34]</ref> for estimating the receptive field and segmenting the top activation images of each unit in the final convolutional layer. Then we simply use the softmax weights to rank the units for a given class. From the figure we can identify the parts of the object that are most discriminative for classification and exactly which units detect these parts. For example, the units detecting dog face and body fur are important to lakeland terrier; the units detecting sofa, table and fireplace are important to the living room.</p><p>Thus we could infer that the CNN actually learns a bag of words, where each word is a discriminative class-specific unit. A combination of these class-specific units guides the CNN in classifying each image.</p></div>
<div xmlns="http://www.tei-c.org/ns/1.0"><head n="6.">Conclusion</head><p>In this work we propose a general technique called Class Activation Mapping (CAM) for CNNs with global average pooling. This enables classification-trained CNNs to learn to perform object localization, without using any bounding box annotations. Class activation maps allow us to visualize the predicted class scores on any given image, highlighting the discriminative object parts detected by the CNN. We evaluate our approach on weakly supervised object localization on the ILSVRC benchmark, demonstrating that our global average pooling CNNs can perform accurate object localization. Furthermore we demonstrate that the CAM localization technique generalizes to other visual recognition tasks i.e., our technique produces generic localizable deep features that can aid other researchers in understanding the basis of discrimination used by CNNs for their tasks.</p></div><figure xmlns="http://www.tei-c.org/ns/1.0" xml:id="fig_0"><head>Figure 2 .</head><label>2</label><figDesc>Class Activation Mapping: the predicted class score is mapped back to the previous convolutional layer to generate the class activation maps (CAMs). The CAM highlights the class-specific discriminative regions.</figDesc></figure>
<figure xmlns="http://www.tei-c.org/ns/1.0" xml:id="fig_1"><head>Figure 3 .</head><label>3</label><figDesc>The CAMs of two classes from ILSVRC<ref type="bibr" target="#b20">[21]</ref>. The maps highlight the discriminative image regions used for image classification, the head of the animal for briard and the plates in barbell. dome chain saw</figDesc></figure>
<figure xmlns="http://www.tei-c.org/ns/1.0" xml:id="fig_2"><head>Figure 4 .</head><label>4</label><figDesc>Examples of the CAMs generated from the top 5 predicted categories for the given image with ground-truth as dome.</figDesc></figure>
<figure xmlns="http://www.tei-c.org/ns/1.0" xml:id="fig_3"><head>Figure 5 .Figure 6</head><label>56</label><figDesc>Class activation maps from CNN-GAPs and the class-specific saliency map from the backpropagation methods. . a) Examples of localization from GoogleNet-GAP. b) Comparison of the localization from GooleNet-GAP (upper two) and the backpropagation using AlexNet (lower two). The ground-truth boxes are in green and the predicted bounding boxes from the class activation map are in red.</figDesc></figure>
<figure xmlns="http://www.tei-c.org/ns/1.0" xml:id="fig_4"><head>Figure 9 .</head><label>9</label><figDesc>Informative objects for two scene categories. For the dining room and bathroom categories, we show examples of original images (top), and list of the 6 most frequent objects in that scene category with the corresponding frequency of appearance. At the bottom: the CAMs and a list of the 6 objects that most frequently overlap with the high activation regions.</figDesc></figure>
<figure xmlns="http://www.tei-c.org/ns/1.0" xml:id="fig_5"><head>Figure 12 .</head><label>12</label><figDesc>Examples of highlighted image regions for the predicted answer class in the visual question answering.age regions relevant to the predicted answers.</figDesc></figure>
<figure xmlns="http://www.tei-c.org/ns/1.0" xml:id="fig_6"><head>Figure 13 .</head><label>13</label><figDesc>Visualization of the class-specific units for AlexNet*-GAP trained on ImageNet (top) and Places (bottom) respectively. The top 3 units for three selected classes are shown for each dataset. Each row shows the most confident images segmented by the receptive field of that unit. For example, units detecting blackboard, chairs, and tables are important to the classification of classroom for the network trained for scene recognition.</figDesc></figure>
<figure xmlns="http://www.tei-c.org/ns/1.0" type="table" xml:id="tab_0" validated="true"><head>Table 1 .</head><label>1</label><figDesc>Classification error on the ILSVRC validation set.</figDesc><table>Networks 
top-1 val. error top-5 val. error 
VGGnet-GAP 
33.4 
12.2 
GoogLeNet-GAP 
35.0 
13.2 
AlexNet  *  -GAP 
44.9 
20.9 
AlexNet-GAP 
51.1 
26.3 
GoogLeNet 
31.9 
11.3 
VGGnet 
31.2 
11.4 
AlexNet 
42.6 
19.5 
NIN 
41.9 
19.6 
GoogLeNet-GMP 
35.6 
13.9 

Table 2. Localization error on the ILSVRC validation set. Back-
prop refers to using [23] for localization instead of CAM. 

Method 
top-1 val.error top-5 val. error 
GoogLeNet-GAP 
56.40 
43.00 
VGGnet-GAP 
57.20 
45.14 
GoogLeNet 
60.09 
49.34 
AlexNet  *  -GAP 
63.75 
49.53 
AlexNet-GAP 
67.19 
52.16 
NIN 
65.47 
54.19 
Backprop on GoogLeNet 
61.31 
50.55 
Backprop on VGGnet 
61.12 
51.46 
Backprop on AlexNet 
65.17 
52.64 
GoogLeNet-GMP 
57.78 
45.26 

</table></figure>
<figure xmlns="http://www.tei-c.org/ns/1.0" type="table" xml:id="tab_1" validated="true"><head>Table 3 .</head><label>3</label><figDesc>Localization error on the ILSVRC test set for various weakly-and fully-supervised methods.</figDesc><table>Method 
supervision top-5 test error 
GoogLeNet-GAP (heuristics) 
weakly 
37.1 
GoogLeNet-GAP 
weakly 
42.9 
Backprop [23] 
weakly 
46.4 
GoogLeNet [25] 
full 
26.7 
OverFeat [22] 
full 
29.9 
AlexNet [25] 
full 
34.2 

</table></figure>
<figure xmlns="http://www.tei-c.org/ns/1.0" type="table" xml:id="tab_2" validated="true"><head>Table 5 .</head><label>5</label><figDesc>Classification accuracy on representative scene and object datasets for different deep features.</figDesc><table>SUN397 MIT Indoor67 Scene15 SUN Attribute Caltech101 Caltech256 Action40 
Event8 
fc7 from AlexNet 
42.61 
56.79 
84.23 
84.23 
87.22 
67.23 
54.92 
94.42 
ave pool from GoogLeNet 
51.68 
66.63 
88.02 
92.85 
92.05 
78.99 
72.03 
95.42 
gap from GoogLeNet-GAP 
51.31 
66.61 
88.30 
92.21 
91.98 
78.07 
70.62 
95.00 

Fixing a car 
Cleaning the floor 
Cooking 
Teapot 
Mushroom 
Penguin 

Stanford Action40 
Caltech256 

Rowing 
Polo 

UIUC Event8 

Croquet 
Playground 

SUN397 

Excavation 
Banquet hall 

</table></figure>
<figure xmlns="http://www.tei-c.org/ns/1.0" type="table" xml:id="tab_3" validated="false"><head></head><label></label><figDesc>, we visualize the top ranked images and CAMs for two concept detectors. Note that CAM localizes the informative regions for</figDesc><table>Informative object: 
sink:0.84 
faucet:0.80 
countertop:0.80 
toilet:0.72 
bathtub:0.70 
towel:0.54 

Informative object: 
table:0.96 
chair:0.85 
chandelier:0.80 
plate:0.73 
vase:0.69 
flowers:0.63 

Dining room 
Bathroom 

Frequent object: 
wall:0.99 
chair:0.98 
floor:0.98 
table:0.98 
ceiling:0.75 
window:73 

Frequent object: 
wall: 1 
floor:0.85 
sink: 0.77 
faucet:0.74 
mirror:0.62 
bathtub:0.56 

</table></figure>
<figure xmlns="http://www.tei-c.org/ns/1.0" type="table" xml:id="tab_4" validated="false"><head></head><label></label><figDesc>What is the color of the horse? Prediction: brown What are they doing? Prediction: texting What is the sport? Prediction: skateboarding Where are the cows? Prediction: on the grass</figDesc><table></table></figure>
			<note xmlns="http://www.tei-c.org/ns/1.0" place="foot" n="3">It has a lower mapping resolution than our GoogLeNet-GAP.</note>
		</body>
		<back>

			<div type="acknowledgement">
<div xmlns="http://www.tei-c.org/ns/1.0"><p>Acknowledgment. This work was supported by NSF grant IIS-1524817, and by a Google faculty research award to A.T.</p></div>
			</div>

			<div type="references">

				<listBibl>

<biblStruct xml:id="b0">
	<monogr>
				<author>
			<persName xmlns="http://www.tei-c.org/ns/1.0"><forename type="first">A</forename><surname>Bergamo</surname></persName>
		</author>
		<author>
			<persName xmlns="http://www.tei-c.org/ns/1.0"><forename type="first">L</forename><surname>Bazzani</surname></persName>
		</author>
		<author>
			<persName xmlns="http://www.tei-c.org/ns/1.0"><forename type="first">D</forename><surname>Anguelov</surname></persName>
		</author>
		<author>
			<persName xmlns="http://www.tei-c.org/ns/1.0"><forename type="first">L</forename><surname>Torresani</surname></persName>
		</author>
		<idno type="arXiv">arXiv:1409.3964</idno>
		<title level="m">Self-taught object localization with deep networks</title>
		<imprint>
			<date type="published" when="2014" />
			<biblScope unit="volume">1</biblScope>
		</imprint>
	</monogr>
	<note type="report_type">arXiv preprint</note>
</biblStruct>

<biblStruct xml:id="b1">
	<analytic>
		<title level="a" type="main">Weakly supervised object localization with multi-fold multiple instance learning</title>
		<author>
			<persName xmlns="http://www.tei-c.org/ns/1.0"><forename type="first">R</forename><forename type="middle">G</forename><surname>Cinbis</surname></persName>
		</author>
		<author>
			<persName xmlns="http://www.tei-c.org/ns/1.0"><forename type="first">J</forename><surname>Verbeek</surname></persName>
		</author>
		<author>
			<persName xmlns="http://www.tei-c.org/ns/1.0"><forename type="first">C</forename><surname>Schmid</surname></persName>
		</author>
	</analytic>
	<monogr>
		<title level="j">IEEE Trans. on Pattern Analysis and Machine Intelligence</title>
		<imprint>
			<biblScope unit="volume">1</biblScope>
			<biblScope unit="issue">2</biblScope>
			<date type="published" when="2015" />
		</imprint>
	</monogr>
</biblStruct>

<biblStruct xml:id="b2">
	<analytic>
		<title level="a" type="main">Decaf: A deep convolutional activation feature for generic visual recognition</title>
		<author>
			<persName xmlns="http://www.tei-c.org/ns/1.0"><forename type="first">J</forename><surname>Donahue</surname></persName>
		</author>
		<author>
			<persName xmlns="http://www.tei-c.org/ns/1.0"><forename type="first">Y</forename><surname>Jia</surname></persName>
		</author>
		<author>
			<persName xmlns="http://www.tei-c.org/ns/1.0"><forename type="first">O</forename><surname>Vinyals</surname></persName>
		</author>
		<author>
			<persName xmlns="http://www.tei-c.org/ns/1.0"><forename type="first">J</forename><surname>Hoffman</surname></persName>
		</author>
		<author>
			<persName xmlns="http://www.tei-c.org/ns/1.0"><forename type="first">N</forename><surname>Zhang</surname></persName>
		</author>
		<author>
			<persName xmlns="http://www.tei-c.org/ns/1.0"><forename type="first">E</forename><surname>Tzeng</surname></persName>
		</author>
		<author>
			<persName xmlns="http://www.tei-c.org/ns/1.0"><forename type="first">T</forename><surname>Darrell</surname></persName>
		</author>
	</analytic>
	<monogr>
		<title level="m">International Conference on Machine Learning</title>
		<imprint>
			<date type="published" when="2014" />
			<biblScope unit="volume">5</biblScope>
			<biblScope unit="page">6</biblScope>
		</imprint>
	</monogr>
</biblStruct>

<biblStruct xml:id="b3">
	<monogr>
				<author>
			<persName xmlns="http://www.tei-c.org/ns/1.0"><forename type="first">A</forename><surname>Dosovitskiy</surname></persName>
		</author>
		<author>
			<persName xmlns="http://www.tei-c.org/ns/1.0"><forename type="first">T</forename><surname>Brox</surname></persName>
		</author>
		<idno type="arXiv">arXiv:1506.02753</idno>
		<title level="m">Inverting convolutional networks with convolutional networks</title>
		<imprint>
			<date type="published" when="2015" />
		</imprint>
	</monogr>
	<note type="report_type">arXiv preprint</note>
</biblStruct>

<biblStruct xml:id="b4">
	<analytic>
		<title level="a" type="main">Liblinear: A library for large linear classification</title>
		<author>
			<persName xmlns="http://www.tei-c.org/ns/1.0"><forename type="first">R.-E</forename><surname>Fan</surname></persName>
		</author>
		<author>
			<persName xmlns="http://www.tei-c.org/ns/1.0"><forename type="first">K.-W</forename><surname>Chang</surname></persName>
		</author>
		<author>
			<persName xmlns="http://www.tei-c.org/ns/1.0"><forename type="first">C.-J</forename><surname>Hsieh</surname></persName>
		</author>
		<author>
			<persName xmlns="http://www.tei-c.org/ns/1.0"><forename type="first">X.-R</forename><surname>Wang</surname></persName>
		</author>
		<author>
			<persName xmlns="http://www.tei-c.org/ns/1.0"><forename type="first">C.-J</forename><surname>Lin</surname></persName>
		</author>
	</analytic>
	<monogr>
		<title level="j">The Journal of Machine Learning Research</title>
		<imprint>
			<biblScope unit="issue">5</biblScope>
			<date type="published" when="2008" />
		</imprint>
	</monogr>
</biblStruct>

<biblStruct xml:id="b5">
	<monogr>
		<title level="m" type="main">Learning generative visual models from few training examples: An incremental bayesian approach tested on 101 object categories. Computer Vision and Image Understanding</title>
		<author>
			<persName xmlns="http://www.tei-c.org/ns/1.0"><forename type="first">L</forename><surname>Fei-Fei</surname></persName>
		</author>
		<author>
			<persName xmlns="http://www.tei-c.org/ns/1.0"><forename type="first">R</forename><surname>Fergus</surname></persName>
		</author>
		<author>
			<persName xmlns="http://www.tei-c.org/ns/1.0"><forename type="first">P</forename><surname>Perona</surname></persName>
		</author>
		<imprint>
			<date type="published" when="2007" />
		</imprint>
	</monogr>
</biblStruct>

<biblStruct xml:id="b6">
	<monogr>
		<title level="m" type="main">Local alignments for fine-grained categorization. Int&apos;l Journal of Computer Vision</title>
		<author>
			<persName xmlns="http://www.tei-c.org/ns/1.0"><forename type="first">E</forename><surname>Gavves</surname></persName>
		</author>
		<author>
			<persName xmlns="http://www.tei-c.org/ns/1.0"><forename type="first">B</forename><surname>Fernando</surname></persName>
		</author>
		<author>
			<persName xmlns="http://www.tei-c.org/ns/1.0"><forename type="first">C</forename><forename type="middle">G</forename><surname>Snoek</surname></persName>
		</author>
		<author>
			<persName xmlns="http://www.tei-c.org/ns/1.0"><forename type="first">A</forename><forename type="middle">W</forename><surname>Smeulders</surname></persName>
		</author>
		<author>
			<persName xmlns="http://www.tei-c.org/ns/1.0"><forename type="first">T</forename><surname>Tuytelaars</surname></persName>
		</author>
		<imprint>
			<date type="published" when="2014" />
		</imprint>
	</monogr>
</biblStruct>

<biblStruct xml:id="b7">
	<analytic>
		<title level="a" type="main">Rich feature hierarchies for accurate object detection and semantic segmentation</title>
		<author>
			<persName xmlns="http://www.tei-c.org/ns/1.0"><forename type="first">R</forename><surname>Girshick</surname></persName>
		</author>
		<author>
			<persName xmlns="http://www.tei-c.org/ns/1.0"><forename type="first">J</forename><surname>Donahue</surname></persName>
		</author>
		<author>
			<persName xmlns="http://www.tei-c.org/ns/1.0"><forename type="first">T</forename><surname>Darrell</surname></persName>
		</author>
		<author>
			<persName xmlns="http://www.tei-c.org/ns/1.0"><forename type="first">J</forename><surname>Malik</surname></persName>
		</author>
	</analytic>
	<monogr>
		<title level="m">Proc. CVPR</title>
		<meeting>CVPR</meeting>
		<imprint>
			<date type="published" when="2014" />
		</imprint>
	</monogr>
</biblStruct>

<biblStruct xml:id="b8">
	<monogr>
		<title level="m" type="main">Caltech-256 object category dataset</title>
		<author>
			<persName xmlns="http://www.tei-c.org/ns/1.0"><forename type="first">G</forename><surname>Griffin</surname></persName>
		</author>
		<author>
			<persName xmlns="http://www.tei-c.org/ns/1.0"><forename type="first">A</forename><surname>Holub</surname></persName>
		</author>
		<author>
			<persName xmlns="http://www.tei-c.org/ns/1.0"><forename type="first">P</forename><surname>Perona</surname></persName>
		</author>
		<imprint>
			<date type="published" when="2007" />
		</imprint>
	</monogr>
</biblStruct>

<biblStruct xml:id="b9">
	<analytic>
		<title level="a" type="main">Imagenet classification with deep convolutional neural networks</title>
		<author>
			<persName xmlns="http://www.tei-c.org/ns/1.0"><forename type="first">A</forename><surname>Krizhevsky</surname></persName>
		</author>
		<author>
			<persName xmlns="http://www.tei-c.org/ns/1.0"><forename type="first">I</forename><surname>Sutskever</surname></persName>
		</author>
		<author>
			<persName xmlns="http://www.tei-c.org/ns/1.0"><forename type="first">G</forename><forename type="middle">E</forename><surname>Hinton</surname></persName>
		</author>
	</analytic>
	<monogr>
		<title level="m">Advances in Neural Information Processing Systems</title>
		<imprint>
			<date type="published" when="2012" />
			<biblScope unit="volume">1</biblScope>
			<biblScope unit="page">4</biblScope>
		</imprint>
	</monogr>
</biblStruct>

<biblStruct xml:id="b10">
	<analytic>
		<title level="a" type="main">Beyond bags of features: Spatial pyramid matching for recognizing natural scene categories</title>
		<author>
			<persName xmlns="http://www.tei-c.org/ns/1.0"><forename type="first">S</forename><surname>Lazebnik</surname></persName>
		</author>
		<author>
			<persName xmlns="http://www.tei-c.org/ns/1.0"><forename type="first">C</forename><surname>Schmid</surname></persName>
		</author>
		<author>
			<persName xmlns="http://www.tei-c.org/ns/1.0"><forename type="first">J</forename><surname>Ponce</surname></persName>
		</author>
	</analytic>
	<monogr>
		<title level="m">Proc. CVPR</title>
		<meeting>CVPR</meeting>
		<imprint>
			<date type="published" when="2006" />
		</imprint>
	</monogr>
</biblStruct>

<biblStruct xml:id="b11">
	<analytic>
		<title level="a" type="main">What, where and who? classifying events by scene and object recognition</title>
		<author>
			<persName xmlns="http://www.tei-c.org/ns/1.0"><forename type="first">L.-J</forename><surname>Li</surname></persName>
		</author>
		<author>
			<persName xmlns="http://www.tei-c.org/ns/1.0"><forename type="first">L</forename><surname>Fei-Fei</surname></persName>
		</author>
	</analytic>
	<monogr>
		<title level="m">Proc. ICCV</title>
		<meeting>ICCV</meeting>
		<imprint>
			<date type="published" when="2007" />
		</imprint>
	</monogr>
</biblStruct>

<biblStruct xml:id="b12">
	<monogr>
				<author>
			<persName xmlns="http://www.tei-c.org/ns/1.0"><forename type="first">M</forename><surname>Lin</surname></persName>
		</author>
		<author>
			<persName xmlns="http://www.tei-c.org/ns/1.0"><forename type="first">Q</forename><surname>Chen</surname></persName>
		</author>
		<author>
			<persName xmlns="http://www.tei-c.org/ns/1.0"><forename type="first">S</forename><surname>Yan</surname></persName>
		</author>
		<title level="m">Network in network. International Conference on Learning Representations</title>
		<imprint>
			<date type="published" when="2014" />
			<biblScope unit="volume">1</biblScope>
			<biblScope unit="page">4</biblScope>
		</imprint>
	</monogr>
</biblStruct>

<biblStruct xml:id="b13">
	<analytic>
		<title level="a" type="main">Understanding deep image representations by inverting them</title>
		<author>
			<persName xmlns="http://www.tei-c.org/ns/1.0"><forename type="first">A</forename><surname>Mahendran</surname></persName>
		</author>
		<author>
			<persName xmlns="http://www.tei-c.org/ns/1.0"><forename type="first">A</forename><surname>Vedaldi</surname></persName>
		</author>
	</analytic>
	<monogr>
		<title level="m">Proc. CVPR</title>
		<meeting>CVPR</meeting>
		<imprint>
			<date type="published" when="2015" />
		</imprint>
	</monogr>
</biblStruct>

<biblStruct xml:id="b14">
	<analytic>
		<title level="a" type="main">Learning and transferring mid-level image representations using convolutional neural networks</title>
		<author>
			<persName xmlns="http://www.tei-c.org/ns/1.0"><forename type="first">M</forename><surname>Oquab</surname></persName>
		</author>
		<author>
			<persName xmlns="http://www.tei-c.org/ns/1.0"><forename type="first">L</forename><surname>Bottou</surname></persName>
		</author>
		<author>
			<persName xmlns="http://www.tei-c.org/ns/1.0"><forename type="first">I</forename><surname>Laptev</surname></persName>
		</author>
		<author>
			<persName xmlns="http://www.tei-c.org/ns/1.0"><forename type="first">J</forename><surname>Sivic</surname></persName>
		</author>
	</analytic>
	<monogr>
		<title level="m">Proc. CVPR</title>
		<meeting>CVPR</meeting>
		<imprint>
			<date type="published" when="2014" />
			<biblScope unit="volume">1</biblScope>
		</imprint>
	</monogr>
</biblStruct>

<biblStruct xml:id="b15">
	<analytic>
		<title level="a" type="main">Is object localization for free? weakly-supervised learning with convolutional neural networks</title>
		<author>
			<persName xmlns="http://www.tei-c.org/ns/1.0"><forename type="first">M</forename><surname>Oquab</surname></persName>
		</author>
		<author>
			<persName xmlns="http://www.tei-c.org/ns/1.0"><forename type="first">L</forename><surname>Bottou</surname></persName>
		</author>
		<author>
			<persName xmlns="http://www.tei-c.org/ns/1.0"><forename type="first">I</forename><surname>Laptev</surname></persName>
		</author>
		<author>
			<persName xmlns="http://www.tei-c.org/ns/1.0"><forename type="first">J</forename><surname>Sivic</surname></persName>
		</author>
	</analytic>
	<monogr>
		<title level="m">Proc. CVPR</title>
		<meeting>CVPR</meeting>
		<imprint>
			<date type="published" when="2015" />
			<biblScope unit="volume">1</biblScope>
			<biblScope unit="page">3</biblScope>
		</imprint>
	</monogr>
</biblStruct>

<biblStruct xml:id="b16">
	<analytic>
		<title level="a" type="main">Sun attribute database: Discovering, annotating, and recognizing scene attributes</title>
		<author>
			<persName xmlns="http://www.tei-c.org/ns/1.0"><forename type="first">G</forename><surname>Patterson</surname></persName>
		</author>
		<author>
			<persName xmlns="http://www.tei-c.org/ns/1.0"><forename type="first">J</forename><surname>Hays</surname></persName>
		</author>
	</analytic>
	<monogr>
		<title level="m">Proc. CVPR</title>
		<meeting>CVPR</meeting>
		<imprint>
			<date type="published" when="2012" />
		</imprint>
	</monogr>
</biblStruct>

<biblStruct xml:id="b17">
	<monogr>
		<title level="m" type="main">From image-level to pixellevel labeling with convolutional networks</title>
		<author>
			<persName xmlns="http://www.tei-c.org/ns/1.0"><forename type="first">P</forename><forename type="middle">O</forename><surname>Pinheiro</surname></persName>
		</author>
		<author>
			<persName xmlns="http://www.tei-c.org/ns/1.0"><forename type="first">R</forename><surname>Collobert</surname></persName>
		</author>
		<imprint>
			<date type="published" when="2015" />
			<biblScope unit="volume">1</biblScope>
		</imprint>
	</monogr>
</biblStruct>

<biblStruct xml:id="b18">
	<analytic>
		<title level="a" type="main">Recognizing indoor scenes</title>
		<author>
			<persName xmlns="http://www.tei-c.org/ns/1.0"><forename type="first">A</forename><surname>Quattoni</surname></persName>
		</author>
		<author>
			<persName xmlns="http://www.tei-c.org/ns/1.0"><forename type="first">A</forename><surname>Torralba</surname></persName>
		</author>
	</analytic>
	<monogr>
		<title level="m">Proc. CVPR</title>
		<meeting>CVPR</meeting>
		<imprint>
			<date type="published" when="2009" />
		</imprint>
	</monogr>
</biblStruct>

<biblStruct xml:id="b19">
	<monogr>
		<title level="m" type="main">Cnn features off-the-shelf: an astounding baseline for recognition</title>
		<author>
			<persName xmlns="http://www.tei-c.org/ns/1.0"><forename type="first">A</forename><forename type="middle">S</forename><surname>Razavian</surname></persName>
		</author>
		<author>
			<persName xmlns="http://www.tei-c.org/ns/1.0"><forename type="first">H</forename><surname>Azizpour</surname></persName>
		</author>
		<author>
			<persName xmlns="http://www.tei-c.org/ns/1.0"><forename type="first">J</forename><surname>Sullivan</surname></persName>
		</author>
		<author>
			<persName xmlns="http://www.tei-c.org/ns/1.0"><forename type="first">S</forename><surname>Carlsson</surname></persName>
		</author>
		<idno type="arXiv">arXiv:1403.6382</idno>
		<imprint>
			<date type="published" when="2014" />
		</imprint>
	</monogr>
	<note type="report_type">arXiv preprint</note>
</biblStruct>

<biblStruct xml:id="b20">
	<analytic>
		<title level="a" type="main">Imagenet large scale visual recognition challenge</title>
		<author>
			<persName xmlns="http://www.tei-c.org/ns/1.0"><forename type="first">O</forename><surname>Russakovsky</surname></persName>
		</author>
		<author>
			<persName xmlns="http://www.tei-c.org/ns/1.0"><forename type="first">J</forename><surname>Deng</surname></persName>
		</author>
		<author>
			<persName xmlns="http://www.tei-c.org/ns/1.0"><forename type="first">H</forename><surname>Su</surname></persName>
		</author>
		<author>
			<persName xmlns="http://www.tei-c.org/ns/1.0"><forename type="first">J</forename><surname>Krause</surname></persName>
		</author>
		<author>
			<persName xmlns="http://www.tei-c.org/ns/1.0"><forename type="first">S</forename><surname>Satheesh</surname></persName>
		</author>
		<author>
			<persName xmlns="http://www.tei-c.org/ns/1.0"><forename type="first">S</forename><surname>Ma</surname></persName>
		</author>
		<author>
			<persName xmlns="http://www.tei-c.org/ns/1.0"><forename type="first">Z</forename><surname>Huang</surname></persName>
		</author>
		<author>
			<persName xmlns="http://www.tei-c.org/ns/1.0"><forename type="first">A</forename><surname>Karpathy</surname></persName>
		</author>
		<author>
			<persName xmlns="http://www.tei-c.org/ns/1.0"><forename type="first">A</forename><surname>Khosla</surname></persName>
		</author>
		<author>
			<persName xmlns="http://www.tei-c.org/ns/1.0"><forename type="first">M</forename><surname>Bernstein</surname></persName>
		</author>
		<author>
			<persName xmlns="http://www.tei-c.org/ns/1.0"><forename type="first">A</forename><forename type="middle">C</forename><surname>Berg</surname></persName>
		</author>
		<author>
			<persName xmlns="http://www.tei-c.org/ns/1.0"><forename type="first">L</forename><surname>Fei-Fei</surname></persName>
		</author>
	</analytic>
	<monogr>
		<title level="j">In Int&apos;l Journal of Computer Vision</title>
		<imprint>
			<biblScope unit="volume">1</biblScope>
			<biblScope unit="page">4</biblScope>
			<date type="published" when="2015" />
		</imprint>
	</monogr>
</biblStruct>

<biblStruct xml:id="b21">
	<monogr>
		<title level="m" type="main">Overfeat: Integrated recognition, localization and detection using convolutional networks</title>
		<author>
			<persName xmlns="http://www.tei-c.org/ns/1.0"><forename type="first">P</forename><surname>Sermanet</surname></persName>
		</author>
		<author>
			<persName xmlns="http://www.tei-c.org/ns/1.0"><forename type="first">D</forename><surname>Eigen</surname></persName>
		</author>
		<author>
			<persName xmlns="http://www.tei-c.org/ns/1.0"><forename type="first">X</forename><surname>Zhang</surname></persName>
		</author>
		<author>
			<persName xmlns="http://www.tei-c.org/ns/1.0"><forename type="first">M</forename><surname>Mathieu</surname></persName>
		</author>
		<author>
			<persName xmlns="http://www.tei-c.org/ns/1.0"><forename type="first">R</forename><surname>Fergus</surname></persName>
		</author>
		<author>
			<persName xmlns="http://www.tei-c.org/ns/1.0"><forename type="first">Y</forename><surname>Lecun</surname></persName>
		</author>
		<idno type="arXiv">arXiv:1312.6229</idno>
		<imprint>
			<date type="published" when="2013" />
		</imprint>
	</monogr>
	<note type="report_type">arXiv preprint</note>
</biblStruct>

<biblStruct xml:id="b22">
	<analytic>
		<title level="a" type="main">Deep inside convolutional networks: Visualising image classification models and saliency maps</title>
		<author>
			<persName xmlns="http://www.tei-c.org/ns/1.0"><forename type="first">K</forename><surname>Simonyan</surname></persName>
		</author>
		<author>
			<persName xmlns="http://www.tei-c.org/ns/1.0"><forename type="first">A</forename><surname>Vedaldi</surname></persName>
		</author>
		<author>
			<persName xmlns="http://www.tei-c.org/ns/1.0"><forename type="first">A</forename><surname>Zisserman</surname></persName>
		</author>
	</analytic>
	<monogr>
		<title level="m">International Conference on Learning Representations Workshop</title>
		<imprint>
			<date type="published" when="2014" />
			<biblScope unit="volume">4</biblScope>
			<biblScope unit="page">5</biblScope>
		</imprint>
	</monogr>
</biblStruct>

<biblStruct xml:id="b23">
	<analytic>
		<title level="a" type="main">Very deep convolutional networks for large-scale image recognition</title>
		<author>
			<persName xmlns="http://www.tei-c.org/ns/1.0"><forename type="first">K</forename><surname>Simonyan</surname></persName>
		</author>
		<author>
			<persName xmlns="http://www.tei-c.org/ns/1.0"><forename type="first">A</forename><surname>Zisserman</surname></persName>
		</author>
	</analytic>
	<monogr>
		<title level="m">International Conference on Learning Representations</title>
		<imprint>
			<date type="published" when="2015" />
		</imprint>
	</monogr>
</biblStruct>

<biblStruct xml:id="b24">
	<monogr>
				<author>
			<persName xmlns="http://www.tei-c.org/ns/1.0"><forename type="first">C</forename><surname>Szegedy</surname></persName>
		</author>
		<author>
			<persName xmlns="http://www.tei-c.org/ns/1.0"><forename type="first">W</forename><surname>Liu</surname></persName>
		</author>
		<author>
			<persName xmlns="http://www.tei-c.org/ns/1.0"><forename type="first">Y</forename><surname>Jia</surname></persName>
		</author>
		<author>
			<persName xmlns="http://www.tei-c.org/ns/1.0"><forename type="first">P</forename><surname>Sermanet</surname></persName>
		</author>
		<author>
			<persName xmlns="http://www.tei-c.org/ns/1.0"><forename type="first">S</forename><surname>Reed</surname></persName>
		</author>
		<author>
			<persName xmlns="http://www.tei-c.org/ns/1.0"><forename type="first">D</forename><surname>Anguelov</surname></persName>
		</author>
		<author>
			<persName xmlns="http://www.tei-c.org/ns/1.0"><forename type="first">D</forename><surname>Erhan</surname></persName>
		</author>
		<author>
			<persName xmlns="http://www.tei-c.org/ns/1.0"><forename type="first">V</forename><surname>Vanhoucke</surname></persName>
		</author>
		<author>
			<persName xmlns="http://www.tei-c.org/ns/1.0"><forename type="first">A</forename><surname>Rabinovich</surname></persName>
		</author>
		<idno type="arXiv">arXiv:1409.4842</idno>
		<title level="m">Going deeper with convolutions</title>
		<imprint>
			<date type="published" when="2005" />
		</imprint>
	</monogr>
	<note type="report_type">arXiv preprint</note>
</biblStruct>

<biblStruct xml:id="b25">
	<analytic>
		<title level="a" type="main">End-to-end scene text recognition</title>
		<author>
			<persName xmlns="http://www.tei-c.org/ns/1.0"><forename type="first">K</forename><surname>Wang</surname></persName>
		</author>
		<author>
			<persName xmlns="http://www.tei-c.org/ns/1.0"><forename type="first">B</forename><surname>Babenko</surname></persName>
		</author>
		<author>
			<persName xmlns="http://www.tei-c.org/ns/1.0"><forename type="first">S</forename><surname>Belongie</surname></persName>
		</author>
	</analytic>
	<monogr>
		<title level="m">Proc. ICCV</title>
		<meeting>ICCV</meeting>
		<imprint>
			<date type="published" when="2011" />
		</imprint>
	</monogr>
</biblStruct>

<biblStruct xml:id="b26">
	<monogr>
		<title level="m" type="main">Caltech-UCSD Birds 200</title>
		<author>
			<persName xmlns="http://www.tei-c.org/ns/1.0"><forename type="first">P</forename><surname>Welinder</surname></persName>
		</author>
		<author>
			<persName xmlns="http://www.tei-c.org/ns/1.0"><forename type="first">S</forename><surname>Branson</surname></persName>
		</author>
		<author>
			<persName xmlns="http://www.tei-c.org/ns/1.0"><forename type="first">T</forename><surname>Mita</surname></persName>
		</author>
		<author>
			<persName xmlns="http://www.tei-c.org/ns/1.0"><forename type="first">C</forename><surname>Wah</surname></persName>
		</author>
		<author>
			<persName xmlns="http://www.tei-c.org/ns/1.0"><forename type="first">F</forename><surname>Schroff</surname></persName>
		</author>
		<author>
			<persName xmlns="http://www.tei-c.org/ns/1.0"><forename type="first">S</forename><surname>Belongie</surname></persName>
		</author>
		<author>
			<persName xmlns="http://www.tei-c.org/ns/1.0"><forename type="first">P</forename><surname>Perona</surname></persName>
		</author>
		<imprint>
			<date type="published" when="2010" />
		</imprint>
		<respStmt>
			<orgName>California Institute of Technology</orgName>
		</respStmt>
	</monogr>
	<note type="report_type">Technical report</note>
</biblStruct>

<biblStruct xml:id="b27">
	<analytic>
		<title level="a" type="main">Sun database: Large-scale scene recognition from abbey to zoo</title>
		<author>
			<persName xmlns="http://www.tei-c.org/ns/1.0"><forename type="first">J</forename><surname>Xiao</surname></persName>
		</author>
		<author>
			<persName xmlns="http://www.tei-c.org/ns/1.0"><forename type="first">J</forename><surname>Hays</surname></persName>
		</author>
		<author>
			<persName xmlns="http://www.tei-c.org/ns/1.0"><forename type="first">K</forename><forename type="middle">A</forename><surname>Ehinger</surname></persName>
		</author>
		<author>
			<persName xmlns="http://www.tei-c.org/ns/1.0"><forename type="first">A</forename><surname>Oliva</surname></persName>
		</author>
		<author>
			<persName xmlns="http://www.tei-c.org/ns/1.0"><forename type="first">A</forename><surname>Torralba</surname></persName>
		</author>
	</analytic>
	<monogr>
		<title level="m">Proc. CVPR</title>
		<meeting>CVPR</meeting>
		<imprint>
			<date type="published" when="2010" />
			<biblScope unit="volume">5</biblScope>
			<biblScope unit="page">7</biblScope>
		</imprint>
	</monogr>
</biblStruct>

<biblStruct xml:id="b28">
	<analytic>
		<title level="a" type="main">Human action recognition by learning bases of action attributes and parts</title>
		<author>
			<persName xmlns="http://www.tei-c.org/ns/1.0"><forename type="first">B</forename><surname>Yao</surname></persName>
		</author>
		<author>
			<persName xmlns="http://www.tei-c.org/ns/1.0"><forename type="first">X</forename><surname>Jiang</surname></persName>
		</author>
		<author>
			<persName xmlns="http://www.tei-c.org/ns/1.0"><forename type="first">A</forename><surname>Khosla</surname></persName>
		</author>
		<author>
			<persName xmlns="http://www.tei-c.org/ns/1.0"><forename type="first">A</forename><forename type="middle">L</forename><surname>Lin</surname></persName>
		</author>
		<author>
			<persName xmlns="http://www.tei-c.org/ns/1.0"><forename type="first">L</forename><surname>Guibas</surname></persName>
		</author>
		<author>
			<persName xmlns="http://www.tei-c.org/ns/1.0"><forename type="first">L</forename><surname>Fei-Fei</surname></persName>
		</author>
	</analytic>
	<monogr>
		<title level="m">Proc. ICCV</title>
		<meeting>ICCV</meeting>
		<imprint>
			<date type="published" when="2011" />
		</imprint>
	</monogr>
</biblStruct>

<biblStruct xml:id="b29">
	<analytic>
		<title level="a" type="main">Visualizing and understanding convolutional networks</title>
		<author>
			<persName xmlns="http://www.tei-c.org/ns/1.0"><forename type="first">M</forename><forename type="middle">D</forename><surname>Zeiler</surname></persName>
		</author>
		<author>
			<persName xmlns="http://www.tei-c.org/ns/1.0"><forename type="first">R</forename><surname>Fergus</surname></persName>
		</author>
	</analytic>
	<monogr>
		<title level="m">Proc. ECCV</title>
		<meeting>ECCV</meeting>
		<imprint>
			<date type="published" when="2014" />
			<biblScope unit="volume">2</biblScope>
			<biblScope unit="page">3</biblScope>
		</imprint>
	</monogr>
</biblStruct>

<biblStruct xml:id="b30">
	<analytic>
		<title level="a" type="main">Partbased r-cnns for fine-grained category detection</title>
		<author>
			<persName xmlns="http://www.tei-c.org/ns/1.0"><forename type="first">N</forename><surname>Zhang</surname></persName>
		</author>
		<author>
			<persName xmlns="http://www.tei-c.org/ns/1.0"><forename type="first">J</forename><surname>Donahue</surname></persName>
		</author>
		<author>
			<persName xmlns="http://www.tei-c.org/ns/1.0"><forename type="first">R</forename><surname>Girshick</surname></persName>
		</author>
		<author>
			<persName xmlns="http://www.tei-c.org/ns/1.0"><forename type="first">T</forename><surname>Darrell</surname></persName>
		</author>
	</analytic>
	<monogr>
		<title level="m">Proc. ECCV</title>
		<meeting>ECCV</meeting>
		<imprint>
			<date type="published" when="2014" />
		</imprint>
	</monogr>
</biblStruct>

<biblStruct xml:id="b31">
	<analytic>
		<title level="a" type="main">Deformable part descriptors for fine-grained recognition and attribute prediction</title>
		<author>
			<persName xmlns="http://www.tei-c.org/ns/1.0"><forename type="first">N</forename><surname>Zhang</surname></persName>
		</author>
		<author>
			<persName xmlns="http://www.tei-c.org/ns/1.0"><forename type="first">R</forename><surname>Farrell</surname></persName>
		</author>
		<author>
			<persName xmlns="http://www.tei-c.org/ns/1.0"><forename type="first">F</forename><surname>Iandola</surname></persName>
		</author>
		<author>
			<persName xmlns="http://www.tei-c.org/ns/1.0"><forename type="first">T</forename><surname>Darrell</surname></persName>
		</author>
	</analytic>
	<monogr>
		<title level="m">Proc. ICCV</title>
		<meeting>ICCV</meeting>
		<imprint>
			<date type="published" when="2013" />
		</imprint>
	</monogr>
</biblStruct>

<biblStruct xml:id="b32">
	<analytic>
		<title level="a" type="main">Conceptlearner: Discovering visual concepts from weakly labeled image collections</title>
		<author>
			<persName xmlns="http://www.tei-c.org/ns/1.0"><forename type="first">B</forename><surname>Zhou</surname></persName>
		</author>
		<author>
			<persName xmlns="http://www.tei-c.org/ns/1.0"><forename type="first">V</forename><surname>Jagadeesh</surname></persName>
		</author>
		<author>
			<persName xmlns="http://www.tei-c.org/ns/1.0"><forename type="first">R</forename><surname>Piramuthu</surname></persName>
		</author>
	</analytic>
	<monogr>
		<title level="m">Proc. CVPR</title>
		<meeting>CVPR</meeting>
		<imprint>
			<date type="published" when="2015" />
		</imprint>
	</monogr>
</biblStruct>

<biblStruct xml:id="b33">
	<analytic>
		<title level="a" type="main">Object detectors emerge in deep scene cnns</title>
		<author>
			<persName xmlns="http://www.tei-c.org/ns/1.0"><forename type="first">B</forename><surname>Zhou</surname></persName>
		</author>
		<author>
			<persName xmlns="http://www.tei-c.org/ns/1.0"><forename type="first">A</forename><surname>Khosla</surname></persName>
		</author>
		<author>
			<persName xmlns="http://www.tei-c.org/ns/1.0"><forename type="first">A</forename><surname>Lapedriza</surname></persName>
		</author>
		<author>
			<persName xmlns="http://www.tei-c.org/ns/1.0"><forename type="first">A</forename><surname>Oliva</surname></persName>
		</author>
		<author>
			<persName xmlns="http://www.tei-c.org/ns/1.0"><forename type="first">A</forename><surname>Torralba</surname></persName>
		</author>
	</analytic>
	<monogr>
		<title level="m">International Conference on Learning Representations</title>
		<imprint>
			<date type="published" when="2008" />
		</imprint>
	</monogr>
</biblStruct>

<biblStruct xml:id="b34">
	<analytic>
		<title level="a" type="main">Learning deep features for scene recognition using places database</title>
		<author>
			<persName xmlns="http://www.tei-c.org/ns/1.0"><forename type="first">B</forename><surname>Zhou</surname></persName>
		</author>
		<author>
			<persName xmlns="http://www.tei-c.org/ns/1.0"><forename type="first">A</forename><surname>Lapedriza</surname></persName>
		</author>
		<author>
			<persName xmlns="http://www.tei-c.org/ns/1.0"><forename type="first">J</forename><surname>Xiao</surname></persName>
		</author>
		<author>
			<persName xmlns="http://www.tei-c.org/ns/1.0"><forename type="first">A</forename><surname>Torralba</surname></persName>
		</author>
		<author>
			<persName xmlns="http://www.tei-c.org/ns/1.0"><forename type="first">A</forename><surname>Oliva</surname></persName>
		</author>
	</analytic>
	<monogr>
		<title level="m">Advances in Neural Information Processing Systems</title>
		<imprint>
			<date type="published" when="2014" />
			<biblScope unit="volume">1</biblScope>
			<biblScope unit="page">5</biblScope>
		</imprint>
	</monogr>
</biblStruct>

<biblStruct xml:id="b35">
	<monogr>
				<author>
			<persName xmlns="http://www.tei-c.org/ns/1.0"><forename type="first">B</forename><surname>Zhou</surname></persName>
		</author>
		<author>
			<persName xmlns="http://www.tei-c.org/ns/1.0"><forename type="first">Y</forename><surname>Tian</surname></persName>
		</author>
		<author>
			<persName xmlns="http://www.tei-c.org/ns/1.0"><forename type="first">S</forename><surname>Sukhbaatar</surname></persName>
		</author>
		<author>
			<persName xmlns="http://www.tei-c.org/ns/1.0"><forename type="first">A</forename><surname>Szlam</surname></persName>
		</author>
		<author>
			<persName xmlns="http://www.tei-c.org/ns/1.0"><forename type="first">R</forename><surname>Fergus</surname></persName>
		</author>
		<idno type="arXiv">arXiv:1512.02167</idno>
		<title level="m">Simple baseline for visual question answering</title>
		<imprint>
			<date type="published" when="2015" />
		</imprint>
	</monogr>
	<note type="report_type">arXiv preprint</note>
</biblStruct>

				</listBibl>
			</div>
		</back>
	</text>
</TEI>
