<?xml version="1.0" encoding="UTF-8"?>
<TEI xml:space="preserve" xmlns="http://www.tei-c.org/ns/1.0" 
xmlns:xsi="http://www.w3.org/2001/XMLSchema-instance" 
xsi:schemaLocation="http://www.tei-c.org/ns/1.0 /mnt/c/Users/pc/Desktop/cs510_proj/grobid-0.5.6/grobid-home/schemas/xsd/Grobid.xsd"
 xmlns:xlink="http://www.w3.org/1999/xlink">
	<teiHeader xml:lang="en">
		<fileDesc>
			<titleStmt>
				<title level="a" type="main">Real-Time Single Image and Video Super-Resolution Using an Efficient Sub-Pixel Convolutional Neural Network</title>
			</titleStmt>
			<publicationStmt>
				<publisher/>
				<availability status="unknown"><licence/></availability>
			</publicationStmt>
			<sourceDesc>
				<biblStruct>
					<analytic>
						<author>
							<persName xmlns="http://www.tei-c.org/ns/1.0"><forename type="first">Wenzhe</forename><surname>Shi</surname></persName>
							<affiliation key="aff0">
								<orgName type="department">Magic Pony Technology</orgName>
							</affiliation>
						</author>
						<author>
							<persName xmlns="http://www.tei-c.org/ns/1.0"><forename type="first">Jose</forename><surname>Caballero</surname></persName>
							<affiliation key="aff0">
								<orgName type="department">Magic Pony Technology</orgName>
							</affiliation>
						</author>
						<author>
							<persName xmlns="http://www.tei-c.org/ns/1.0"><forename type="first">Ferenc</forename><surname>Huszár</surname></persName>
							<affiliation key="aff0">
								<orgName type="department">Magic Pony Technology</orgName>
							</affiliation>
						</author>
						<author>
							<persName xmlns="http://www.tei-c.org/ns/1.0"><forename type="first">Johannes</forename><surname>Totz</surname></persName>
							<affiliation key="aff0">
								<orgName type="department">Magic Pony Technology</orgName>
							</affiliation>
						</author>
						<author>
							<persName xmlns="http://www.tei-c.org/ns/1.0"><forename type="first">Andrew</forename><forename type="middle">P</forename><surname>Aitken</surname></persName>
							<affiliation key="aff0">
								<orgName type="department">Magic Pony Technology</orgName>
							</affiliation>
						</author>
						<author>
							<persName xmlns="http://www.tei-c.org/ns/1.0"><forename type="first">Rob</forename><surname>Bishop</surname></persName>
							<affiliation key="aff0">
								<orgName type="department">Magic Pony Technology</orgName>
							</affiliation>
						</author>
						<author role="corresp">
							<persName xmlns="http://www.tei-c.org/ns/1.0"><forename type="first">Daniel</forename><surname>Rueckert</surname></persName>
							<email>2d.rueckert@imperial.ac.uk</email>
							<affiliation key="aff1">
								<orgName type="institution">Imperial College London</orgName>
							</affiliation>
						</author>
						<author>
							<persName xmlns="http://www.tei-c.org/ns/1.0"><forename type="first">Zehan</forename><surname>Wang</surname></persName>
							<affiliation key="aff0">
								<orgName type="department">Magic Pony Technology</orgName>
							</affiliation>
						</author>
						<title level="a" type="main">Real-Time Single Image and Video Super-Resolution Using an Efficient Sub-Pixel Convolutional Neural Network</title>
					</analytic>
					<monogr>
						<imprint>
							<date/>
						</imprint>
					</monogr>
				</biblStruct>
			</sourceDesc>
		</fileDesc>

		<encodingDesc>
			<appInfo>
				<application version="0.5.6" ident="GROBID" when="2019-12-02T16:44+0000">
					<ref target="https://github.com/kermitt2/grobid">GROBID - A machine learning software for extracting information from scholarly documents</ref>
				</application>
			</appInfo>
		</encodingDesc>		<profileDesc>
			<abstract>
<div xmlns="http://www.tei-c.org/ns/1.0"><p>Recently, several models based on deep neural networks have achieved great success in terms of both reconstruction accuracy and computational performance for single image super-resolution. In these methods, the low resolution (LR) input image is upscaled to the high resolution (HR) space using a single filter, commonly bicubic interpolation, before reconstruction. This means that the super-resolution (SR) operation is performed in HR space. We demonstrate that this is sub-optimal and adds computational complexity. In this paper, we present the first convolutional neural network (CNN) capable of real-time SR of 1080p videos on a single K2 GPU. To achieve this, we propose a novel CNN architecture where the feature maps are extracted in the LR space. In addition, we introduce an efficient sub-pixel convolution layer which learns an array of upscaling filters to upscale the final LR feature maps into the HR output. By doing so, we effectively replace the handcrafted bicubic filter in the SR pipeline with more complex upscaling filters specifically trained for each feature map, whilst also reducing the computational complexity of the overall SR operation. We evaluate the proposed approach using images and videos from publicly available datasets and show that it performs significantly better (+0.15dB on Images and +0.39dB on Videos) and is an order of magnitude faster than previous CNN-based methods.</p></div>
			</abstract>
		</profileDesc>
	</teiHeader>
	<text xml:lang="en">
		<body>
<div xmlns="http://www.tei-c.org/ns/1.0"><head n="1.">Introduction</head><p>The recovery of a high resolution (HR) image or video from its low resolution (LR) counter part is topic of great interest in digital image processing. This task, referred to as super-resolution (SR), finds direct applications in many areas such as HDTV <ref type="bibr" target="#b14">[15]</ref>, medical imaging <ref type="bibr" target="#b27">[28,</ref><ref type="bibr" target="#b32">33]</ref>, satellite imaging <ref type="bibr" target="#b37">[38]</ref>, face recognition <ref type="bibr" target="#b16">[17]</ref> and surveillance <ref type="bibr" target="#b52">[53]</ref>. The global SR problem assumes LR data to be a low-pass filtered (blurred), downsampled and noisy version of HR data. It is a highly ill-posed problem, due to the loss of high-frequency information that occurs during the non-invertible low-pass filtering and subsampling operations. Furthermore, the SR operation is effectively a one-to-many mapping from LR to HR space which can have multiple solutions, of which determining the correct solution is non-trivial. A key assumption that underlies many SR techniques is that much of the high-frequency data is redundant and thus can be accurately reconstructed from low frequency components. SR is therefore an inference problem, and thus relies on our model of the statistics of images in question.</p><p>Many methods assume multiple images are available as LR instances of the same scene with different perspectives, i.e. with unique prior affine transformations. These can be categorised as multi-image SR methods <ref type="bibr" target="#b0">[1,</ref><ref type="bibr" target="#b10">11]</ref> and exploit explicit redundancy by constraining the ill-posed problem with additional information and attempting to invert the downsampling process. However, these methods usually require computationally complex image registration and fusion stages, the accuracy of which directly impacts the quality of the result. An alternative family of methods are single image super-resolution (SISR) techniques <ref type="bibr" target="#b44">[45]</ref>. These techniques seek to learn implicit redundancy that is present in natural data to recover missing HR information from a single LR instance. This usually arises in the form of local spatial correlations for images and additional temporal correlations in videos. In this case, prior information in the form of reconstruction constraints is needed to restrict the solution space of the reconstruction. <ref type="figure">Figure 1</ref>. The proposed efficient sub-pixel convolutional neural network (ESPCN), with two convolution layers for feature maps extraction, and a sub-pixel convolution layer that aggregates the feature maps from LR space and builds the SR image in a single step.</p></div>
<div xmlns="http://www.tei-c.org/ns/1.0"><head n="1.1.">Related Work</head><p>The goal of SISR methods is to recover a HR image from a single LR input image <ref type="bibr" target="#b13">[14]</ref>. Recent popular SISR methods can be classified into edge-based <ref type="bibr" target="#b34">[35]</ref>, image statisticsbased <ref type="bibr" target="#b8">[9,</ref><ref type="bibr" target="#b17">18,</ref><ref type="bibr" target="#b45">46,</ref><ref type="bibr" target="#b11">12]</ref> and patch-based <ref type="bibr" target="#b1">[2,</ref><ref type="bibr" target="#b42">43,</ref><ref type="bibr" target="#b51">52,</ref><ref type="bibr" target="#b12">13,</ref><ref type="bibr" target="#b53">54,</ref><ref type="bibr" target="#b39">40,</ref><ref type="bibr" target="#b4">5]</ref> methods. A detailed review of more generic SISR methods can be found in <ref type="bibr" target="#b44">[45]</ref>. One family of approaches that has recently thrived in tackling the SISR problem is sparsity-based techniques. Sparse coding is an effective mechanism that assumes any natural image can be sparsely represented in a transform domain. This transform domain is usually a dictionary of image atoms <ref type="bibr" target="#b24">[25,</ref><ref type="bibr" target="#b9">10]</ref>, which can be learnt through a training process that tries to discover the correspondence between LR and HR patches. This dictionary is able to embed the prior knowledge necessary to constrain the ill-posed problem of super-resolving unseen data. This approach is proposed in the methods of <ref type="bibr" target="#b46">[47,</ref><ref type="bibr" target="#b7">8]</ref>. A drawback of sparsity-based techniques is that introducing the sparsity constraint through a nonlinear reconstruction is generally computationally expensive.</p><p>Image representations derived via neural networks <ref type="bibr" target="#b20">[21,</ref><ref type="bibr" target="#b48">49,</ref><ref type="bibr" target="#b33">34]</ref> have recently also shown promise for SISR. These methods, employ the back-propagation algorithm <ref type="bibr" target="#b21">[22]</ref> to train on large image databases such as ImageNet <ref type="bibr" target="#b29">[30]</ref> in order to learn nonlinear mappings of LR and HR image patches. Stacked collaborative local auto-encoders are used in <ref type="bibr" target="#b3">[4]</ref> to super-resolve the LR image layer by layer. Osendorfer et al. <ref type="bibr" target="#b26">[27]</ref> suggested a method for SISR based on an extension of the predictive convolutional sparse coding framework <ref type="bibr" target="#b28">[29]</ref>. A multiple layer convolutional neural network (CNN) inspired by sparse-coding methods is proposed in <ref type="bibr" target="#b6">[7]</ref>. Chen et. al. <ref type="bibr" target="#b2">[3]</ref> proposed to use multi-stage trainable nonlinear reaction diffusion (TNRD) as an alternative to CNN where the weights and the nonlinearity is trainable. Wang et. al <ref type="bibr" target="#b43">[44]</ref> trained a cascaded sparse coding network from end to end inspired by LISTA (Learning iterative shrinkage and thresholding algorithm) <ref type="bibr" target="#b15">[16]</ref> to fully exploit the natural sparsity of images. The network structure is not limited to neural networks, for example, a random forest <ref type="bibr" target="#b30">[31]</ref> has also been successfully used for SISR. With the development of CNN, the efficiency of the algorithms, especially their computational and memory cost, gains importance <ref type="bibr" target="#b35">[36]</ref>. The flexibility of deep network models to learn nonlinear relationships has been shown to attain superior reconstruction accuracy compared to previously hand-crafted models <ref type="bibr" target="#b26">[27,</ref><ref type="bibr" target="#b6">7,</ref><ref type="bibr" target="#b43">44,</ref><ref type="bibr" target="#b30">31,</ref><ref type="bibr" target="#b2">3]</ref>. To super-resolve a LR image into HR space, it is necessary to increase the resolution of the LR image to match that of the HR image at some point.</p></div>
<div xmlns="http://www.tei-c.org/ns/1.0"><head n="1.2.">Motivations and contributions</head><p>In Osendorfer et al. <ref type="bibr" target="#b26">[27]</ref>, the image resolution is increased in the middle of the network gradually. Another popular approach is to increase the resolution before or at the first layer of the network <ref type="bibr" target="#b6">[7,</ref><ref type="bibr" target="#b43">44,</ref><ref type="bibr" target="#b2">3]</ref>. However, this approach has a number of drawbacks. Firstly, increasing the resolution of the LR images before the image enhancement step increases the computational complexity. This is especially problematic for convolutional networks, where the processing speed directly depends on the input image resolution. Secondly, interpolation methods typically used to accomplish the task, such as bicubic interpolation <ref type="bibr" target="#b6">[7,</ref><ref type="bibr" target="#b43">44,</ref><ref type="bibr" target="#b2">3]</ref>, do not bring additional information to solve the ill-posed reconstruction problem.</p><p>Learning upscaling filters was briefly suggested in the footnote of Dong et.al. <ref type="bibr" target="#b5">[6]</ref>. However, the importance of integrating it into the CNN as part of the SR operation was not fully recognised and the option not explored. Additionally, as noted by Dong et al. <ref type="bibr" target="#b5">[6]</ref>, there are no efficient implementations of a convolution layer whose output size is larger than the input size and well-optimized implementations such as convnet <ref type="bibr" target="#b20">[21]</ref> do not trivially allow such behaviour.</p><p>In this paper, contrary to previous works, we propose to increase the resolution from LR to HR only at the very end of the network and super-resolve HR data from LR feature maps. This eliminates the need to perform most of the SR operation in the far larger HR resolution. For this purpose, we propose a more efficient sub-pixel convolution layer to learn the upscaling operation for image and video superresolution.</p><p>The advantages of these contributions are two fold:</p><p>• In our network, upscaling is handled by the last layer of the network. This means each LR image is directly fed to the network and feature extraction occurs through nonlinear convolutions in LR space. Due to the reduced input resolution, we can effectively use a smaller filter size to integrate the same information while maintaining a given contextual area. The resolution and filter size reduction lower the computational and memory complexity substantially enough to allow super-resolution of high definition (HD) videos in realtime as shown in Sec. 3.5.</p><p>• For a network with L layers, we learn n L−1 upscaling filters for the n L−1 feature maps as opposed to one upscaling filter for the input image. In addition, not using an explicit interpolation filter means that the network implicitly learns the processing necessary for SR. Thus, the network is capable of learning a better and more complex LR to HR mapping compared to a single fixed filter upscaling at the first layer. This results in additional gains in the reconstruction accuracy of the model as shown in Sec. 3.3.2 and Sec. 3.4.</p><p>We validate the proposed approach using images and videos from publicly available benchmarks datasets and compared our performance against previous works including <ref type="bibr" target="#b6">[7,</ref><ref type="bibr" target="#b2">3,</ref><ref type="bibr" target="#b30">31]</ref>. We show that the proposed model achieves state-of-art performance and is nearly an order of magnitude faster than previously published methods on images and videos.</p></div>
<div xmlns="http://www.tei-c.org/ns/1.0"><head n="2.">Method</head><p>The task of SISR is to estimate a HR image I SR given a LR image I LR downscaled from the corresponding original HR image I HR . The downsampling operation is deterministic and known: to produce I LR from I HR , we first convolve I HR using a Gaussian filter -thus simulating the camera's point spread function -then downsample the image by a factor of r. We will refer to r as the upscaling ratio. In general, both I LR and I HR can have C colour channels, thus they are represented as real-valued tensors of size H × W × C and rH × rW × C, respectively.</p><p>To solve the SISR problem, the SRCNN proposed in <ref type="bibr" target="#b6">[7]</ref> recovers from an upscaled and interpolated version of I LR instead of I LR . To recover I SR , a 3 layer convolutional network is used. In this section we propose a novel network architecture, as illustrated in <ref type="figure">Fig. 1</ref>, to avoid upscaling I LR before feeding it into the network. In our architecture, we first apply a l layer convolutional neural network directly to the LR image, and then apply a sub-pixel convolution layer that upscales the LR feature maps to produce I SR .</p><p>For a network composed of L layers, the first L−1 layers can be described as follows:</p><formula xml:id="formula_0">f 1 (I LR ; W 1 , b 1 ) = φ W 1 * I LR + b 1 ,<label>(1)</label></formula><formula xml:id="formula_1">f l (I LR ; W 1:l , b 1:l ) = φ W l * f l−1 I LR + b l ,<label>(2)</label></formula><p>Where W l , b l , l ∈ (1, L − 1) are learnable network weights and biases respectively. W l is a 2D convolution tensor of size n l−1 × n l × k l × k l , where n l is the number of features at layer l, n 0 = C, and k l is the filter size at layer l. The biases b l are vectors of length n l . The nonlinearity function (or activation function) φ is applied element-wise and is fixed. The last layer f L has to convert the LR feature maps to a HR image I SR .</p></div>
<div xmlns="http://www.tei-c.org/ns/1.0"><head n="2.1.">Deconvolution layer</head><p>The addition of a deconvolution layer is a popular choice for recovering resolution from max-pooling and other image down-sampling layers. This approach has been successfully used in visualizing layer activations <ref type="bibr" target="#b48">[49]</ref> and for generating semantic segmentations using high level features from the network <ref type="bibr" target="#b23">[24]</ref>. It is trivial to show that the bicubic interpolation used in SRCNN is a special case of the deconvolution layer, as suggested already in <ref type="bibr" target="#b23">[24,</ref><ref type="bibr" target="#b6">7]</ref>. The deconvolution layer proposed in <ref type="bibr" target="#b49">[50]</ref> can be seen as multiplication of each input pixel by a filter element-wise with stride r, and sums over the resulting output windows also known as backwards convolution <ref type="bibr" target="#b23">[24]</ref>. However, any reduction (summing) after convolution is expensive. The other way to upscale a LR image is convolution with fractional stride of 1 r in the LR space as mentioned by <ref type="bibr" target="#b23">[24]</ref>, which can be naively implemented by interpolation, perforate <ref type="bibr" target="#b26">[27]</ref> or un-pooling <ref type="bibr" target="#b48">[49]</ref> from LR space to HR space followed by a convolution with a stride of 1 in HR space. These implementations increase the computational cost by a factor of r 2 , since convolution happens in HR space.</p></div>
<div xmlns="http://www.tei-c.org/ns/1.0"><head n="2.2.">Efficient sub-pixel convolution layer</head><p>Alternatively, a convolution with stride of 1 r in the LR space with a filter W s of size k s with weight spacing 1 r would activate different parts of W s for the convolution. The weights that fall between the pixels are simply not activated and do not need to be calculated. The number of activation patterns is exactly r 2 . Each activation pattern, according to its location, has at most ⌈ ks r ⌉ 2 weights activated. These patterns are periodically activated during the convolution of the filter across the image depending on different sub-pixel location: mod (x, r) , mod (y, r) where x, y are the output pixel coordinates in HR space. In this paper, we propose an effective way to implement the above operation when mod (k s , r) = 0:</p><formula xml:id="formula_2">I SR = f L (I LR ) = PS W L * f L−1 (I LR ) + b L ,<label>(3)</label></formula><p>where PS is an periodic shuffling operator that rearranges the elements of a H × W × C · r 2 tensor to a tensor of shape rH × rW × C. The effects of this operation are illustrated in <ref type="figure">Fig. 1</ref>. Mathematically, this operation can be described in the following way PS(T ) x,y,c = T ⌊ x /r⌋,⌊ y /r⌋,c·r·mod(y,r)+c·mod(x,r) (4)</p><p>The convolution operator W L thus has shape n L−1 × r 2 C × k L × k L . Note that we do not apply nonlinearity to the outputs of the convolution at the last layer. It is easy to see that when k L = ks r and mod (k s , r) = 0 it is equivalent to sub-pixel convolution in the LR space with the filter W s . We will refer to our new layer as the sub-pixel convolution layer and our network as efficient sub-pixel convolutional neural network (ESPCN). This last layer produces a HR image from LR feature maps directly with one upscaling filter for each feature map as shown in <ref type="figure" target="#fig_2">Fig. 4</ref>.</p><p>Given a training set consisting of HR image examples I HR n , n = 1 . . . N , we generate the corresponding LR images I LR n , n = 1 . . . N , and calculate the pixel-wise mean squared error (MSE) of the reconstruction as an objective function to train the network:</p><formula xml:id="formula_3">ℓ(W 1:L , b 1:L ) = 1 r 2 HW rH x=1 rW x=1 I HR x,y − f L x,y (I LR ) 2<label>(5)</label></formula><p>It is noticeable that the implementation of the above periodic shuffling can be very fast compared to reduction or convolution in HR space because each operation is independent and is thus trivially parallelizable in one cycle. Thus our proposed layer is log 2 r 2 times faster compared to deconvolution layer in the forward pass and r 2 times faster compared to implementations using various forms of upscaling before convolution.</p></div>
<div xmlns="http://www.tei-c.org/ns/1.0"><head n="3.">Experiments</head><p>The detailed report of quantitative evaluation including the original data including images and videos, downsampled data, super-resolved data, overall and individual scores and run-times on a K2 GPU are provided in the supplemental material.</p></div>
<div xmlns="http://www.tei-c.org/ns/1.0"><head n="3.1.">Datasets</head><p>During the evaluation, we used publicly available benchmark datasets including the Timofte dataset <ref type="bibr" target="#b39">[40]</ref> widely used by SISR papers <ref type="bibr" target="#b6">[7,</ref><ref type="bibr" target="#b43">44,</ref><ref type="bibr" target="#b2">3]</ref> which provides source code for multiple methods, 91 training images and two test datasets Set5 and Set14 which provides 5 and 14 images; The Berkeley segmentation dataset <ref type="bibr" target="#b25">[26]</ref> BSD300 and BSD500 which provides 100 and 200 images for testing and the super texture dataset <ref type="bibr" target="#b4">[5]</ref> which provides 136 texture images. For our final models, we use 50,000 randomly selected images from ImageNet <ref type="bibr" target="#b29">[30]</ref> for the training. Following previous works, we only consider the luminance channel in YCbCr colour space in this section because humans are more sensitive to luminance changes <ref type="bibr" target="#b30">[31]</ref>. For each upscaling factor, we train a specific network.</p><p>For video experiments we use 1080p HD videos from the publicly available Xiph database 1 , which has been used to report video SR results in previous methods <ref type="bibr" target="#b36">[37,</ref><ref type="bibr" target="#b22">23]</ref>. The database contains a collection of 8 HD videos approximately 10 seconds in length and with width and height 1920 × 1080. In addition, we also use the Ultra Video Group database 2 , containing 7 videos of 1920 × 1080 in    size and 5 seconds in length.</p></div>
<div xmlns="http://www.tei-c.org/ns/1.0"><head n="3.2.">Implementation details</head><p>For the ESPCN, we set l = 3, (f 1 , n 1 ) = (5, 64), (f 2 , n 2 ) = (3, 32) and f 3 = 3 in our evaluations. The choice of the parameter is inspired by SRCNN's 3 layer 9-5-5 model and the equations in Sec. 2.2. In the training phase, 17r × 17r pixel sub-images are extracted from the training ground truth images I HR , where r is the upscaling factor. To synthesize the low-resolution samples I LR , we blur I HR using a Gaussian filter and sub-sample it by the upscaling factor. The sub-images are extracted from original images with a stride of (17 − mod (f, 2)) × r from I HR and a stride of 17 − mod (f, 2) from I LR . This ensures that all pixels in the original image appear once and only once as the ground truth of the training data. We choose tanh instead of relu as the activation function for the final model motivated by our experimental results.</p><p>The training stops after no improvement of the cost function is observed after 100 epochs. Initial learning rate is set to 0.01 and final learning rate is set to 0.0001 and updated gradually when the improvement of the cost function is smaller than a threshold µ. The final layer learns 10 times slower as in <ref type="bibr" target="#b6">[7]</ref>. The training takes roughly three hours on a K2 GPU on 91 images, and seven days on images from ImageNet <ref type="bibr" target="#b29">[30]</ref> for upscaling factor of 3. We use the PSNR as the performance metric to evaluate our models. PSNR of SRCNN and Chen's models on our extended benchmark set are calculated based on the Matlab code and models provided by <ref type="bibr" target="#b6">[7,</ref><ref type="bibr" target="#b2">3]</ref>.</p></div>
<div xmlns="http://www.tei-c.org/ns/1.0"><head n="3.3.">Image super-resolution results</head></div>
<div xmlns="http://www.tei-c.org/ns/1.0"><head n="3.3.1">Benefits of the sub-pixel convolution layer</head><p>In this section, we demonstrate the positive effect of the subpixel convolution layer as well as tanh activation function. We first evaluate the power of the sub-pixel convolution layer by comparing against SRCNN's standard 9-1-5 model <ref type="bibr" target="#b5">[6]</ref>. Here, we follow the approach in <ref type="bibr" target="#b5">[6]</ref>, using relu as the activation function for our models in this experiment, and training a set of models with 91 images and another set with images from ImageNet. The results are shown in Tab. 1. ESPCN with relu trained on ImageNet images achieved statistically significantly better performance compared to SRCNN models. It is noticeable that ESPCN (91) performs very similar to SRCNN (91). Training with more images using ESPCN has a far more significant impact on PSNR compared to SRCNN with similar number of parameters (+0.33 vs +0.07).</p><p>To make a visual comparison between our model with the sub-pixel convolution layer and SRCNN, we visualized weights of our ESPCN (ImageNet) model against SRCNN 9-5-5 ImageNet model from <ref type="bibr" target="#b6">[7]</ref> in <ref type="figure" target="#fig_1">Fig. 3</ref> and <ref type="figure" target="#fig_2">Fig. 4</ref>. The weights of our first and last layer filters have a strong similarity to designed features including the log-Gabor filters <ref type="bibr" target="#b47">[48]</ref>, wavelets <ref type="bibr" target="#b19">[20]</ref> and Haar features <ref type="bibr" target="#b41">[42]</ref>. It is noticeable that despite each filter is independent in LR space, our independent filters is actually smooth in the HR space after PS. Compared to SRCNN's last layer filters, our final layer filters has complex patterns for different feature maps, it also has much richer and more meaningful representations.</p><p>We also evaluated the effect of tanh activation function based on the above model trained on 91 images and Ima-geNet images. Results in Tab. 1 suggests that tanh function performs better for SISR compared to relu. The results for ImageNet images with tanh activation is shown in Tab. 2.</p></div>
<div xmlns="http://www.tei-c.org/ns/1.0"><head n="3.3.2">Comparison to the state-of-the-art</head><p>In this section, we show ESPCN trained on ImageNet compared to results from SRCNN <ref type="bibr" target="#b6">[7]</ref> and the TNRD <ref type="bibr" target="#b2">[3]</ref> which is currently the best performing approach published. For simplicity, we do not show results which are known to be worse than <ref type="bibr" target="#b2">[3]</ref>. For the interested reader, the results of other previous methods can be found in <ref type="bibr" target="#b30">[31]</ref>. We choose to compare against the best SRCNN 9-5-5 ImageNet model in this section <ref type="bibr" target="#b6">[7]</ref>. And for <ref type="bibr" target="#b2">[3]</ref>, results are calculated based on the 7 × 7 5 stages model.</p><p>Our results shown in Tab. 2 are significantly better than the SRCNN 9-5-5 ImageNet model, whilst being close to, and in some cases out-performing, the TNRD <ref type="bibr" target="#b2">[3]</ref>. Although TNRD uses a single bicubic interpolation to upscale the input image to HR space, it possibly benefits from a trainable nonlinearity function. This trainable nonlinearity function is not exclusive from our network and will be interesting to explore in the future. Visual comparison of the superresolved images is given in <ref type="figure" target="#fig_4">Fig. 5</ref> and <ref type="figure" target="#fig_5">Fig. 6</ref>, the CNN methods create a much sharper and higher contrast images, ESPCN provides noticeably improvement over SRCNN.</p></div>
<div xmlns="http://www.tei-c.org/ns/1.0"><head n="3.4.">Video super-resolution results</head><p>In this section, we compare the ESPCN trained models against single frame bicubic interpolation and SRCNN <ref type="bibr" target="#b6">[7]</ref> on two popular video benchmarks. One big advantage of our network is its speed. This makes it an ideal candidate for video SR which allows us to super-resolve the videos frame by frame. Our results shown in Tab. 3 and Tab. 4 are better than the SRCNN 9-5-5 ImageNet model. The improvement is more significant than the results on the image data, this maybe due to differences between datasets. Similar disparity can be observed in different categories of the image benchmark as Set5 vs SuperTexture.   </p></div>
<div xmlns="http://www.tei-c.org/ns/1.0"><head n="3.5.">Run time evaluations</head><p>In this section, we evaluated our best model's run time on Set14 3 with an upscale factor of 3. We evaluate the run time of other methods <ref type="bibr" target="#b1">[2,</ref><ref type="bibr" target="#b50">51,</ref><ref type="bibr" target="#b38">39]</ref> from the Matlab codes provided by <ref type="bibr" target="#b39">[40]</ref> and <ref type="bibr" target="#b30">[31]</ref>. For methods which use convolutions including our own, a python/theano implementation is used to improve the efficiency based on the Matlab codes provided in <ref type="bibr" target="#b6">[7,</ref><ref type="bibr" target="#b2">3]</ref>. The results are presented in <ref type="figure" target="#fig_0">Fig. 2</ref>. Our model runs a magnitude faster than the fastest methods published so far. Compared to  ImageNet model, the number of convolution required to super-resolve one image is r × r times smaller and the number of total parameters of the model is 2.5 times smaller. The total complexity of the super-resolution operation is thus 2.5 × r × r times lower. We have achieved a stunning average speed of 4.7ms for super-resolving one single image from Set14 on a K2 GPU. Utilising the amazing speed of the network, it will be interesting to explore ensemble prediction using independently trained models as discussed in <ref type="bibr" target="#b35">[36]</ref> to achieve better SR performance in the future.</p><p>We also evaluated run time of 1080 HD video superresolution using videos from the Xiph and the Ultra Video Group database. With upscale factor of 3, SRCNN 9-5-5 ImageNet model takes 0.435s per frame whilst our ESPCN model takes only 0.038s per frame. With upscale factor of 4, SRCNN 9-5-5 ImageNet model takes 0.434s per frame whilst our ESPCN model takes only 0.029s per frame.  </p></div>
<div xmlns="http://www.tei-c.org/ns/1.0"><head n="4.">Conclusion</head><p>In this paper, we demonstrate that fixed filter upscaling at the first layer does not provide any extra information for SISR yet requires more computational complexity. To address the problem, we propose to perform the feature extraction stages in the LR space instead of HR space. To do that we propose a novel sub-pixel convolution layer which is capable of super-resolving LR data into HR space with very little additional computational cost compared  <ref type="table">Table 4</ref>. Results on HD videos from Ultra Video Group database. Where SRCNN stands for the SRCNN 9-5-5 ImageNet model <ref type="bibr" target="#b6">[7]</ref> and ESPCN stands for our ImageNet model with tanh activation.</p><p>Best results for each category are shown in bold. There is significant difference between the PSNRs of the proposed method and SRCNN (p-value &lt; 0.01 with paired t-test)</p><p>to a deconvolution layer <ref type="bibr" target="#b49">[50]</ref>. Evaluation performed on an extended bench mark data set with upscaling factor of 4 shows that we have a significant speed (&gt; 10×) and performance (+0.15dB on Images and +0.39dB on videos) boost compared to the previous CNN approach with more parameters <ref type="bibr" target="#b6">[7]</ref> (5-3-3 vs 9-5-5). This makes our model the first CNN model that is capable of SR HD videos in real time on a single GPU.</p></div>
<div xmlns="http://www.tei-c.org/ns/1.0"><head n="5.">Future work</head><p>A reasonable assumption when processing video information is that most of a scene's content is shared by neighbouring video frames. Exceptions to this assumption are scene changes and objects sporadically appearing or disappearing from the scene. This creates additional dataimplicit redundancy that can be exploited for video superresolution as has been shown in <ref type="bibr" target="#b31">[32,</ref><ref type="bibr" target="#b22">23]</ref>. Spatio-temporal networks are popular as they fully utilise the temporal information from videos for human action recognition <ref type="bibr" target="#b18">[19,</ref><ref type="bibr" target="#b40">41]</ref>. In the future, we will investigate extending our ESPCN network into a spatio-temporal network to super-resolve one frame from multiple neighbouring frames using 3D convolutions.</p></div><figure xmlns="http://www.tei-c.org/ns/1.0" xml:id="fig_0"><head>Figure 2 .</head><label>2</label><figDesc>Plot of the trade-off between accuracy and speed for different methods when performing SR upscaling with a scale factor of 3. The results presents the mean PSNR and run-time over the images from Set14 run on a single CPU core clocked at 2.0 GHz.</figDesc></figure>
<figure xmlns="http://www.tei-c.org/ns/1.0" xml:id="fig_1"><head>Figure 3 .</head><label>3</label><figDesc>The first-layer filters trained on ImageNet with an upscaling factor of 3. The filters are sorted based on their variances.</figDesc></figure>
<figure xmlns="http://www.tei-c.org/ns/1.0" xml:id="fig_2"><head>Figure 4 .</head><label>4</label><figDesc>The last-layer filters trained on ImageNet with an upscaling factor of 3: (a) shows weights from SRCNN 9-5-5 model<ref type="bibr" target="#b6">[7]</ref>, (b) shows weights from ESPCN (ImageNet relu) model and (c) weights from (b) after the PS operation applied to the r 2 channels. The filters are in their default ordering.</figDesc></figure>
<figure xmlns="http://www.tei-c.org/ns/1.0" xml:id="fig_3"><head>(</head><label></label><figDesc></figDesc></figure>
<figure xmlns="http://www.tei-c.org/ns/1.0" xml:id="fig_4"><head>Figure 5 .</head><label>5</label><figDesc>Super-resolution examples for "Baboon", "Comic" and "Monarch" from Set14 with an upscaling factor of 3. PSNR values are shown under each sub-figure.</figDesc></figure>
<figure xmlns="http://www.tei-c.org/ns/1.0" xml:id="fig_5"><head>Figure 6 .</head><label>6</label><figDesc>Super-resolution examples for "14092", "335094" and "384022" from BSD500 with an upscaling factor of 3. PSNR values are shown under each sub-figure.</figDesc></figure>
<figure xmlns="http://www.tei-c.org/ns/1.0" type="table" xml:id="tab_2" validated="false"><head></head><label></label><figDesc>Table 1. The mean PSNR (dB) for different models. Best results for each category are shown in bold. There is significant difference between the PSNRs of the proposed method and other methods (p-value &lt; 0.001 with paired t-test).</figDesc><table>Dataset 
Scale SRCNN (91) ESPCN (91 relu) ESPCN (91) 
SRCNN (ImageNet) ESPCN (ImageNet relu) 
Set5 
3 
32.39 
32.39 
32.55 
32.52 
33.00 
Set14 
3 
29.00 
28.97 
29.08 
29.14 
29.42 
BSD300 
3 
28.21 
28.20 
28.26 
28.29 
28.52 
BSD500 
3 
28.28 
28.27 
28.34 
28.37 
28.62 
SuperTexture 
3 
26.37 
26.38 
26.42 
26.41 
26.69 
Average 
3 
27.76 
27.76 
27.82 
27.83 
28.09 

</table></figure>
<figure xmlns="http://www.tei-c.org/ns/1.0" type="table" xml:id="tab_3" validated="false"><head></head><label></label><figDesc>Table 2. The mean PSNR (dB) of different methods evaluated on our extended benchmark set. Where SRCNN stands for the SR-CNN 9-5-5 ImageNet model<ref type="bibr" target="#b6">[7]</ref>, TNRD stands for the Trainable Nonlinear Reaction Diffusion Model from<ref type="bibr" target="#b2">[3]</ref> and ESPCN stands for our ImageNet model with tanh activation. Best results for each category are shown in bold. There is significant difference between the PSNRs of the proposed method and SRCNN (p-value &lt; 0.01 with paired ttest)</figDesc><table>Dataset 

Scale Bicubic SRCNN 
TNRD 
ESPCN 
Set5 
3 
30.39 
32.75 
33.17 
33.13 
Set14 
3 
27.54 
29.30 
29.46 
29.49 
BSD300 
3 
27.21 
28.41 
28.50 
28.54 
BSD500 
3 
27.26 
28.48 
28.59 
28.64 
SuperTexture 
3 
25.40 
26.60 
26.66 
26.70 
Average 
3 
26.74 
27.98 
28.07 
28.11 
Set5 
4 
28.42 
30.49 
30.85 
30.90 
Set14 
4 
26.00 
27.50 
27.68 
27.73 
BSD300 
4 
25.96 
26.90 
27.00 
27.06 
BSD500 
4 
25.97 
26.92 
27.00 
27.07 
SuperTexture 
4 
23.97 
24.93 
24.95 
25.07 
Average 
4 
25.40 
26.38 
26.45 
26.53 

Dataset 
Scale Bicubic SRCNN ESPCN 
SunFlower 
3 
41.72 
43.29 
43.36 
Station2 
3 
36.42 
38.17 
38.32 
PedestrianArea 
3 
37.65 
39.21 
39.27 
SnowMnt 
3 
26.00 
27.23 
27.20 
Aspen 
3 
32.75 
34.65 
34.61 
OldTownCross 
3 
31.20 
32.44 
32.53 
DucksTakeOff 
3 
26.71 
27.66 
27.69 
CrowdRun 
3 
26.87 
28.26 
28.39 

Average 
3 
32.41 
33.86 
33.92 

SunFlower 
4 
38.99 
40.57 
41.00 
Station2 
4 
34.13 
35.72 
35.91 
PedestrianArea 
4 
35.49 
36.94 
36.94 
SnowMnt 
4 
24.14 
24.87 
25.13 
Aspen 
4 
30.06 
31.51 
31.83 
OldTownCross 
4 
29.49 
30.43 
30.54 
DucksTakeOff 
4 
24.85 
25.44 
25.64 
CrowdRun 
4 
25.21 
26.24 
26.40 

Average 
4 
30.30 
31.47 
31.67 

</table></figure>
<figure xmlns="http://www.tei-c.org/ns/1.0" type="table" xml:id="tab_4" validated="false"><head>Table 3 .</head><label>3</label><figDesc>Results on HD videos from Xiph database. Where SRCNN stands for the SRCNN 9-5-5 ImageNet model<ref type="bibr" target="#b6">[7]</ref> and ESPCN stands for our ImageNet model with tanh activation. Best results for each category are shown in bold. There is significant difference between the PSNRs of the proposed method and SRCNN (p-value &lt; 0.01 with paired t-test)</figDesc><table></table></figure>
			<note xmlns="http://www.tei-c.org/ns/1.0" place="foot" n="1">Xiph.org Video Test Media [derf's collection] https://media. xiph.org/video/derf/ 2 Ultra Video Group Test Sequences http://ultravideo.cs. tut.fi/</note>
			<note xmlns="http://www.tei-c.org/ns/1.0" place="foot" n="3">It should be noted our results outperform all other algorithms in accuracy on the larger BSD datasets. However, the use of Set14 on a single CPU core is selected here in order to allow a straight-forward comparison with results from previous published results<ref type="bibr" target="#b30">[31,</ref><ref type="bibr" target="#b5">6]</ref>.</note>
		</body>
		<back>
			<div type="references">

				<listBibl>

<biblStruct xml:id="b0">
	<analytic>
		<title level="a" type="main">Super-Resolution from Image Sequences -A Review</title>
		<author>
			<persName xmlns="http://www.tei-c.org/ns/1.0"><forename type="first">S</forename><surname>Borman</surname></persName>
		</author>
		<author>
			<persName xmlns="http://www.tei-c.org/ns/1.0"><forename type="first">R</forename><forename type="middle">L</forename><surname>Stevenson</surname></persName>
		</author>
	</analytic>
	<monogr>
		<title level="m">Midwest Symposium on Circuits and Systems</title>
		<imprint>
			<date type="published" when="1998" />
			<biblScope unit="page" from="374" to="378" />
		</imprint>
	</monogr>
</biblStruct>

<biblStruct xml:id="b1">
	<analytic>
		<title level="a" type="main">Super-resolution through neighbor embedding</title>
		<author>
			<persName xmlns="http://www.tei-c.org/ns/1.0"><forename type="first">H</forename><surname>Chang</surname></persName>
		</author>
		<author>
			<persName xmlns="http://www.tei-c.org/ns/1.0"><forename type="first">D.-Y</forename><surname>Yeung</surname></persName>
		</author>
		<author>
			<persName xmlns="http://www.tei-c.org/ns/1.0"><forename type="first">Y</forename><surname>Xiong</surname></persName>
		</author>
	</analytic>
	<monogr>
		<title level="m">IEEE Computer Society Conference on Computer Vision and Pattern Recognition (CVPR)</title>
		<editor>I-I. IEEE</editor>
		<imprint>
			<date type="published" when="2004" />
			<biblScope unit="volume">1</biblScope>
			<biblScope unit="page">7</biblScope>
		</imprint>
	</monogr>
</biblStruct>

<biblStruct xml:id="b2">
	<monogr>
		<title level="m" type="main">Trainable nonlinear reaction diffusion: A flexible framework for fast and effective image restoration</title>
		<author>
			<persName xmlns="http://www.tei-c.org/ns/1.0"><forename type="first">Y</forename><surname>Chen</surname></persName>
		</author>
		<author>
			<persName xmlns="http://www.tei-c.org/ns/1.0"><forename type="first">T</forename><surname>Pock</surname></persName>
		</author>
		<idno type="arXiv">arXiv:1508.02848</idno>
		<imprint>
			<date type="published" when="2006" />
			<biblScope unit="volume">7</biblScope>
		</imprint>
	</monogr>
	<note type="report_type">arXiv preprint</note>
</biblStruct>

<biblStruct xml:id="b3">
	<analytic>
		<title level="a" type="main">Deep network cascade for image super-resolution</title>
		<author>
			<persName xmlns="http://www.tei-c.org/ns/1.0"><forename type="first">Z</forename><surname>Cui</surname></persName>
		</author>
		<author>
			<persName xmlns="http://www.tei-c.org/ns/1.0"><forename type="first">H</forename><surname>Chang</surname></persName>
		</author>
		<author>
			<persName xmlns="http://www.tei-c.org/ns/1.0"><forename type="first">S</forename><surname>Shan</surname></persName>
		</author>
		<author>
			<persName xmlns="http://www.tei-c.org/ns/1.0"><forename type="first">B</forename><surname>Zhong</surname></persName>
		</author>
		<author>
			<persName xmlns="http://www.tei-c.org/ns/1.0"><forename type="first">X</forename><surname>Chen</surname></persName>
		</author>
	</analytic>
	<monogr>
		<title level="m">European Conference on Computer Vision (ECCV)</title>
		<imprint>
			<publisher>Springer</publisher>
			<date type="published" when="2014" />
			<biblScope unit="page" from="49" to="64" />
		</imprint>
	</monogr>
</biblStruct>

<biblStruct xml:id="b4">
	<analytic>
		<title level="a" type="main">Jointly optimized regressors for image super-resolution</title>
		<author>
			<persName xmlns="http://www.tei-c.org/ns/1.0"><forename type="first">D</forename><surname>Dai</surname></persName>
		</author>
		<author>
			<persName xmlns="http://www.tei-c.org/ns/1.0"><forename type="first">R</forename><surname>Timofte</surname></persName>
		</author>
		<author>
			<persName xmlns="http://www.tei-c.org/ns/1.0"><forename type="first">L</forename><surname>Van Gool</surname></persName>
		</author>
	</analytic>
	<monogr>
		<title level="m">Eurographics</title>
		<imprint>
			<date type="published" when="2015" />
			<biblScope unit="volume">7</biblScope>
			<biblScope unit="page">4</biblScope>
		</imprint>
	</monogr>
</biblStruct>

<biblStruct xml:id="b5">
	<analytic>
		<title level="a" type="main">Learning a deep convolutional network for image super-resolution</title>
		<author>
			<persName xmlns="http://www.tei-c.org/ns/1.0"><forename type="first">C</forename><surname>Dong</surname></persName>
		</author>
		<author>
			<persName xmlns="http://www.tei-c.org/ns/1.0"><forename type="first">C</forename><forename type="middle">C</forename><surname>Loy</surname></persName>
		</author>
		<author>
			<persName xmlns="http://www.tei-c.org/ns/1.0"><forename type="first">K</forename><surname>He</surname></persName>
		</author>
		<author>
			<persName xmlns="http://www.tei-c.org/ns/1.0"><forename type="first">X</forename><surname>Tang</surname></persName>
		</author>
	</analytic>
	<monogr>
		<title level="m">European Conference on Computer Vision (ECCV)</title>
		<imprint>
			<publisher>Springer</publisher>
			<date type="published" when="2014" />
			<biblScope unit="volume">6</biblScope>
			<biblScope unit="page">7</biblScope>
		</imprint>
	</monogr>
</biblStruct>

<biblStruct xml:id="b6">
	<analytic>
		<title level="a" type="main">Image super-resolution using deep convolutional networks</title>
		<author>
			<persName xmlns="http://www.tei-c.org/ns/1.0"><forename type="first">C</forename><surname>Dong</surname></persName>
		</author>
		<author>
			<persName xmlns="http://www.tei-c.org/ns/1.0"><forename type="first">C</forename><forename type="middle">C</forename><surname>Loy</surname></persName>
		</author>
		<author>
			<persName xmlns="http://www.tei-c.org/ns/1.0"><forename type="first">K</forename><surname>He</surname></persName>
		</author>
		<author>
			<persName xmlns="http://www.tei-c.org/ns/1.0"><forename type="first">X</forename><surname>Tang</surname></persName>
		</author>
	</analytic>
	<monogr>
		<title level="m">IEEE Transactions on Pattern Analysis and Machine Intelligence (TPAMI)</title>
		<imprint>
			<date type="published" when="2006" />
			<biblScope unit="volume">7</biblScope>
		</imprint>
	</monogr>
</biblStruct>

<biblStruct xml:id="b7">
	<analytic>
		<title level="a" type="main">Image deblurring and superresolution by adaptive sparse domain selection and adaptive regularization</title>
		<author>
			<persName xmlns="http://www.tei-c.org/ns/1.0"><forename type="first">W</forename><surname>Dong</surname></persName>
		</author>
		<author>
			<persName xmlns="http://www.tei-c.org/ns/1.0"><forename type="first">L</forename><surname>Zhang</surname></persName>
		</author>
		<author>
			<persName xmlns="http://www.tei-c.org/ns/1.0"><forename type="first">G</forename><surname>Shi</surname></persName>
		</author>
		<author>
			<persName xmlns="http://www.tei-c.org/ns/1.0"><forename type="first">X</forename><surname>Wu</surname></persName>
		</author>
	</analytic>
	<monogr>
		<title level="j">IEEE Transactions on Image Processing</title>
		<imprint>
			<biblScope unit="volume">20</biblScope>
			<biblScope unit="issue">7</biblScope>
			<biblScope unit="page" from="1838" to="1857" />
			<date type="published" when="2011" />
		</imprint>
	</monogr>
</biblStruct>

<biblStruct xml:id="b8">
	<analytic>
		<title level="a" type="main">Accurate blur models vs. image priors in single image super-resolution</title>
		<author>
			<persName xmlns="http://www.tei-c.org/ns/1.0"><forename type="first">N</forename><surname>Efrat</surname></persName>
		</author>
		<author>
			<persName xmlns="http://www.tei-c.org/ns/1.0"><forename type="first">D</forename><surname>Glasner</surname></persName>
		</author>
		<author>
			<persName xmlns="http://www.tei-c.org/ns/1.0"><forename type="first">A</forename><surname>Apartsin</surname></persName>
		</author>
		<author>
			<persName xmlns="http://www.tei-c.org/ns/1.0"><forename type="first">B</forename><surname>Nadler</surname></persName>
		</author>
		<author>
			<persName xmlns="http://www.tei-c.org/ns/1.0"><forename type="first">A</forename><surname>Levin</surname></persName>
		</author>
	</analytic>
	<monogr>
		<title level="m">IEEE International Conference on Computer Vision (ICCV)</title>
		<imprint>
			<date type="published" when="2013" />
			<biblScope unit="page" from="2832" to="2839" />
		</imprint>
	</monogr>
</biblStruct>

<biblStruct xml:id="b9">
	<monogr>
		<title level="m" type="main">Sparse and Redundant Representations: From Theory to Applications in Signal and Image Processing</title>
		<author>
			<persName xmlns="http://www.tei-c.org/ns/1.0"><forename type="first">M</forename><surname>Elad</surname></persName>
		</author>
		<imprint>
			<date type="published" when="2010" />
			<publisher>Springer Publishing Company</publisher>
		</imprint>
	</monogr>
	<note>Incorporated, 1st edition</note>
</biblStruct>

<biblStruct xml:id="b10">
	<analytic>
		<title level="a" type="main">Fast and robust multiframe super resolution</title>
		<author>
			<persName xmlns="http://www.tei-c.org/ns/1.0"><forename type="first">S</forename><surname>Farsiu</surname></persName>
		</author>
		<author>
			<persName xmlns="http://www.tei-c.org/ns/1.0"><forename type="first">M</forename><forename type="middle">D</forename><surname>Robinson</surname></persName>
		</author>
		<author>
			<persName xmlns="http://www.tei-c.org/ns/1.0"><forename type="first">M</forename><surname>Elad</surname></persName>
		</author>
		<author>
			<persName xmlns="http://www.tei-c.org/ns/1.0"><forename type="first">P</forename><surname>Milanfar</surname></persName>
		</author>
	</analytic>
	<monogr>
		<title level="j">IEEE Transactions on Image Processing</title>
		<imprint>
			<biblScope unit="volume">13</biblScope>
			<biblScope unit="issue">10</biblScope>
			<biblScope unit="page" from="1327" to="1344" />
			<date type="published" when="2004" />
		</imprint>
	</monogr>
</biblStruct>

<biblStruct xml:id="b11">
	<analytic>
		<title level="a" type="main">Super-resolution via transforminvariant group-sparse regularization</title>
		<author>
			<persName xmlns="http://www.tei-c.org/ns/1.0"><forename type="first">C</forename><surname>Fernandez-Granda</surname></persName>
		</author>
		<author>
			<persName xmlns="http://www.tei-c.org/ns/1.0"><forename type="first">E</forename><surname>Candes</surname></persName>
		</author>
	</analytic>
	<monogr>
		<title level="m">IEEE International Conference on Computer Vision (ICCV)</title>
		<imprint>
			<date type="published" when="2013" />
			<biblScope unit="page" from="3336" to="3343" />
		</imprint>
	</monogr>
</biblStruct>

<biblStruct xml:id="b12">
	<analytic>
		<title level="a" type="main">Image super-resolution with sparse neighbor embedding</title>
		<author>
			<persName xmlns="http://www.tei-c.org/ns/1.0"><forename type="first">X</forename><surname>Gao</surname></persName>
		</author>
		<author>
			<persName xmlns="http://www.tei-c.org/ns/1.0"><forename type="first">K</forename><surname>Zhang</surname></persName>
		</author>
		<author>
			<persName xmlns="http://www.tei-c.org/ns/1.0"><forename type="first">D</forename><surname>Tao</surname></persName>
		</author>
		<author>
			<persName xmlns="http://www.tei-c.org/ns/1.0"><forename type="first">X</forename><surname>Li</surname></persName>
		</author>
	</analytic>
	<monogr>
		<title level="j">IEEE Transactions on Image Processing</title>
		<imprint>
			<biblScope unit="volume">21</biblScope>
			<biblScope unit="issue">7</biblScope>
			<biblScope unit="page" from="3194" to="3205" />
			<date type="published" when="2012" />
		</imprint>
	</monogr>
</biblStruct>

<biblStruct xml:id="b13">
	<analytic>
		<title level="a" type="main">Super-resolution from a single image</title>
		<author>
			<persName xmlns="http://www.tei-c.org/ns/1.0"><forename type="first">D</forename><surname>Glasner</surname></persName>
		</author>
		<author>
			<persName xmlns="http://www.tei-c.org/ns/1.0"><forename type="first">S</forename><surname>Bagon</surname></persName>
		</author>
		<author>
			<persName xmlns="http://www.tei-c.org/ns/1.0"><forename type="first">M</forename><surname>Irani</surname></persName>
		</author>
	</analytic>
	<monogr>
		<title level="m">International Conference on Computer Vision (ICCV)</title>
		<imprint>
			<date type="published" when="2009" />
			<biblScope unit="page" from="349" to="356" />
		</imprint>
	</monogr>
</biblStruct>

<biblStruct xml:id="b14">
	<analytic>
		<title level="a" type="main">Super-resolution System for 4K-HDTV</title>
		<author>
			<persName xmlns="http://www.tei-c.org/ns/1.0"><forename type="first">T</forename><surname>Goto</surname></persName>
		</author>
		<author>
			<persName xmlns="http://www.tei-c.org/ns/1.0"><forename type="first">T</forename><surname>Fukuoka</surname></persName>
		</author>
		<author>
			<persName xmlns="http://www.tei-c.org/ns/1.0"><forename type="first">F</forename><surname>Nagashima</surname></persName>
		</author>
		<author>
			<persName xmlns="http://www.tei-c.org/ns/1.0"><forename type="first">S</forename><surname>Hirano</surname></persName>
		</author>
		<author>
			<persName xmlns="http://www.tei-c.org/ns/1.0"><forename type="first">M</forename><surname>Sakurai</surname></persName>
		</author>
	</analytic>
	<monogr>
		<title level="m">22nd International Conference on Pattern Recognition</title>
		<imprint>
			<date type="published" when="2014" />
			<biblScope unit="page" from="4453" to="4458" />
		</imprint>
	</monogr>
</biblStruct>

<biblStruct xml:id="b15">
	<analytic>
		<title level="a" type="main">Learning fast approximations of sparse coding</title>
		<author>
			<persName xmlns="http://www.tei-c.org/ns/1.0"><forename type="first">K</forename><surname>Gregor</surname></persName>
		</author>
		<author>
			<persName xmlns="http://www.tei-c.org/ns/1.0"><forename type="first">Y</forename><surname>Lecun</surname></persName>
		</author>
	</analytic>
	<monogr>
		<title level="m">Proceedings of the 27th International Conference on Machine Learning (ICML-10)</title>
		<meeting>the 27th International Conference on Machine Learning (ICML-10)</meeting>
		<imprint>
			<date type="published" when="2010" />
			<biblScope unit="page" from="399" to="406" />
		</imprint>
	</monogr>
</biblStruct>

<biblStruct xml:id="b16">
	<analytic>
		<title level="a" type="main">Eigenface-domain super-resolution for face recognition</title>
		<author>
			<persName xmlns="http://www.tei-c.org/ns/1.0"><forename type="first">B</forename><forename type="middle">K</forename><surname>Gunturk</surname></persName>
		</author>
		<author>
			<persName xmlns="http://www.tei-c.org/ns/1.0"><forename type="first">A</forename><forename type="middle">U</forename><surname>Batur</surname></persName>
		</author>
		<author>
			<persName xmlns="http://www.tei-c.org/ns/1.0"><forename type="first">Y</forename><surname>Altunbasak</surname></persName>
		</author>
		<author>
			<persName xmlns="http://www.tei-c.org/ns/1.0"><forename type="first">M</forename><forename type="middle">H</forename><surname>Hayes</surname></persName>
		</author>
		<author>
			<persName xmlns="http://www.tei-c.org/ns/1.0"><forename type="first">R</forename><forename type="middle">M</forename><surname>Mersereau</surname></persName>
		</author>
	</analytic>
	<monogr>
		<title level="j">IEEE Transactions on Image Processing</title>
		<imprint>
			<biblScope unit="volume">12</biblScope>
			<biblScope unit="issue">5</biblScope>
			<biblScope unit="page" from="597" to="606" />
			<date type="published" when="2003" />
		</imprint>
	</monogr>
</biblStruct>

<biblStruct xml:id="b17">
	<analytic>
		<title level="a" type="main">Single image super-resolution using gaussian process regression</title>
		<author>
			<persName xmlns="http://www.tei-c.org/ns/1.0"><forename type="first">H</forename><surname>He</surname></persName>
		</author>
		<author>
			<persName xmlns="http://www.tei-c.org/ns/1.0"><forename type="first">W.-C</forename><surname>Siu</surname></persName>
		</author>
	</analytic>
	<monogr>
		<title level="m">IEEE Conference on Computer Vision and Pattern Recognition (CVPR)</title>
		<imprint>
			<date type="published" when="2011" />
			<biblScope unit="page" from="449" to="456" />
		</imprint>
	</monogr>
</biblStruct>

<biblStruct xml:id="b18">
	<analytic>
		<title level="a" type="main">3D convolutional neural networks for human action recognition</title>
		<author>
			<persName xmlns="http://www.tei-c.org/ns/1.0"><forename type="first">S</forename><surname>Ji</surname></persName>
		</author>
		<author>
			<persName xmlns="http://www.tei-c.org/ns/1.0"><forename type="first">M</forename><surname>Yang</surname></persName>
		</author>
		<author>
			<persName xmlns="http://www.tei-c.org/ns/1.0"><forename type="first">K</forename><surname>Yu</surname></persName>
		</author>
		<author>
			<persName xmlns="http://www.tei-c.org/ns/1.0"><forename type="first">W</forename><surname>Xu</surname></persName>
		</author>
	</analytic>
	<monogr>
		<title level="m">IEEE transactions on pattern analysis and machine intelligence</title>
		<imprint>
			<date type="published" when="2013" />
			<biblScope unit="volume">35</biblScope>
			<biblScope unit="page" from="221" to="252" />
		</imprint>
	</monogr>
</biblStruct>

<biblStruct xml:id="b19">
	<analytic>
		<title level="a" type="main">Complex wavelets for shift invariant analysis and filtering of signals</title>
		<author>
			<persName xmlns="http://www.tei-c.org/ns/1.0"><forename type="first">N</forename><surname>Kingsbury</surname></persName>
		</author>
	</analytic>
	<monogr>
		<title level="j">Applied and computational harmonic analysis</title>
		<imprint>
			<biblScope unit="volume">10</biblScope>
			<biblScope unit="issue">3</biblScope>
			<biblScope unit="page" from="234" to="253" />
			<date type="published" when="2001" />
		</imprint>
	</monogr>
</biblStruct>

<biblStruct xml:id="b20">
	<analytic>
		<title level="a" type="main">Imagenet classification with deep convolutional neural networks</title>
		<author>
			<persName xmlns="http://www.tei-c.org/ns/1.0"><forename type="first">A</forename><surname>Krizhevsky</surname></persName>
		</author>
		<author>
			<persName xmlns="http://www.tei-c.org/ns/1.0"><forename type="first">I</forename><surname>Sutskever</surname></persName>
		</author>
		<author>
			<persName xmlns="http://www.tei-c.org/ns/1.0"><forename type="first">G</forename><forename type="middle">E</forename><surname>Hinton</surname></persName>
		</author>
	</analytic>
	<monogr>
		<title level="m">Advances in neural information processing systems</title>
		<imprint>
			<date type="published" when="2012" />
			<biblScope unit="volume">2</biblScope>
			<biblScope unit="page">3</biblScope>
		</imprint>
	</monogr>
</biblStruct>

<biblStruct xml:id="b21">
	<analytic>
		<title level="a" type="main">Handwritten digit recognition with a backpropagation network</title>
		<author>
			<persName xmlns="http://www.tei-c.org/ns/1.0"><forename type="first">B</forename><forename type="middle">B</forename><surname>Le Cun</surname></persName>
		</author>
		<author>
			<persName xmlns="http://www.tei-c.org/ns/1.0"><forename type="first">J</forename><forename type="middle">S</forename><surname>Denker</surname></persName>
		</author>
		<author>
			<persName xmlns="http://www.tei-c.org/ns/1.0"><forename type="first">D</forename><surname>Henderson</surname></persName>
		</author>
		<author>
			<persName xmlns="http://www.tei-c.org/ns/1.0"><forename type="first">R</forename><forename type="middle">E</forename><surname>Howard</surname></persName>
		</author>
		<author>
			<persName xmlns="http://www.tei-c.org/ns/1.0"><forename type="first">W</forename><surname>Hubbard</surname></persName>
		</author>
		<author>
			<persName xmlns="http://www.tei-c.org/ns/1.0"><forename type="first">L</forename><forename type="middle">D</forename></persName>
		</author>
	</analytic>
	<monogr>
		<title level="m">Advances in neural information processing systems</title>
		<imprint>
			<date type="published" when="1990" />
		</imprint>
	</monogr>
</biblStruct>

<biblStruct xml:id="b22">
	<analytic>
		<title level="a" type="main">A bayesian approach to adaptive video super resolution</title>
		<author>
			<persName xmlns="http://www.tei-c.org/ns/1.0"><forename type="first">C</forename><surname>Liu</surname></persName>
		</author>
		<author>
			<persName xmlns="http://www.tei-c.org/ns/1.0"><forename type="first">D</forename><surname>Sun</surname></persName>
		</author>
	</analytic>
	<monogr>
		<title level="m">IEEE Conference on Computer Vision and Pattern Recognition (CVPR)</title>
		<imprint>
			<publisher>IEEE</publisher>
			<date type="published" when="2011" />
			<biblScope unit="volume">4</biblScope>
			<biblScope unit="page" from="209" to="216" />
		</imprint>
	</monogr>
</biblStruct>

<biblStruct xml:id="b23">
	<monogr>
		<title level="m" type="main">Fully convolutional networks for semantic segmentation</title>
		<author>
			<persName xmlns="http://www.tei-c.org/ns/1.0"><forename type="first">J</forename><surname>Long</surname></persName>
		</author>
		<author>
			<persName xmlns="http://www.tei-c.org/ns/1.0"><forename type="first">E</forename><surname>Shelhamer</surname></persName>
		</author>
		<author>
			<persName xmlns="http://www.tei-c.org/ns/1.0"><forename type="first">T</forename><surname>Darrell</surname></persName>
		</author>
		<idno type="arXiv">arXiv:1411.4038</idno>
		<imprint>
			<date type="published" when="2014" />
			<biblScope unit="volume">3</biblScope>
			<biblScope unit="page">4</biblScope>
		</imprint>
	</monogr>
	<note type="report_type">arXiv preprint</note>
</biblStruct>

<biblStruct xml:id="b24">
	<monogr>
		<title level="m" type="main">A Wavelet Tour of Signal Processing, Third Edition: The Sparse Way</title>
		<author>
			<persName xmlns="http://www.tei-c.org/ns/1.0"><forename type="first">S</forename><surname>Mallat</surname></persName>
		</author>
		<imprint>
			<date type="published" when="2008" />
			<publisher>Academic Press</publisher>
		</imprint>
	</monogr>
	<note>3rd edition</note>
</biblStruct>

<biblStruct xml:id="b25">
	<analytic>
		<title level="a" type="main">A database of human segmented natural images and its application to evaluating segmentation algorithms and measuring ecological statistics</title>
		<author>
			<persName xmlns="http://www.tei-c.org/ns/1.0"><forename type="first">D</forename><surname>Martin</surname></persName>
		</author>
		<author>
			<persName xmlns="http://www.tei-c.org/ns/1.0"><forename type="first">C</forename><surname>Fowlkes</surname></persName>
		</author>
		<author>
			<persName xmlns="http://www.tei-c.org/ns/1.0"><forename type="first">D</forename><surname>Tal</surname></persName>
		</author>
		<author>
			<persName xmlns="http://www.tei-c.org/ns/1.0"><forename type="first">J</forename><surname>Malik</surname></persName>
		</author>
	</analytic>
	<monogr>
		<title level="m">Proc. 8th Int&apos;l Conf. Computer Vision</title>
		<meeting>8th Int&apos;l Conf. Computer Vision</meeting>
		<imprint>
			<date type="published" when="2001-07" />
			<biblScope unit="volume">2</biblScope>
			<biblScope unit="page" from="416" to="423" />
		</imprint>
	</monogr>
</biblStruct>

<biblStruct xml:id="b26">
	<analytic>
		<title level="a" type="main">Image superresolution with fast approximate convolutional sparse coding</title>
		<author>
			<persName xmlns="http://www.tei-c.org/ns/1.0"><forename type="first">C</forename><surname>Osendorfer</surname></persName>
		</author>
		<author>
			<persName xmlns="http://www.tei-c.org/ns/1.0"><forename type="first">H</forename><surname>Soyer</surname></persName>
		</author>
		<author>
			<persName xmlns="http://www.tei-c.org/ns/1.0"><forename type="first">P</forename><surname>Van Der</surname></persName>
		</author>
		<author>
			<persName xmlns="http://www.tei-c.org/ns/1.0"><surname>Smagt</surname></persName>
		</author>
	</analytic>
	<monogr>
		<title level="m">Neural Information Processing</title>
		<imprint>
			<publisher>Springer</publisher>
			<date type="published" when="2014" />
			<biblScope unit="volume">2</biblScope>
			<biblScope unit="page">4</biblScope>
		</imprint>
	</monogr>
</biblStruct>

<biblStruct xml:id="b27">
	<monogr>
		<title level="m" type="main">Superresolution in MRI: application to human white matter fiber tract visualization by diffusion tensor imaging. Magnetic resonance in medicine : official journal of the Society of Magnetic Resonance in Medicine / Society of Magnetic Resonance in Medicine</title>
		<author>
			<persName xmlns="http://www.tei-c.org/ns/1.0"><forename type="first">S</forename><surname>Peled</surname></persName>
		</author>
		<author>
			<persName xmlns="http://www.tei-c.org/ns/1.0"><forename type="first">Y</forename><surname>Yeshurun</surname></persName>
		</author>
		<imprint>
			<date type="published" when="2001" />
			<biblScope unit="volume">45</biblScope>
			<biblScope unit="page" from="29" to="35" />
		</imprint>
	</monogr>
</biblStruct>

<biblStruct xml:id="b28">
	<analytic>
		<title level="a" type="main">Efficient learning of sparse representations with an energy-based model</title>
		<author>
			<persName xmlns="http://www.tei-c.org/ns/1.0"><forename type="first">C</forename><surname>Poultney</surname></persName>
		</author>
		<author>
			<persName xmlns="http://www.tei-c.org/ns/1.0"><forename type="first">S</forename><surname>Chopra</surname></persName>
		</author>
		<author>
			<persName xmlns="http://www.tei-c.org/ns/1.0"><forename type="first">Y</forename><forename type="middle">L</forename><surname>Cun</surname></persName>
		</author>
	</analytic>
	<monogr>
		<title level="m">Advances in neural information processing systems</title>
		<imprint>
			<date type="published" when="2006" />
			<biblScope unit="page" from="1137" to="1144" />
		</imprint>
	</monogr>
</biblStruct>

<biblStruct xml:id="b29">
	<analytic>
		<title level="a" type="main">Imagenet large scale visual recognition challenge</title>
		<author>
			<persName xmlns="http://www.tei-c.org/ns/1.0"><forename type="first">O</forename><surname>Russakovsky</surname></persName>
		</author>
		<author>
			<persName xmlns="http://www.tei-c.org/ns/1.0"><forename type="first">J</forename><surname>Deng</surname></persName>
		</author>
		<author>
			<persName xmlns="http://www.tei-c.org/ns/1.0"><forename type="first">H</forename><surname>Su</surname></persName>
		</author>
		<author>
			<persName xmlns="http://www.tei-c.org/ns/1.0"><forename type="first">J</forename><surname>Krause</surname></persName>
		</author>
		<author>
			<persName xmlns="http://www.tei-c.org/ns/1.0"><forename type="first">S</forename><surname>Satheesh</surname></persName>
		</author>
		<author>
			<persName xmlns="http://www.tei-c.org/ns/1.0"><forename type="first">S</forename><surname>Ma</surname></persName>
		</author>
		<author>
			<persName xmlns="http://www.tei-c.org/ns/1.0"><forename type="first">Z</forename><surname>Huang</surname></persName>
		</author>
		<author>
			<persName xmlns="http://www.tei-c.org/ns/1.0"><forename type="first">A</forename><surname>Karpathy</surname></persName>
		</author>
		<author>
			<persName xmlns="http://www.tei-c.org/ns/1.0"><forename type="first">A</forename><surname>Khosla</surname></persName>
		</author>
		<author>
			<persName xmlns="http://www.tei-c.org/ns/1.0"><forename type="first">M</forename><surname>Bernstein</surname></persName>
		</author>
	</analytic>
	<monogr>
		<title level="j">International Journal of Computer Vision</title>
		<imprint>
			<biblScope unit="page">6</biblScope>
			<date type="published" when="2004" />
		</imprint>
	</monogr>
</biblStruct>

<biblStruct xml:id="b30">
	<analytic>
		<title level="a" type="main">Fast and accurate image upscaling with super-resolution forests</title>
		<author>
			<persName xmlns="http://www.tei-c.org/ns/1.0"><forename type="first">S</forename><surname>Schulter</surname></persName>
		</author>
		<author>
			<persName xmlns="http://www.tei-c.org/ns/1.0"><forename type="first">C</forename><surname>Leistner</surname></persName>
		</author>
		<author>
			<persName xmlns="http://www.tei-c.org/ns/1.0"><forename type="first">H</forename><surname>Bischof</surname></persName>
		</author>
	</analytic>
	<monogr>
		<title level="m">IEEE Conference on Computer Vision and Pattern Recognition (CVPR)</title>
		<imprint>
			<date type="published" when="2004" />
			<biblScope unit="volume">6</biblScope>
			<biblScope unit="page">7</biblScope>
		</imprint>
	</monogr>
</biblStruct>

<biblStruct xml:id="b31">
	<analytic>
		<title level="a" type="main">Space-time super-resolution from a single video</title>
		<author>
			<persName xmlns="http://www.tei-c.org/ns/1.0"><forename type="first">O</forename><surname>Shahar</surname></persName>
		</author>
		<author>
			<persName xmlns="http://www.tei-c.org/ns/1.0"><forename type="first">A</forename><surname>Faktor</surname></persName>
		</author>
		<author>
			<persName xmlns="http://www.tei-c.org/ns/1.0"><forename type="first">M</forename><surname>Irani</surname></persName>
		</author>
	</analytic>
	<monogr>
		<title level="m">IEEE Conference on Computer Vision and Pattern Recognition (CVPR)</title>
		<imprint>
			<publisher>IEEE</publisher>
			<date type="published" when="2011" />
			<biblScope unit="page" from="3353" to="3360" />
		</imprint>
	</monogr>
</biblStruct>

<biblStruct xml:id="b32">
	<analytic>
		<title level="a" type="main">Cardiac image super-resolution with global correspondence using multi-atlas patchmatch</title>
		<author>
			<persName xmlns="http://www.tei-c.org/ns/1.0"><forename type="first">W</forename><surname>Shi</surname></persName>
		</author>
		<author>
			<persName xmlns="http://www.tei-c.org/ns/1.0"><forename type="first">J</forename><surname>Caballero</surname></persName>
		</author>
		<author>
			<persName xmlns="http://www.tei-c.org/ns/1.0"><forename type="first">C</forename><surname>Ledig</surname></persName>
		</author>
		<author>
			<persName xmlns="http://www.tei-c.org/ns/1.0"><forename type="first">X</forename><surname>Zhuang</surname></persName>
		</author>
		<author>
			<persName xmlns="http://www.tei-c.org/ns/1.0"><forename type="first">W</forename><surname>Bai</surname></persName>
		</author>
		<author>
			<persName xmlns="http://www.tei-c.org/ns/1.0"><forename type="first">K</forename><surname>Bhatia</surname></persName>
		</author>
		<author>
			<persName xmlns="http://www.tei-c.org/ns/1.0"><forename type="first">A</forename><surname>Marvao</surname></persName>
		</author>
		<author>
			<persName xmlns="http://www.tei-c.org/ns/1.0"><forename type="first">T</forename><surname>Dawes</surname></persName>
		</author>
		<author>
			<persName xmlns="http://www.tei-c.org/ns/1.0"><forename type="first">D</forename><surname>Oregan</surname></persName>
		</author>
		<author>
			<persName xmlns="http://www.tei-c.org/ns/1.0"><forename type="first">D</forename><surname>Rueckert</surname></persName>
		</author>
	</analytic>
	<monogr>
		<title level="m">Medical Image Computing and Computer Assisted Intervention (MICCAI)</title>
		<editor>K. Mori, I. Sakuma, Y. Sato, C. Barillot, and N. Navab</editor>
		<imprint>
			<date type="published" when="2013" />
			<biblScope unit="volume">8151</biblScope>
			<biblScope unit="page" from="9" to="16" />
		</imprint>
	</monogr>
</biblStruct>

<biblStruct xml:id="b33">
	<monogr>
		<title level="m" type="main">Very deep convolutional networks for large-scale image recognition</title>
		<author>
			<persName xmlns="http://www.tei-c.org/ns/1.0"><forename type="first">K</forename><surname>Simonyan</surname></persName>
		</author>
		<author>
			<persName xmlns="http://www.tei-c.org/ns/1.0"><forename type="first">A</forename><surname>Zisserman</surname></persName>
		</author>
		<idno type="arXiv">arXiv:1409.1556</idno>
		<imprint>
			<date type="published" when="2014" />
		</imprint>
	</monogr>
	<note type="report_type">arXiv preprint</note>
</biblStruct>

<biblStruct xml:id="b34">
	<analytic>
		<title level="a" type="main">Gradient profile prior and its applications in image super-resolution and enhancement</title>
		<author>
			<persName xmlns="http://www.tei-c.org/ns/1.0"><forename type="first">J</forename><surname>Sun</surname></persName>
		</author>
		<author>
			<persName xmlns="http://www.tei-c.org/ns/1.0"><forename type="first">Z</forename><surname>Xu</surname></persName>
		</author>
		<author>
			<persName xmlns="http://www.tei-c.org/ns/1.0"><forename type="first">H.-Y</forename><surname>Shum</surname></persName>
		</author>
	</analytic>
	<monogr>
		<title level="j">IEEE Transactions on Image Processing</title>
		<imprint>
			<biblScope unit="volume">20</biblScope>
			<biblScope unit="issue">6</biblScope>
			<biblScope unit="page" from="1529" to="1542" />
			<date type="published" when="2011" />
		</imprint>
	</monogr>
</biblStruct>

<biblStruct xml:id="b35">
	<monogr>
		<title level="m" type="main">Going deeper with convolutions</title>
		<author>
			<persName xmlns="http://www.tei-c.org/ns/1.0"><forename type="first">C</forename><surname>Szegedy</surname></persName>
		</author>
		<author>
			<persName xmlns="http://www.tei-c.org/ns/1.0"><forename type="first">W</forename><surname>Liu</surname></persName>
		</author>
		<author>
			<persName xmlns="http://www.tei-c.org/ns/1.0"><forename type="first">Y</forename><surname>Jia</surname></persName>
		</author>
		<author>
			<persName xmlns="http://www.tei-c.org/ns/1.0"><forename type="first">P</forename><surname>Sermanet</surname></persName>
		</author>
		<author>
			<persName xmlns="http://www.tei-c.org/ns/1.0"><forename type="first">S</forename><surname>Reed</surname></persName>
		</author>
		<author>
			<persName xmlns="http://www.tei-c.org/ns/1.0"><forename type="first">D</forename><surname>Anguelov</surname></persName>
		</author>
		<author>
			<persName xmlns="http://www.tei-c.org/ns/1.0"><forename type="first">D</forename><surname>Erhan</surname></persName>
		</author>
		<author>
			<persName xmlns="http://www.tei-c.org/ns/1.0"><forename type="first">V</forename><surname>Vanhoucke</surname></persName>
		</author>
		<author>
			<persName xmlns="http://www.tei-c.org/ns/1.0"><forename type="first">A</forename><surname>Rabinovich</surname></persName>
		</author>
		<imprint>
			<date type="published" when="2015" />
			<biblScope unit="volume">2</biblScope>
			<biblScope unit="page">7</biblScope>
		</imprint>
	</monogr>
</biblStruct>

<biblStruct xml:id="b36">
	<analytic>
		<title level="a" type="main">Super-resolution without explicit subpixel motion estimation</title>
		<author>
			<persName xmlns="http://www.tei-c.org/ns/1.0"><forename type="first">H</forename><surname>Takeda</surname></persName>
		</author>
		<author>
			<persName xmlns="http://www.tei-c.org/ns/1.0"><forename type="first">P</forename><surname>Milanfar</surname></persName>
		</author>
		<author>
			<persName xmlns="http://www.tei-c.org/ns/1.0"><forename type="first">M</forename><surname>Protter</surname></persName>
		</author>
		<author>
			<persName xmlns="http://www.tei-c.org/ns/1.0"><forename type="first">M</forename><surname>Elad</surname></persName>
		</author>
	</analytic>
	<monogr>
		<title level="j">IEEE Transactions on Image Processing</title>
		<imprint>
			<biblScope unit="volume">18</biblScope>
			<biblScope unit="issue">9</biblScope>
			<biblScope unit="page" from="1958" to="1975" />
			<date type="published" when="2009" />
		</imprint>
	</monogr>
</biblStruct>

<biblStruct xml:id="b37">
	<analytic>
		<title level="a" type="main">Sub-pixel mapping of rural land cover objects from fine spatial resolution satellite sensor imagery using super-resolution pixel-swapping</title>
		<author>
			<persName xmlns="http://www.tei-c.org/ns/1.0"><forename type="first">M</forename><forename type="middle">W</forename><surname>Thornton</surname></persName>
		</author>
		<author>
			<persName xmlns="http://www.tei-c.org/ns/1.0"><forename type="first">P</forename><forename type="middle">M</forename><surname>Atkinson</surname></persName>
		</author>
		<author>
			<persName xmlns="http://www.tei-c.org/ns/1.0"><forename type="first">D</forename><forename type="middle">A</forename><surname>Holland</surname></persName>
		</author>
	</analytic>
	<monogr>
		<title level="j">International Journal of Remote Sensing</title>
		<imprint>
			<biblScope unit="volume">27</biblScope>
			<biblScope unit="issue">3</biblScope>
			<biblScope unit="page" from="473" to="491" />
			<date type="published" when="2006" />
		</imprint>
	</monogr>
</biblStruct>

<biblStruct xml:id="b38">
	<analytic>
		<title level="a" type="main">Anchored neighborhood regression for fast example-based super-resolution</title>
		<author>
			<persName xmlns="http://www.tei-c.org/ns/1.0"><forename type="first">R</forename><surname>Timofte</surname></persName>
		</author>
		<author>
			<persName xmlns="http://www.tei-c.org/ns/1.0"><forename type="first">V</forename><surname>De</surname></persName>
		</author>
		<author>
			<persName xmlns="http://www.tei-c.org/ns/1.0"><forename type="first">L</forename><surname>Van Gool</surname></persName>
		</author>
	</analytic>
	<monogr>
		<title level="m">IEEE International Conference on Computer Vision (ICCV)</title>
		<imprint>
			<publisher>IEEE</publisher>
			<date type="published" when="2013" />
			<biblScope unit="page" from="1920" to="1927" />
		</imprint>
	</monogr>
</biblStruct>

<biblStruct xml:id="b39">
	<analytic>
		<title level="a" type="main">A+: Adjusted anchored neighborhood regression for fast super-resolution</title>
		<author>
			<persName xmlns="http://www.tei-c.org/ns/1.0"><forename type="first">R</forename><surname>Timofte</surname></persName>
		</author>
		<author>
			<persName xmlns="http://www.tei-c.org/ns/1.0"><forename type="first">V</forename><forename type="middle">De</forename><surname>Smet</surname></persName>
		</author>
		<author>
			<persName xmlns="http://www.tei-c.org/ns/1.0"><forename type="first">L</forename><surname>Van Gool</surname></persName>
		</author>
	</analytic>
	<monogr>
		<title level="m">Asian Conference on Computer Vision (ACCV)</title>
		<imprint>
			<publisher>Springer</publisher>
			<date type="published" when="2004" />
			<biblScope unit="page">7</biblScope>
		</imprint>
	</monogr>
</biblStruct>

<biblStruct xml:id="b40">
	<monogr>
		<title level="m" type="main">Learning spatiotemporal features with 3d convolutional networks</title>
		<author>
			<persName xmlns="http://www.tei-c.org/ns/1.0"><forename type="first">D</forename><surname>Tran</surname></persName>
		</author>
		<author>
			<persName xmlns="http://www.tei-c.org/ns/1.0"><forename type="first">L</forename><surname>Bourdev</surname></persName>
		</author>
		<author>
			<persName xmlns="http://www.tei-c.org/ns/1.0"><forename type="first">R</forename><surname>Fergus</surname></persName>
		</author>
		<author>
			<persName xmlns="http://www.tei-c.org/ns/1.0"><forename type="first">L</forename><surname>Torresani</surname></persName>
		</author>
		<author>
			<persName xmlns="http://www.tei-c.org/ns/1.0"><forename type="first">M</forename><surname>Paluri</surname></persName>
		</author>
		<idno type="arXiv">arXiv:1412.0767</idno>
		<imprint>
			<date type="published" when="2015" />
		</imprint>
	</monogr>
	<note type="report_type">arXiv preprint</note>
</biblStruct>

<biblStruct xml:id="b41">
	<analytic>
		<title level="a" type="main">Rapid object detection using a boosted cascade of simple features</title>
		<author>
			<persName xmlns="http://www.tei-c.org/ns/1.0"><forename type="first">P</forename><surname>Viola</surname></persName>
		</author>
		<author>
			<persName xmlns="http://www.tei-c.org/ns/1.0"><forename type="first">M</forename><surname>Jones</surname></persName>
		</author>
	</analytic>
	<monogr>
		<title level="m">IEEE Conference on Computer Vision and Pattern Recognition (CVPR)</title>
		<imprint>
			<publisher>IEEE</publisher>
			<date type="published" when="2001" />
			<biblScope unit="volume">1</biblScope>
			<biblScope unit="page">511</biblScope>
		</imprint>
	</monogr>
</biblStruct>

<biblStruct xml:id="b42">
	<analytic>
		<title level="a" type="main">Semi-coupled dictionary learning with applications to image super-resolution and photosketch synthesis</title>
		<author>
			<persName xmlns="http://www.tei-c.org/ns/1.0"><forename type="first">S</forename><surname>Wang</surname></persName>
		</author>
		<author>
			<persName xmlns="http://www.tei-c.org/ns/1.0"><forename type="first">L</forename><surname>Zhang</surname></persName>
		</author>
		<author>
			<persName xmlns="http://www.tei-c.org/ns/1.0"><forename type="first">Y</forename><surname>Liang</surname></persName>
		</author>
		<author>
			<persName xmlns="http://www.tei-c.org/ns/1.0"><forename type="first">Q</forename><surname>Pan</surname></persName>
		</author>
	</analytic>
	<monogr>
		<title level="m">IEEE Conference on Computer Vision and Pattern Recognition (CVPR)</title>
		<imprint>
			<date type="published" when="2012" />
			<biblScope unit="page" from="2216" to="2223" />
		</imprint>
	</monogr>
</biblStruct>

<biblStruct xml:id="b43">
	<monogr>
		<title level="m" type="main">Deeply improved sparse coding for image super-resolution</title>
		<author>
			<persName xmlns="http://www.tei-c.org/ns/1.0"><forename type="first">Z</forename><surname>Wang</surname></persName>
		</author>
		<author>
			<persName xmlns="http://www.tei-c.org/ns/1.0"><forename type="first">D</forename><surname>Liu</surname></persName>
		</author>
		<author>
			<persName xmlns="http://www.tei-c.org/ns/1.0"><forename type="first">J</forename><surname>Yang</surname></persName>
		</author>
		<author>
			<persName xmlns="http://www.tei-c.org/ns/1.0"><forename type="first">W</forename><surname>Han</surname></persName>
		</author>
		<author>
			<persName xmlns="http://www.tei-c.org/ns/1.0"><forename type="first">T</forename><surname>Huang</surname></persName>
		</author>
		<idno type="arXiv">arXiv:1507.08905</idno>
		<imprint>
			<date type="published" when="2015" />
			<biblScope unit="volume">2</biblScope>
			<biblScope unit="page">4</biblScope>
		</imprint>
	</monogr>
	<note type="report_type">arXiv preprint</note>
</biblStruct>

<biblStruct xml:id="b44">
	<analytic>
		<title level="a" type="main">Single-image super-resolution: A benchmark</title>
		<author>
			<persName xmlns="http://www.tei-c.org/ns/1.0"><forename type="first">C.-Y</forename><surname>Yang</surname></persName>
		</author>
		<author>
			<persName xmlns="http://www.tei-c.org/ns/1.0"><forename type="first">C</forename><surname>Ma</surname></persName>
		</author>
		<author>
			<persName xmlns="http://www.tei-c.org/ns/1.0"><forename type="first">M.-H</forename><surname>Yang</surname></persName>
		</author>
	</analytic>
	<monogr>
		<title level="m">European Conference on Computer Vision (ECCV)</title>
		<imprint>
			<publisher>Springer</publisher>
			<date type="published" when="2014" />
			<biblScope unit="volume">1</biblScope>
			<biblScope unit="page" from="372" to="386" />
		</imprint>
	</monogr>
</biblStruct>

<biblStruct xml:id="b45">
	<analytic>
		<title level="a" type="main">Fast image super-resolution based on in-place example regression</title>
		<author>
			<persName xmlns="http://www.tei-c.org/ns/1.0"><forename type="first">J</forename><surname>Yang</surname></persName>
		</author>
		<author>
			<persName xmlns="http://www.tei-c.org/ns/1.0"><forename type="first">Z</forename><surname>Lin</surname></persName>
		</author>
		<author>
			<persName xmlns="http://www.tei-c.org/ns/1.0"><forename type="first">S</forename><surname>Cohen</surname></persName>
		</author>
	</analytic>
	<monogr>
		<title level="m">IEEE Conference on Computer Vision and Pattern Recognition (CVPR)</title>
		<imprint>
			<date type="published" when="2013" />
			<biblScope unit="page" from="1059" to="1066" />
		</imprint>
	</monogr>
</biblStruct>

<biblStruct xml:id="b46">
	<analytic>
		<title level="a" type="main">Image super-resolution via sparse representation</title>
		<author>
			<persName xmlns="http://www.tei-c.org/ns/1.0"><forename type="first">J</forename><surname>Yang</surname></persName>
		</author>
		<author>
			<persName xmlns="http://www.tei-c.org/ns/1.0"><forename type="first">J</forename><surname>Wright</surname></persName>
		</author>
		<author>
			<persName xmlns="http://www.tei-c.org/ns/1.0"><forename type="first">T</forename><surname>Huang</surname></persName>
		</author>
		<author>
			<persName xmlns="http://www.tei-c.org/ns/1.0"><forename type="first">Y</forename><surname>Ma</surname></persName>
		</author>
	</analytic>
	<monogr>
		<title level="j">IEEE Transactions on Image Processing</title>
		<imprint>
			<biblScope unit="volume">19</biblScope>
			<biblScope unit="issue">11</biblScope>
			<biblScope unit="page" from="2861" to="2873" />
			<date type="published" when="2010" />
		</imprint>
	</monogr>
</biblStruct>

<biblStruct xml:id="b47">
	<analytic>
		<title level="a" type="main">Iris recognition algorithm using modified log-gabor filters</title>
		<author>
			<persName xmlns="http://www.tei-c.org/ns/1.0"><forename type="first">P</forename><surname>Yao</surname></persName>
		</author>
		<author>
			<persName xmlns="http://www.tei-c.org/ns/1.0"><forename type="first">J</forename><surname>Li</surname></persName>
		</author>
		<author>
			<persName xmlns="http://www.tei-c.org/ns/1.0"><forename type="first">X</forename><surname>Ye</surname></persName>
		</author>
		<author>
			<persName xmlns="http://www.tei-c.org/ns/1.0"><forename type="first">Z</forename><surname>Zhuang</surname></persName>
		</author>
		<author>
			<persName xmlns="http://www.tei-c.org/ns/1.0"><forename type="first">B</forename><surname>Li</surname></persName>
		</author>
	</analytic>
	<monogr>
		<title level="m">Pattern Recognition, 2006. ICPR 2006. 18th International Conference on</title>
		<imprint>
			<publisher>IEEE</publisher>
			<date type="published" when="2006" />
			<biblScope unit="volume">4</biblScope>
			<biblScope unit="page" from="461" to="464" />
		</imprint>
	</monogr>
</biblStruct>

<biblStruct xml:id="b48">
	<analytic>
		<title level="a" type="main">Visualizing and understanding convolutional networks</title>
		<author>
			<persName xmlns="http://www.tei-c.org/ns/1.0"><forename type="first">M</forename><forename type="middle">D</forename><surname>Zeiler</surname></persName>
		</author>
		<author>
			<persName xmlns="http://www.tei-c.org/ns/1.0"><forename type="first">R</forename><surname>Fergus</surname></persName>
		</author>
	</analytic>
	<monogr>
		<title level="m">Computer Vision-ECCV 2014</title>
		<imprint>
			<publisher>Springer</publisher>
			<date type="published" when="2014" />
			<biblScope unit="volume">2</biblScope>
			<biblScope unit="page">4</biblScope>
		</imprint>
	</monogr>
</biblStruct>

<biblStruct xml:id="b49">
	<analytic>
		<title level="a" type="main">Adaptive deconvolutional networks for mid and high level feature learning</title>
		<author>
			<persName xmlns="http://www.tei-c.org/ns/1.0"><forename type="first">M</forename><forename type="middle">D</forename><surname>Zeiler</surname></persName>
		</author>
		<author>
			<persName xmlns="http://www.tei-c.org/ns/1.0"><forename type="first">G</forename><forename type="middle">W</forename><surname>Taylor</surname></persName>
		</author>
		<author>
			<persName xmlns="http://www.tei-c.org/ns/1.0"><forename type="first">R</forename><surname>Fergus</surname></persName>
		</author>
	</analytic>
	<monogr>
		<title level="m">IEEE International Conference on Computer Vision (ICCV)</title>
		<imprint>
			<publisher>IEEE</publisher>
			<date type="published" when="2011" />
			<biblScope unit="volume">3</biblScope>
			<biblScope unit="page" from="2018" to="2025" />
		</imprint>
	</monogr>
</biblStruct>

<biblStruct xml:id="b50">
	<analytic>
		<title level="a" type="main">On single image scale-up using sparse-representations</title>
		<author>
			<persName xmlns="http://www.tei-c.org/ns/1.0"><forename type="first">R</forename><surname>Zeyde</surname></persName>
		</author>
		<author>
			<persName xmlns="http://www.tei-c.org/ns/1.0"><forename type="first">M</forename><surname>Elad</surname></persName>
		</author>
		<author>
			<persName xmlns="http://www.tei-c.org/ns/1.0"><forename type="first">M</forename><surname>Protter</surname></persName>
		</author>
	</analytic>
	<monogr>
		<title level="m">Curves and Surfaces</title>
		<imprint>
			<publisher>Springer</publisher>
			<date type="published" when="2012" />
			<biblScope unit="page" from="711" to="730" />
		</imprint>
	</monogr>
</biblStruct>

<biblStruct xml:id="b51">
	<analytic>
		<title level="a" type="main">Multi-scale dictionary for single image super-resolution</title>
		<author>
			<persName xmlns="http://www.tei-c.org/ns/1.0"><forename type="first">K</forename><surname>Zhang</surname></persName>
		</author>
		<author>
			<persName xmlns="http://www.tei-c.org/ns/1.0"><forename type="first">X</forename><surname>Gao</surname></persName>
		</author>
		<author>
			<persName xmlns="http://www.tei-c.org/ns/1.0"><forename type="first">D</forename><surname>Tao</surname></persName>
		</author>
		<author>
			<persName xmlns="http://www.tei-c.org/ns/1.0"><forename type="first">X</forename><surname>Li</surname></persName>
		</author>
	</analytic>
	<monogr>
		<title level="m">IEEE Conference on Computer Vision and Pattern Recognition (CVPR)</title>
		<imprint>
			<date type="published" when="2012" />
			<biblScope unit="page" from="1114" to="1121" />
		</imprint>
	</monogr>
</biblStruct>

<biblStruct xml:id="b52">
	<analytic>
		<title level="a" type="main">A super-resolution reconstruction algorithm for surveillance images</title>
		<author>
			<persName xmlns="http://www.tei-c.org/ns/1.0"><forename type="first">L</forename><surname>Zhang</surname></persName>
		</author>
		<author>
			<persName xmlns="http://www.tei-c.org/ns/1.0"><forename type="first">H</forename><surname>Zhang</surname></persName>
		</author>
		<author>
			<persName xmlns="http://www.tei-c.org/ns/1.0"><forename type="first">H</forename><surname>Shen</surname></persName>
		</author>
		<author>
			<persName xmlns="http://www.tei-c.org/ns/1.0"><forename type="first">P</forename><surname>Li</surname></persName>
		</author>
	</analytic>
	<monogr>
		<title level="j">Signal Processing</title>
		<imprint>
			<biblScope unit="volume">90</biblScope>
			<biblScope unit="issue">3</biblScope>
			<biblScope unit="page">1</biblScope>
			<date type="published" when="2010" />
		</imprint>
	</monogr>
</biblStruct>

<biblStruct xml:id="b53">
	<analytic>
		<title level="a" type="main">Single image super-resolution using deformable patches</title>
		<author>
			<persName xmlns="http://www.tei-c.org/ns/1.0"><forename type="first">Y</forename><surname>Zhu</surname></persName>
		</author>
		<author>
			<persName xmlns="http://www.tei-c.org/ns/1.0"><forename type="first">Y</forename><surname>Zhang</surname></persName>
		</author>
		<author>
			<persName xmlns="http://www.tei-c.org/ns/1.0"><forename type="first">A</forename><forename type="middle">L</forename><surname>Yuille</surname></persName>
		</author>
	</analytic>
	<monogr>
		<title level="m">IEEE Conference on Computer Vision and Pattern Recognition (CVPR)</title>
		<imprint>
			<date type="published" when="2014" />
			<biblScope unit="page" from="2917" to="2924" />
		</imprint>
	</monogr>
</biblStruct>

				</listBibl>
			</div>
		</back>
	</text>
</TEI>
