<?xml version="1.0" encoding="UTF-8"?>
<TEI xml:space="preserve" xmlns="http://www.tei-c.org/ns/1.0" 
xmlns:xsi="http://www.w3.org/2001/XMLSchema-instance" 
xsi:schemaLocation="http://www.tei-c.org/ns/1.0 /mnt/c/Users/pc/Desktop/cs510_proj/grobid-0.5.6/grobid-home/schemas/xsd/Grobid.xsd"
 xmlns:xlink="http://www.w3.org/1999/xlink">
	<teiHeader xml:lang="en">
		<fileDesc>
			<titleStmt>
				<title level="a" type="main">Simultaneous Estimation of Near IR BRDF and Fine-Scale Surface Geometry</title>
			</titleStmt>
			<publicationStmt>
				<publisher/>
				<availability status="unknown"><licence/></availability>
			</publicationStmt>
			<sourceDesc>
				<biblStruct>
					<analytic>
						<author>
							<persName xmlns="http://www.tei-c.org/ns/1.0"><forename type="first">Gyeongmin</forename><surname>Choe</surname></persName>
							<email>gmchoe@rcv.kaist.ac.kr</email>
							<affiliation key="aff1">
								<orgName type="institution">Carnegie Mellon University (CMU)</orgName>
							</affiliation>
						</author>
						<author>
							<persName xmlns="http://www.tei-c.org/ns/1.0"><forename type="first">Srinivasa</forename><forename type="middle">G</forename><surname>Narasimhan</surname></persName>
							<email>srinivas@cs.cmu.edu</email>
						</author>
						<author>
							<persName xmlns="http://www.tei-c.org/ns/1.0"><forename type="first">In</forename><forename type="middle">So</forename><surname>Kweon</surname></persName>
							<email>iskweon77@kaist.ac.kr</email>
							<affiliation key="aff1">
								<orgName type="institution">Carnegie Mellon University (CMU)</orgName>
							</affiliation>
						</author>
						<author>
							<affiliation key="aff0">
								<orgName type="department">Korea Advanced Institute of Science and Technology (KAIST)</orgName>
							</affiliation>
						</author>
						<title level="a" type="main">Simultaneous Estimation of Near IR BRDF and Fine-Scale Surface Geometry</title>
					</analytic>
					<monogr>
						<imprint>
							<date/>
						</imprint>
					</monogr>
				</biblStruct>
			</sourceDesc>
		</fileDesc>

		<encodingDesc>
			<appInfo>
				<application version="0.5.6" ident="GROBID" when="2019-12-02T16:46+0000">
					<ref target="https://github.com/kermitt2/grobid">GROBID - A machine learning software for extracting information from scholarly documents</ref>
				</application>
			</appInfo>
		</encodingDesc>		<profileDesc>
			<abstract>
<div xmlns="http://www.tei-c.org/ns/1.0"><p>Near-Infrared (NIR) images of most materials exhibit less texture or albedo variations making them beneficial for vision tasks such as intrinsic image decomposition and structured light depth estimation. Understanding the reflectance properties (BRDF) of materials in the NIR wavelength range can be further useful for many photometric methods including shape from shading and inverse rendering. However, even with less albedo variation, many materials e.g. fabrics, leaves, etc. exhibit complex fine-scale surface detail making it hard to accurately estimate BRDF. In this paper, we present an approach to simultaneously estimate NIR BRDF and fine-scale surface details by imaging materials under different IR lighting and viewing directions. This is achieved by an iterative scheme that alternately estimates surface detail and NIR BRDF of materials. Our setup does not require complicated gantries or calibration and we present the first NIR dataset of 100 materials including a variety of fabrics (knits, weaves, cotton, satin, leather), and organic (skin, leaves, jute, trunk, fur) and inorganic materials (plastic, concrete, carpet). The NIR BRDFs measured from material samples are used with a shape-from-shading algorithm to demonstrate fine-scale reconstruction of objects from a single NIR image.</p></div>
			</abstract>
		</profileDesc>
	</teiHeader>
	<text xml:lang="en">
		<body>
<div xmlns="http://www.tei-c.org/ns/1.0"><head n="1.">Introduction</head><p>Since the introduction of active 3D sensors like Microsoft Kinect, NIR imaging is becoming increasingly popular. Compared to the images in visible spectrum, NIR images of most materials exhibit much less texture (or albedo) variations making them suitable for tasks such as shadow detection <ref type="bibr" target="#b31">[32]</ref>, intrinsic image decomposition <ref type="bibr" target="#b20">[21]</ref> and structured light based depth recovery <ref type="bibr" target="#b5">[6]</ref>. However, the precise reflectance properties (i.e. BRDF <ref type="bibr" target="#b27">[28]</ref>) of materials in the NIR wavelength range are not well understood. Measuring and modeling the BRDFs of materials will additionally make NIR imaging useful for a range of photometry based approaches such as shape from shading and inverse rendering. BRDF estimation is well studied in the visible domain using both parametric <ref type="bibr" target="#b36">[37,</ref><ref type="bibr" target="#b29">30]</ref> and non-parametric approaches <ref type="bibr" target="#b7">[8,</ref><ref type="bibr" target="#b26">27,</ref><ref type="bibr" target="#b1">2,</ref><ref type="bibr" target="#b0">1]</ref>. Several datasets such as CURET <ref type="bibr" target="#b7">[8]</ref> and MERL <ref type="bibr" target="#b26">[27]</ref> have had a strong impact on photometry based research. In our work, Instead of using simple or known (spheres, planar patches, etc.) <ref type="bibr" target="#b25">[26]</ref> objects, we target natural objects with fine surface geometries.</p><p>Our goal is to build a NIR database of real-world materials which contains NIR images captured under various lighting directions, corresponding surface normal maps and the BRDF models. The NIR domain offers both advantages and challenges. Since materials like fabrics appear (mostly) textureless, the BRDF remains constant spatially over at least small patches of materials. Both organic materials like leaves, tree trunks, and inorganic materials like knit and woven fabrics all show complex random or structural surface detail. These fine-scale surface height variations are diffi-cult to measure or model <ref type="bibr" target="#b19">[20]</ref> and pose challenges regardless of whether the NIR and visible wavelength spectra. We present a photometric stereo-based approach to jointly estimate both the NIR BRDF and the fine scale surface detail from images of material samples captured under different (known) lighting and viewing directions. This is achieved using an iterative approach that alternately estimates perpixel surface normals and per-sample BRDFs. We restrict ourselves to materials that have a measurable diffuse component (so we do not measure metals or mirrors). This allows us to start the iterative process by assuming the material is simply Lambertian. Begin from the surface normal of the photometric stereo, the BRDF curve is fitted. We fit the data to a simple low-dimensional model parameterized by half angles <ref type="bibr" target="#b32">[33]</ref> that was sufficient to represent all the materials we measured.</p><p>Using this approach, we measured the NIR BRDF and surface detail of over 100 materials that includes various types of fabrics (cotton, polyester, leather, satin etc.), leaves, papers, plastic, stones and concrete, etc. Each material sample was imaged under 12 different lighting directions and 9 different viewpoints. Despite the few combinations of lights and views, the BRDF is densely sampled due to the intricate surface detail. Our setup is very simple without requiring complicated gantries that are usually needed to densely sample BRDFs. We use the measured BRDF within a shape-from-shading algorithm to reconstruct a variety of different scenes (for example, people wearing different types of clothing) from a single NIR image under known lighting. <ref type="figure" target="#fig_0">Figure 1</ref> shows the result of applying the shape from shading approach for fine-scale reconstruction of a sweater made of cotton and polyester with two different knit structures (checker and longitudinal). To our knowledge, the NIR BRDF and surface detail is the first such dataset and is publicly disseminated.</p></div>
<div xmlns="http://www.tei-c.org/ns/1.0"><head n="2.">Related Work</head><p>Near IR imaging: Near IR imaging has been increasingly used for various computer vision tasks. In <ref type="bibr" target="#b33">[34,</ref><ref type="bibr" target="#b24">25,</ref><ref type="bibr" target="#b35">36]</ref>, NIR and visible images are jointly captured. The NIR image has unique characteristics compared to visible image and is used for scene understanding <ref type="bibr" target="#b4">[5]</ref> and shadow detection <ref type="bibr" target="#b31">[32]</ref>. In <ref type="bibr" target="#b20">[21]</ref>, NIR and visible images are used to compute an illumination invariant. NIR images have been used in various 3D applications such as enhancing depth quality or refining geometry of 3D meshes <ref type="bibr" target="#b5">[6,</ref><ref type="bibr" target="#b14">15]</ref>. These works show the NIR image is not affected by general indoor (ambient) lighting, which makes the lighting model simpler. Material BRDF Estimation: BRDF estimation has been extensively addressed in the past decades. Beginning with the Lambertian model <ref type="bibr" target="#b21">[22]</ref>, various models based on empirical observations are presented such as Phong <ref type="bibr" target="#b30">[31]</ref> and Schlick <ref type="bibr" target="#b34">[35]</ref>. Torrance-Sparrow <ref type="bibr" target="#b36">[37,</ref><ref type="bibr" target="#b6">7]</ref>, Oren-Nayar <ref type="bibr" target="#b29">[30]</ref> and Ward <ref type="bibr" target="#b38">[39]</ref> have analyzed the physical properties of the materials with micro-surface roughness. These parametric BRDF models are based on physical light transport, however, they do not fully represent a wide range of real-world material properties. Alternative approaches measure the reflectance properties using measurement devices such as reflectometers <ref type="bibr" target="#b8">[9,</ref><ref type="bibr" target="#b10">11]</ref>. Nishino <ref type="bibr" target="#b28">[29]</ref> presents the directional statistics based BRDF model and proposes to reduce the dimensions of BRDF data. Matusik et al. <ref type="bibr" target="#b26">[27]</ref> present a generative model for isotropic BRDF via a data-driven approach. They acquire reflectance data by using spheres coated or attached with different materials. In CURET <ref type="bibr" target="#b7">[8]</ref>, novel bidirectional texture function (BTF) and BRDF are analyzed. They use 60 different samples of real-world materials and measure 200 combinations of viewing and illumination directions. Although they analyze various real-world material samples, they average the observed value over the plane to compute the BRDF. Shape Estimation: BRDF models have been extensively used for shape from shading in the visible wavelength range. Shape from shading is an ill-posed problem and many restrictions and constraints are assumed <ref type="bibr" target="#b41">[42,</ref><ref type="bibr" target="#b2">3]</ref>. Beginning from numerical shape from shading <ref type="bibr" target="#b17">[18,</ref><ref type="bibr" target="#b15">16]</ref>, various works rely on the Lambertian BRDF. Tsai et al. <ref type="bibr" target="#b37">[ 38]</ref> uses discrete approximation for surface normal. Lee and Kuo <ref type="bibr" target="#b22">[23]</ref> use triangular element surface model. The shape from shading methods are compared and evaluated in <ref type="bibr" target="#b40">[41]</ref>. In <ref type="bibr" target="#b11">[12]</ref>, they utilize the photometric stereo and deal with both diffuse and specular surfaces. The parametric reflectance described in <ref type="bibr" target="#b3">[4]</ref> is used in <ref type="bibr" target="#b16">[17,</ref><ref type="bibr" target="#b18">19]</ref>. In <ref type="bibr" target="#b16">[17]</ref>, they use a first-order approximation for the parameters and have bilinear reflectance, whereas, <ref type="bibr" target="#b18">[19]</ref> uses second-order approximation for the parameters and have a quadratic one. Lensch et al. <ref type="bibr" target="#b23">[ 24]</ref> present a generalized method for modeling non-Lambertian surfaces by using wavelet-based BRDFs. Several works exploit the depth sensor <ref type="bibr" target="#b12">[13]</ref>a sa prior for shape estimation. In <ref type="bibr" target="#b13">[14,</ref><ref type="bibr" target="#b39">40]</ref>, they generate highquality mesh model by estimating the natural illumination and combining it with depth from Kinect. Joint estimation of shape and reflectance based on the DSBRDF model <ref type="bibr" target="#b28">[29]</ref> has demonstrated results for synthetic and real objects with smooth and simple shapes. In contrast, our work focuses on BRDF and surface detail estimation in NIR domain.</p></div>
<div xmlns="http://www.tei-c.org/ns/1.0"><head n="3.">Data Acquisition</head><p>This section describes our measurement setup and data collection. Compared to conventional methods, our setup is more practical and does not require devices such as robot arms, high-speed cameras or reflectometers. Also typical indoor ambient light (fluorescent bulbs) do not affect the NIR capture process. The experimental setup is shown in <ref type="figure" target="#fig_1">Figure 2</ref>.  </p></div>
<div xmlns="http://www.tei-c.org/ns/1.0"><head n="3.1.">Measurement Setup</head><p>Our setup consists of 12 IR LED sources and a near IR camera. We co-locate the NIR camera with a visible spectrum camera. The visible camera is not used for our algorithms, but only used for visual comparisons of the images. We use a pointgrey GS3-U3-41C6NIR-C camera with an IR pass filter that blocks visible light under the wavelength of 760nm (see supplementary material for spectral sensitivity of the camera). As seen in <ref type="figure" target="#fig_1">Figure 2</ref>, we co-locate the cameras with the beam-splitter and register the images using a homography transformation. After setting up our device for measurement, we collect real-world samples of different types of materials. As seen in <ref type="figure" target="#fig_2">Figure 3</ref>, the material samples are attached to a 10cm high and 13cm wide rectangular board. Both NIR and visible cameras are calibrated and undistorted.</p></div>
<div xmlns="http://www.tei-c.org/ns/1.0"><head n="3.2.">NIR BRDF Database</head><p>Each material sample is tilted to 9 different angles w.r.t the camera and imaged under 12 different lighting directions, giving a total of 108 images of size 1600 × 1200 pixels. Assuming that the BRDF is constant spatially across the material sample, each image provides a dense set of BRDF samples. We have collected 100 real-world materials that include various types of fabrics (cotton, polyester, leather, satin, jute etc.), leaves, papers, plastic, stone, carpets, tree trunk, furs, human skin and concretes etc. A complete list-</p></div>
<div xmlns="http://www.tei-c.org/ns/1.0"><head>Artificial shell</head><p>Chevron poly-cotton Leaf 6</p><p>Peach-print polyester plastic bag ing is provided in the supplementary material. All the images are captured under the same set of illumination directions. We capture a white paper as a reference target for lighting and include in the database. In <ref type="figure" target="#fig_3">Figure 5</ref>, the NIR images of our database is shown. The image set along with the BRDF and surface detail models are publicly available online 1 .</p></div>
<div xmlns="http://www.tei-c.org/ns/1.0"><head n="3.3.">Comparison of NIR and Visible Images</head><p>To compare the reflectance characteristics of the NIR images to visible images, we capture an RGB image using the visible camera with the same resolution as the NIR camera. We capture both NIR and visible images for 100 materials in <ref type="figure" target="#fig_3">Figure 5</ref>. In <ref type="figure">Figure 4</ref>, we show a representative set of 8 materials from our database. For each material, visible and NIR images are compared and we readily observe that the NIR images show less texture than visible images. The comparisons for the entire dataset are provided in the supplementary material. This allows us to assume that the BRDF is constant spatially across the material sample.</p></div>
<div xmlns="http://www.tei-c.org/ns/1.0"><head n="4.">Joint Surface Detail and BRDF Estimation</head><p>If the surface normals of the material are known, then it is possible to directly observe and tabulate the BDRF or fit a parametric model. On the other hand, if the BRDF is known, photometric stereo can be used to estimate surface normals at every pixel. We jointly estimate both BRDF and surface detail using alternating optimization and show this approach converges for all the 100 materials.</p><p>The traditional image formation model relates observed radiance of an opaque scene point to the source radiance L, BRDF ρ and local surface normal N x . We radiometrically calibrate the camera so the scene radiance is proportional to image intensity:</p><formula xml:id="formula_0">I ψ (N x , L)= ρ(ω i ,ω o ; ψ)L(ω i )max(0, N x · ω i )dω i ,<label>(1)</label></formula><p>The BRDF ρ is a function of incident angle ω i and outgoing angle ω o for specific material ψ.</p></div>
<div xmlns="http://www.tei-c.org/ns/1.0"><head n="4.1.">Initial Estimation of Surface Detail</head><p>Since the materials in our database have measurable diffuse component, we initially assume that the BRDF ρ(ω i ,ω o ) is invariant to the incident light directions or view-ing directions in order to to initialize the normal directions of the surface on the target samples. Using this Lambertian assumption, we apply traditional photometric stereo to compute the surface normals and albedo. Equation <ref type="formula" target="#formula_0">(1)</ref> can be written in a simplified matrix form with albedo α as:</p><formula xml:id="formula_1">I = α(N · S),<label>(2)</label></formula><p>where N x ∈ N and ω i ∈ S. Setting G = αN and solve it using least squares yields:</p><formula xml:id="formula_2">G =(S T S) −1 S T I.<label>(3)</label></formula><p>The surface orientation N is obtained by normalizing matrix of G and the albedo is set to be the norm, G .W e denote the solution normal matrix as N + and compute the error e to eliminate unreliable normals. The error is computed as an absolute deviation between the original intensity and the intensity computed from the solution normal, e = I − N + · S . We set a threshold δ for selecting the reliable normals and the ith normal satisfying e i &lt;δis used for our BRDF estimation. Although our BRDF assumption is most likely erroneous, we show that the pixel-wise surface normals we computed provide a strong initial guess for the optimization.</p></div>
<div xmlns="http://www.tei-c.org/ns/1.0"><head n="4.2.">Parametric BRDF Model</head><p>The next step is to fit the BRDF model using the computed initial surface orientations. For this, we parameterize the angles and map the intensity values to the parameters. In our work, we use the commonly used half angle coordinates for BRDF <ref type="bibr" target="#b32">[33,</ref><ref type="bibr" target="#b26">27]</ref>. The coordinate frame is with respect to half angle h which is a half vector of the incident angle ω i and the outgoing angle ω o (see <ref type="figure" target="#fig_4">Figure 6</ref>). The BRDF is now mapped to a function with respect to half angle parameters.</p><formula xml:id="formula_3">ρ(ω i ,ω o )=ρ(f (θ h ,θ d )),<label>(4)</label></formula><p>where θ h =c o s −1 Nx·h Nx h and θ d =c o s −1 wi·h wi h .B y using the computed surface orientations and image intensities, we fit the data with respect to the half angle parameters, θ h and θ d . Note that in our work, we estimate the model for each discrete slice of θ d . Since the camera is fixed and the object is rotated 9 different views, our setup leads (108 × 1200 × 1600) θ h and 9 θ d . We normalize the original NIR image I by albedo α, and compute ρ for pixel i as follows:</p><formula xml:id="formula_4">ρ i = I i max(N x,i · h i )α i .<label>(5)</label></formula><p>Here, we fit the data to a simple low-dimensional model parameterized by the half angles, which is sufficient to represent all the 100 materials. The model ρ(θ h ) for the specific slice of θ d is defined as:</p><formula xml:id="formula_5">ρ(θ h )=β(γ) θ h + κ.<label>(6)</label></formula><p>To find the best β, γ, and κ, we use RANSAC <ref type="bibr" target="#b9">[10]</ref> that best fits in 100 iterations by randomly sampling the data.</p></div>
<div xmlns="http://www.tei-c.org/ns/1.0"><head n="4.3.">Iterative Process</head><p>We use the initial BRDF model and estimate the surface details via iterative optimization described in <ref type="bibr" target="#b6">(7)</ref>. Our goal is to find the normal vector N * which minimizes the cost function <ref type="bibr" target="#b6">(7)</ref>. The cost function consists of the data term E p and a smoothness term E s ,</p><formula xml:id="formula_6">N * =argmin N (E p (N)+E s (N)).<label>(7)</label></formula><p>The data term is designed to minimize the difference between Intensity values of I and the rendered intensity based on image formation model <ref type="bibr" target="#b0">(1)</ref>. We use least square error for the data term. Note that we clamp the negative values for rendered intensity, max(0, N x,i · h i ), and the normals are estimated for all 9 images with different viewing angles. The smoothness term is minimizing the difference of neighboring normals.</p><formula xml:id="formula_7">E p (N)= n i=1 λ(I i − ρ i (θ h )(N x,i · h i )) 2 ,<label>(8)</label></formula><formula xml:id="formula_8">E s (N)= n i=1 j∈Mi (1 − λ)(N i − N j ) 2 ,<label>(9)</label></formula><p>where ρ(θ h ) is a estimated reflectance from <ref type="formula" target="#formula_5">(6)</ref> and M i is pixel neighborhood of i. The optimization re-estimates the surface normal N * and updates N t as:</p><formula xml:id="formula_9">N t = sN t−1 +(1− s)N * ,<label>(10)</label></formula><p>where N t denotes the nomal vector at updated time step and N t−1 is the initial normal vector. s is a weight balancing the normals. We use the updated normal (10) for the BRDF model fitting again, as described in Section 4.2. After a few such iterations, we obtain the final BRDF and surface detail models. Another approach to initialize the optimization is to assume the material patch is planar and compute the BRDF as an average over the patch <ref type="bibr" target="#b7">[8]</ref>. This produces very sparse BRDF estimates and are generally clustered depending on the positioning of the light sources and the optimization failed to converge satisfactorily.</p></div>
<div xmlns="http://www.tei-c.org/ns/1.0"><head n="5.">Experimental Results</head><p>For all our experiments, we set the parameters λ =0 .2, δ =0 .15, s =0 .6. First, we present our results of surface detail and BRDF model estimation from material samples. We show 9 representative results in <ref type="figure" target="#fig_6">Figure 7</ref> (see supplementary material for the rest). From the left column, we show (a) original NIR images, (b) surface normal map, (c) surface geometry from the reconstructed mesh, (d) albedo images, (e) estimated BRDF ρ(θ h ) for the slice of θ d =34 • which is plotted with red. The x-axis is θ h and the y-axis is ρ(θ h ). Two hundred of randomly sampled data are shown as blue points. Please notice the vein structure of the leaf, the crumpled ridges of paper and the knits in artificial leather. Slight smoothing of the results are partly due to the smoothing term in the optimization and partly due to the fact that we do not model inter-reflections.   <ref type="figure">Figure 8</ref>. Normal map at each iteration for the Artificial leather. First row shows the normal estimation using Lambertian assumption and second row shows the normal estimation using our estimated BRDF. We use random normals for initialization. The rightmost column shows the reconstructed 3D mesh models. Evaluation and Comparisons: In <ref type="figure">Figure 8</ref>, we demonstrate the iterations for a particular material sample. We display the normal maps at each iteration of our shape estimation method using both Lambertian and our measured BRDF. We initialize the normals with random values and observe how the optimization proceeds with each iteration. We did experiment using the Artificial leather sample under same parameter of λ =0.2 for both cases. As iteration proceeds, the optimization using our BRDF converges better quality of solution. On the other hand, assuming the material to be Lambertian leads to the noisy and unstable results. The reconstructed 3D mesh of our method shows accurate surface detail. Once we capture the BRDF of materials, it is possible to use them within a shape from shading method to reconstruct the shapes of objects made of those materials.</p><p>Here, example of Sweater and Backpack are shown. We use Microsoft Kinect for the comparison. The depth resolution of Kinect is 640 × 480. To make a fair comparison, our input NIR image is down-sampled to the resolution of Kinect. For the sweater and backpack objects, qualitative comparisons between the Kinect mesh and the mesh from our method are provided in <ref type="figure" target="#fig_7">Figure 9</ref>. We capture the fine knitting of the sweater and the wrinkles on the backpack. In <ref type="figure" target="#fig_7">Figure 9</ref>, we show (a) visible images, (b) our input NIR images, (c) the mesh from the Kinect, (d) the mesh from our method with Lambertian assumption and (e) the mesh from our method using BRDF from our database. The random initial normals are used for both (d) and (e). The mesh from Kinect cannot reconstruct fine detail and the mesh using the Lambertian assumption generates noisy and unstable results. On the other hand, the mesh from our method shows better quality. from a different angle. We use different BRDF models for each part of the target objects from our database (sweater: cotton-polyester, button: plastic, and jeans: blue denim BRDF). In <ref type="figure" target="#fig_0">Figure 10</ref>, notice the fine knitting of the sweater and wrinkles of jeans. We provide a video shape reconstruction of dynamic scene in the supplementary material. Check shirts (cotton) is also used. Even though it shows red-black check patterns in visible image, our input NIR image shows an uniform texture and only has "geometric" edges such as wrinkles. Thus, unlike the visible spectrum, it is possible to apply shape from shading assuming a uniform albedo in the NIR spectrum preserving fine details such as wrinkles and a pocket. For the Leather jacket, we use the BRDF model of the genuine leather. Our method reconstructs the wrinkles on the jacket and patterns on the arm. A hoodie is also used to evaluate our algorithm. The letter patch on the chest has a popped-out surface and once again the method reconstructs the fine detail as well as the wrinkles of the cloth.</p></div>
<div xmlns="http://www.tei-c.org/ns/1.0"><head>Results</head></div>
<div xmlns="http://www.tei-c.org/ns/1.0"><head n="6.">Conclusion</head><p>We proposed a method for estimating the NIR BRDF and fine surface detail models of real-world materials. To the best of our knowledge, this is the first work to construct and provide a large dataset of NIR BRDFs and use it for shape from shading. We presented shape from shading results of various worn clothing by directly using our estimated BRDFs. Also we demonstrated that our results show improved quality over assuming a Lambertian model or Kinect depths on various challenging cases. In this work, we did not handle the inter-reflections which introduce some smoothing of the fine detail. Also our materials do not include very shiny metallic or mirrored objects, therefore our method has a limitation initializing the surface normal of those materials using Lambertian photometric stereo. Our dataset is publicly disseminated online. </p></div><figure xmlns="http://www.tei-c.org/ns/1.0" xml:id="fig_0"><head>Figure 1 .</head><label>1</label><figDesc>Fine-scale shape reconstruction from a single NIR image of a sweater made of cotton and polyester. We simultaneously estimate the surface detail and BRDF of over 100 material samples and use the BRDF obtained in a shape-from-shading method. (a) Input NIR image. (b) Rotated view of the 3D mesh. (c) Surface details on the chest. (d) Surface details on the arm. Both types of knits are well reconstructed.</figDesc></figure>
<figure xmlns="http://www.tei-c.org/ns/1.0" xml:id="fig_1"><head>Figure 2 .</head><label>2</label><figDesc>(a) Our acquisition setup. The NIR camera and the visible camera are co-located via beam-splitter. (b) 12 NIR light sources mounted at different locations. Note that our methods only requires the NIR camera and the visible camera is only used for visual comparisons but the data can be used for further research.</figDesc></figure>
<figure xmlns="http://www.tei-c.org/ns/1.0" xml:id="fig_2"><head>Figure 3 .</head><label>3</label><figDesc>The lighting directions and viewing angles for one material sample (artificial leather). (a) 12 NIR distant point lightings reflected on the chrome ball. (b) 9 different viewing angles of the sample under one light direction.</figDesc></figure>
<figure xmlns="http://www.tei-c.org/ns/1.0" xml:id="fig_3"><head>Figure 5 .</head><label>5</label><figDesc>Our database consists of 100 real-world materials that include both natural and manmade and organic and inorganic samples. This is a superset of the materials in the original CURET database. Caputured NIR images are shown. Full set of images under 12 lighting and 9 viewing angles, corresponding visible images and the BRDF and the surface detail models are available on-line. A complete listing of the materials is in the on-line web page.</figDesc></figure>
<figure xmlns="http://www.tei-c.org/ns/1.0" xml:id="fig_4"><head>Figure 6 .</head><label>6</label><figDesc>Coordinate systems. (a) Standard coordinate with respect to ωi and ωo. (b) Half-angle coordinate h.</figDesc></figure>
<figure xmlns="http://www.tei-c.org/ns/1.0" xml:id="fig_6"><head>Figure 7 .</head><label>7</label><figDesc>Nine examples out of 100 real-world samples are shown. (a) Near IR image. (b) Surface normal. (c) Fine surface detail. (d) Albedo. (e) Estimated ρ(θ h ) is plotted as a red curve. x-axis is θ h and y-axis is ρ. 200 randomly sampled data are shown as blue points.</figDesc></figure>
<figure xmlns="http://www.tei-c.org/ns/1.0" xml:id="fig_7"><head>Figure 9 .</head><label>9</label><figDesc>(a) Visible image. (b) Input NIR image. (c) Mesh from Kinect. (d) Mesh from our method using Lambertian assumption. (e) Mesh from our method using the estimated BRDF. First row is Sweater and second row is Backpack dataset.</figDesc></figure>
<figure xmlns="http://www.tei-c.org/ns/1.0" xml:id="fig_8"><head></head><label></label><figDesc>*Acknowledgements This research was supported by ONR Grant N00014-14-1-0595, NSF NRI grant IIS-1317749 and the Ministry of Trade, Industry &amp; Energy and the Korea Evaluation Institute of Industrial Technology (KEIT) with the program number of 10060110.</figDesc></figure>
<figure xmlns="http://www.tei-c.org/ns/1.0" type="table" xml:id="tab_0" validated="false"><head>Table -</head><label>-</label><figDesc>Figure 4. Differences in texture as seen in visible and NIR images. We show 8 examples from our 100 materials dataset. For each example, the left image shows visible and right image shows NIR image. Compared to the visible images, the NIR images show virtually no texture and most of the intensity gradients correspond to the shading due to surface geometry.</figDesc><table>cloth cotton 
Wood-texture quilter flannel 

Floral-print polyester 

</table></figure>
<figure xmlns="http://www.tei-c.org/ns/1.0" type="table" xml:id="tab_1" validated="false"><head></head><label></label><figDesc>of Shape from Shading with Measured BRDF: The surface normal of arbitrary objects are estimated using the measured material BRDF. We use the known lighting direction (10th among 12) and the uniform value for normal initialization. We show the reconstructions of a person wearing jackets, sweaters and shirts made of different materials. These examples contain the fine geometry details on the surface and the BRDFs are complex and cannot be considered Lambertian. For better visualization, the result mesh models are rendered with a shader model and viewedSweater : Cotton &amp; Polyester, Jeans : Blue denim Check shirts :100% Cotton Leather jacket : 100% Genuine leather Hoodie : Polyester &amp; Cotton &amp; Rayon Rotated viewsFigure 10. Results of our shape estimation using various real-world clothings -Sweater, Check shirts, Leather Jacket, and Hoodie. From the left, each column presents visible images, NIR images, Normal map and Reconstructed 3D mesh. Note that our method requires only a NIR image for the input, the visible images are provided for visual comparison of reflectance.</figDesc><table></table></figure>
			<note xmlns="http://www.tei-c.org/ns/1.0" place="foot" n="1">http://rcv.kaist.ac.kr/gmchoe/project/NISAR/</note>
		</body>
		<back>
			<div type="references">

				<listBibl>

<biblStruct xml:id="b0">
	<analytic>
		<title level="a" type="main">Two-shot svbrdf capture for stationary materials</title>
		<author>
			<persName xmlns="http://www.tei-c.org/ns/1.0"><forename type="first">M</forename><surname>Aittala</surname></persName>
		</author>
		<author>
			<persName xmlns="http://www.tei-c.org/ns/1.0"><forename type="first">T</forename><surname>Weyrich</surname></persName>
		</author>
		<author>
			<persName xmlns="http://www.tei-c.org/ns/1.0"><forename type="first">J</forename><surname>Lehtinen</surname></persName>
		</author>
	</analytic>
	<monogr>
		<title level="j">ACM Transactions on Graphics (TOG)</title>
		<imprint>
			<biblScope unit="volume">34</biblScope>
			<biblScope unit="issue">4</biblScope>
			<biblScope unit="page">110</biblScope>
			<date type="published" when="2015" />
		</imprint>
	</monogr>
</biblStruct>

<biblStruct xml:id="b1">
	<analytic>
		<title level="a" type="main">Photometric stereo with non-parametric and spatially-varying reflectance</title>
		<author>
			<persName xmlns="http://www.tei-c.org/ns/1.0"><forename type="first">N</forename><surname>Alldrin</surname></persName>
		</author>
		<author>
			<persName xmlns="http://www.tei-c.org/ns/1.0"><forename type="first">T</forename><surname>Zickler</surname></persName>
		</author>
		<author>
			<persName xmlns="http://www.tei-c.org/ns/1.0"><forename type="first">D</forename><surname>Kriegman</surname></persName>
		</author>
	</analytic>
	<monogr>
		<title level="m">Proc. of Computer Vision and Pattern Recognition (CVPR)</title>
		<meeting>of Computer Vision and Pattern Recognition (CVPR)</meeting>
		<imprint>
			<publisher>IEEE</publisher>
			<date type="published" when="2008" />
			<biblScope unit="page" from="1" to="8" />
		</imprint>
	</monogr>
</biblStruct>

<biblStruct xml:id="b2">
	<analytic>
		<title level="a" type="main">Shape, albedo, and illumination from a single image of an unknown object</title>
		<author>
			<persName xmlns="http://www.tei-c.org/ns/1.0"><forename type="first">J</forename><forename type="middle">T</forename><surname>Barron</surname></persName>
		</author>
		<author>
			<persName xmlns="http://www.tei-c.org/ns/1.0"><forename type="first">J</forename><surname>Malik</surname></persName>
		</author>
	</analytic>
	<monogr>
		<title level="m">Proc. of Computer Vision and Pattern Recognition (CVPR)</title>
		<meeting>of Computer Vision and Pattern Recognition (CVPR)</meeting>
		<imprint>
			<date type="published" when="2012" />
			<biblScope unit="page" from="334" to="341" />
		</imprint>
	</monogr>
</biblStruct>

<biblStruct xml:id="b3">
	<analytic>
		<title level="a" type="main">Photometric stereo with general, unknown lighting</title>
		<author>
			<persName xmlns="http://www.tei-c.org/ns/1.0"><forename type="first">R</forename><surname>Basri</surname></persName>
		</author>
		<author>
			<persName xmlns="http://www.tei-c.org/ns/1.0"><forename type="first">D</forename><surname>Jacobs</surname></persName>
		</author>
		<author>
			<persName xmlns="http://www.tei-c.org/ns/1.0"><forename type="first">I</forename><surname>Kemelmacher</surname></persName>
		</author>
	</analytic>
	<monogr>
		<title level="j">International Journal of Computer Vision</title>
		<imprint>
			<biblScope unit="volume">72</biblScope>
			<biblScope unit="issue">3</biblScope>
			<biblScope unit="page" from="239" to="257" />
			<date type="published" when="2007" />
		</imprint>
	</monogr>
</biblStruct>

<biblStruct xml:id="b4">
	<analytic>
		<title level="a" type="main">Multi-spectral sift for scene category recognition</title>
		<author>
			<persName xmlns="http://www.tei-c.org/ns/1.0"><forename type="first">M</forename><surname>Brown</surname></persName>
		</author>
		<author>
			<persName xmlns="http://www.tei-c.org/ns/1.0"><forename type="first">S</forename><surname>Süsstrunk</surname></persName>
		</author>
	</analytic>
	<monogr>
		<title level="m">Proc. of Computer Vision and Pattern Recognition (CVPR)</title>
		<meeting>of Computer Vision and Pattern Recognition (CVPR)</meeting>
		<imprint>
			<date type="published" when="2011" />
			<biblScope unit="page" from="177" to="184" />
		</imprint>
	</monogr>
</biblStruct>

<biblStruct xml:id="b5">
	<analytic>
		<title level="a" type="main">Exploiting shading cues in kinect ir images for geometry refinement</title>
		<author>
			<persName xmlns="http://www.tei-c.org/ns/1.0"><forename type="first">G</forename><surname>Choe</surname></persName>
		</author>
		<author>
			<persName xmlns="http://www.tei-c.org/ns/1.0"><forename type="first">J</forename><surname>Park</surname></persName>
		</author>
		<author>
			<persName xmlns="http://www.tei-c.org/ns/1.0"><forename type="first">Y.-W</forename><surname>Tai</surname></persName>
		</author>
		<author>
			<persName xmlns="http://www.tei-c.org/ns/1.0"><forename type="first">I</forename><forename type="middle">S</forename><surname>Kweon</surname></persName>
		</author>
	</analytic>
	<monogr>
		<title level="m">Proc. of Computer Vision and Pattern Recognition (CVPR)</title>
		<meeting>of Computer Vision and Pattern Recognition (CVPR)</meeting>
		<imprint>
			<date type="published" when="2014" />
			<biblScope unit="volume">1</biblScope>
		</imprint>
	</monogr>
</biblStruct>

<biblStruct xml:id="b6">
	<analytic>
		<title level="a" type="main">A reflectance model for computer graphics</title>
		<author>
			<persName xmlns="http://www.tei-c.org/ns/1.0"><forename type="first">R</forename><surname>Cook</surname></persName>
		</author>
		<author>
			<persName xmlns="http://www.tei-c.org/ns/1.0"><forename type="first">K</forename><surname>Torrance</surname></persName>
		</author>
	</analytic>
	<monogr>
		<title level="j">Computer Graphics</title>
		<imprint>
			<biblScope unit="volume">15</biblScope>
			<biblScope unit="issue">2</biblScope>
			<biblScope unit="page" from="307" to="316" />
			<date type="published" when="1981" />
		</imprint>
	</monogr>
</biblStruct>

<biblStruct xml:id="b7">
	<analytic>
		<title level="a" type="main">Reflectance and texture of real-world surfaces</title>
		<author>
			<persName xmlns="http://www.tei-c.org/ns/1.0"><forename type="first">K</forename><forename type="middle">J</forename><surname>Dana</surname></persName>
		</author>
		<author>
			<persName xmlns="http://www.tei-c.org/ns/1.0"><forename type="first">B</forename><surname>Van Ginneken</surname></persName>
		</author>
		<author>
			<persName xmlns="http://www.tei-c.org/ns/1.0"><forename type="first">S</forename><forename type="middle">K</forename><surname>Nayar</surname></persName>
		</author>
		<author>
			<persName xmlns="http://www.tei-c.org/ns/1.0"><forename type="first">J</forename><forename type="middle">J</forename><surname>Koenderink</surname></persName>
		</author>
	</analytic>
	<monogr>
		<title level="j">ACM Transactions on Graphics (TOG)</title>
		<imprint>
			<biblScope unit="volume">18</biblScope>
			<biblScope unit="issue">1</biblScope>
			<biblScope unit="page">5</biblScope>
			<date type="published" when="1999" />
		</imprint>
	</monogr>
</biblStruct>

<biblStruct xml:id="b8">
	<analytic>
		<title level="a" type="main">Acquiring the reflectance field of a human face</title>
		<author>
			<persName xmlns="http://www.tei-c.org/ns/1.0"><forename type="first">P</forename><surname>Debevec</surname></persName>
		</author>
		<author>
			<persName xmlns="http://www.tei-c.org/ns/1.0"><forename type="first">T</forename><surname>Hawkins</surname></persName>
		</author>
		<author>
			<persName xmlns="http://www.tei-c.org/ns/1.0"><forename type="first">C</forename><surname>Tchou</surname></persName>
		</author>
		<author>
			<persName xmlns="http://www.tei-c.org/ns/1.0"><forename type="first">H.-P</forename><surname>Duiker</surname></persName>
		</author>
		<author>
			<persName xmlns="http://www.tei-c.org/ns/1.0"><forename type="first">W</forename><surname>Sarokin</surname></persName>
		</author>
		<author>
			<persName xmlns="http://www.tei-c.org/ns/1.0"><forename type="first">M</forename><surname>Sagar</surname></persName>
		</author>
	</analytic>
	<monogr>
		<title level="m">Proceedings of the 27th annual conference on Computer graphics and interactive techniques</title>
		<meeting>the 27th annual conference on Computer graphics and interactive techniques</meeting>
		<imprint>
			<publisher>ACM Press/Addison-Wesley Publishing Co</publisher>
			<date type="published" when="2000" />
			<biblScope unit="page" from="145" to="156" />
		</imprint>
	</monogr>
</biblStruct>

<biblStruct xml:id="b9">
	<analytic>
		<title level="a" type="main">Random sample consensus: a paradigm for model fitting with applications to image analysis and automated cartography</title>
		<author>
			<persName xmlns="http://www.tei-c.org/ns/1.0"><forename type="first">M</forename><forename type="middle">A</forename><surname>Fischler</surname></persName>
		</author>
		<author>
			<persName xmlns="http://www.tei-c.org/ns/1.0"><forename type="first">R</forename><forename type="middle">C</forename><surname>Bolles</surname></persName>
		</author>
	</analytic>
	<monogr>
		<title level="j">Communications of the ACM</title>
		<imprint>
			<biblScope unit="volume">24</biblScope>
			<biblScope unit="issue">6</biblScope>
			<biblScope unit="page" from="381" to="395" />
			<date type="published" when="1981" />
		</imprint>
	</monogr>
</biblStruct>

<biblStruct xml:id="b10">
	<analytic>
		<title level="a" type="main">Brdf acquisition with basis illumination</title>
		<author>
			<persName xmlns="http://www.tei-c.org/ns/1.0"><forename type="first">A</forename><surname>Ghosh</surname></persName>
		</author>
		<author>
			<persName xmlns="http://www.tei-c.org/ns/1.0"><forename type="first">S</forename><surname>Achutha</surname></persName>
		</author>
		<author>
			<persName xmlns="http://www.tei-c.org/ns/1.0"><forename type="first">W</forename><surname>Heidrich</surname></persName>
		</author>
		<author>
			<persName xmlns="http://www.tei-c.org/ns/1.0"><forename type="first">M</forename><surname>O&amp;apos;toole</surname></persName>
		</author>
	</analytic>
	<monogr>
		<title level="m">Proc. of Int&apos;l Conf. on Computer Vision (ICCV)</title>
		<meeting>of Int&apos;l Conf. on Computer Vision (ICCV)</meeting>
		<imprint>
			<date type="published" when="2007" />
			<biblScope unit="page" from="1" to="8" />
		</imprint>
	</monogr>
</biblStruct>

<biblStruct xml:id="b11">
	<analytic>
		<title level="a" type="main">Shape and spatially-varying brdfs from photometric stereo</title>
		<author>
			<persName xmlns="http://www.tei-c.org/ns/1.0"><forename type="first">D</forename><surname>Goldman</surname></persName>
		</author>
		<author>
			<persName xmlns="http://www.tei-c.org/ns/1.0"><forename type="first">B</forename><surname>Curless</surname></persName>
		</author>
		<author>
			<persName xmlns="http://www.tei-c.org/ns/1.0"><forename type="first">A</forename><surname>Hertzmann</surname></persName>
		</author>
		<author>
			<persName xmlns="http://www.tei-c.org/ns/1.0"><forename type="first">S</forename><surname>Seitz</surname></persName>
		</author>
	</analytic>
	<monogr>
		<title level="m">Proc. of Int&apos;l Conf. on Computer Vision (ICCV)</title>
		<meeting>of Int&apos;l Conf. on Computer Vision (ICCV)</meeting>
		<imprint>
			<date type="published" when="2002" />
		</imprint>
	</monogr>
</biblStruct>

<biblStruct xml:id="b12">
	<analytic>
		<title level="a" type="main">Dense depth and albedo from a single-shot structured light</title>
		<author>
			<persName xmlns="http://www.tei-c.org/ns/1.0"><forename type="first">H</forename><surname>Ha</surname></persName>
		</author>
		<author>
			<persName xmlns="http://www.tei-c.org/ns/1.0"><forename type="first">J</forename><surname>Park</surname></persName>
		</author>
		<author>
			<persName xmlns="http://www.tei-c.org/ns/1.0"><forename type="first">I</forename><forename type="middle">S</forename><surname>Kweon</surname></persName>
		</author>
	</analytic>
	<monogr>
		<title level="m">3D Vision (3DV), 2015 International Conference on</title>
		<imprint>
			<date type="published" when="2015" />
			<biblScope unit="page" from="127" to="134" />
		</imprint>
	</monogr>
</biblStruct>

<biblStruct xml:id="b13">
	<analytic>
		<title level="a" type="main">High quality shape from a single rgb-d image under uncalibrated natural illumination</title>
		<author>
			<persName xmlns="http://www.tei-c.org/ns/1.0"><forename type="first">Y</forename><surname>Han</surname></persName>
		</author>
		<author>
			<persName xmlns="http://www.tei-c.org/ns/1.0"><forename type="first">J.-Y.</forename><surname>Lee</surname></persName>
		</author>
		<author>
			<persName xmlns="http://www.tei-c.org/ns/1.0"><forename type="first">I</forename><surname>Kweon</surname></persName>
		</author>
	</analytic>
	<monogr>
		<title level="m">Proc. of Int&apos;l Conf. on Computer Vision (ICCV)</title>
		<meeting>of Int&apos;l Conf. on Computer Vision (ICCV)</meeting>
		<imprint>
			<date type="published" when="2013" />
		</imprint>
	</monogr>
</biblStruct>

<biblStruct xml:id="b14">
	<analytic>
		<title level="a" type="main">High quality photometric reconstruction using a depth camera</title>
		<author>
			<persName xmlns="http://www.tei-c.org/ns/1.0"><forename type="first">S</forename><forename type="middle">M</forename><surname>Haque</surname></persName>
		</author>
		<author>
			<persName xmlns="http://www.tei-c.org/ns/1.0"><forename type="first">A</forename><surname>Chatterjee</surname></persName>
		</author>
		<author>
			<persName xmlns="http://www.tei-c.org/ns/1.0"><forename type="first">V</forename><forename type="middle">M</forename><surname>Govindu</surname></persName>
		</author>
	</analytic>
	<monogr>
		<title level="m">Proc. of Computer Vision and Pattern Recognition (CVPR)</title>
		<meeting>of Computer Vision and Pattern Recognition (CVPR)</meeting>
		<imprint>
			<date type="published" when="2014" />
			<biblScope unit="page" from="2283" to="2290" />
		</imprint>
	</monogr>
</biblStruct>

<biblStruct xml:id="b15">
	<monogr>
		<title level="m" type="main">Shape from shading</title>
		<author>
			<persName xmlns="http://www.tei-c.org/ns/1.0"><forename type="first">B</forename><forename type="middle">K P</forename><surname>Horn</surname></persName>
		</author>
		<author>
			<persName xmlns="http://www.tei-c.org/ns/1.0"><forename type="first">M</forename><forename type="middle">J</forename><surname>Brooks</surname></persName>
		</author>
		<imprint>
			<date type="published" when="1989" />
			<publisher>MIT Press</publisher>
			<pubPlace>Cambridge, MA, USA</pubPlace>
		</imprint>
	</monogr>
</biblStruct>

<biblStruct xml:id="b16">
	<analytic>
		<title level="a" type="main">Shape-from-shading under complex natural illumination</title>
		<author>
			<persName xmlns="http://www.tei-c.org/ns/1.0"><forename type="first">R</forename><surname>Huang</surname></persName>
		</author>
		<author>
			<persName xmlns="http://www.tei-c.org/ns/1.0"><forename type="first">W</forename><forename type="middle">A</forename><surname>Smith</surname></persName>
		</author>
	</analytic>
	<monogr>
		<title level="m">Image Processing (ICIP), 2011 18th IEEE International Conference on</title>
		<imprint>
			<date type="published" when="2011" />
			<biblScope unit="page" from="13" to="16" />
		</imprint>
	</monogr>
</biblStruct>

<biblStruct xml:id="b17">
	<analytic>
		<title level="a" type="main">Numerical shape from shading and occluding boundaries</title>
		<author>
			<persName xmlns="http://www.tei-c.org/ns/1.0"><forename type="first">K</forename><surname>Ikeuchi</surname></persName>
		</author>
		<author>
			<persName xmlns="http://www.tei-c.org/ns/1.0"><forename type="first">B</forename><forename type="middle">K</forename><surname>Horn</surname></persName>
		</author>
	</analytic>
	<monogr>
		<title level="j">Artificial intelligence</title>
		<imprint>
			<biblScope unit="volume">17</biblScope>
			<biblScope unit="issue">1</biblScope>
			<biblScope unit="page" from="141" to="184" />
			<date type="published" when="1981" />
		</imprint>
	</monogr>
</biblStruct>

<biblStruct xml:id="b18">
	<analytic>
		<title level="a" type="main">Shape estimation in natural illumination</title>
		<author>
			<persName xmlns="http://www.tei-c.org/ns/1.0"><forename type="first">M</forename><forename type="middle">K</forename><surname>Johnson</surname></persName>
		</author>
		<author>
			<persName xmlns="http://www.tei-c.org/ns/1.0"><forename type="first">E</forename><forename type="middle">H</forename><surname>Adelson</surname></persName>
		</author>
	</analytic>
	<monogr>
		<title level="m">Proc. of Computer Vision and Pattern Recognition (CVPR)</title>
		<meeting>of Computer Vision and Pattern Recognition (CVPR)</meeting>
		<imprint>
			<date type="published" when="2011" />
			<biblScope unit="page" from="2553" to="2560" />
		</imprint>
	</monogr>
</biblStruct>

<biblStruct xml:id="b19">
	<analytic>
		<title level="a" type="main">Simulating knitted cloth at the yarn level</title>
		<author>
			<persName xmlns="http://www.tei-c.org/ns/1.0"><forename type="first">J</forename><forename type="middle">M</forename><surname>Kaldor</surname></persName>
		</author>
		<author>
			<persName xmlns="http://www.tei-c.org/ns/1.0"><forename type="first">D</forename><forename type="middle">L</forename><surname>James</surname></persName>
		</author>
		<author>
			<persName xmlns="http://www.tei-c.org/ns/1.0"><forename type="first">S</forename><surname>Marschner</surname></persName>
		</author>
	</analytic>
	<monogr>
		<title level="j">In ACM Transactions on Graphics</title>
		<imprint>
			<biblScope unit="volume">27</biblScope>
			<biblScope unit="issue">2</biblScope>
			<biblScope unit="page">65</biblScope>
			<date type="published" when="2008" />
			<publisher>ACM</publisher>
		</imprint>
	</monogr>
</biblStruct>

<biblStruct xml:id="b20">
	<analytic>
		<title level="a" type="main">Towards illuminationinvariant 3d reconstruction using tof rgb-d cameras</title>
		<author>
			<persName xmlns="http://www.tei-c.org/ns/1.0"><forename type="first">C</forename><surname>Kerl</surname></persName>
		</author>
		<author>
			<persName xmlns="http://www.tei-c.org/ns/1.0"><forename type="first">M</forename><surname>Souiai</surname></persName>
		</author>
		<author>
			<persName xmlns="http://www.tei-c.org/ns/1.0"><forename type="first">J</forename><surname>Sturm</surname></persName>
		</author>
		<author>
			<persName xmlns="http://www.tei-c.org/ns/1.0"><forename type="first">D</forename><surname>Cremers</surname></persName>
		</author>
	</analytic>
	<monogr>
		<title level="m">2nd International Conference on</title>
		<imprint>
			<publisher>IEEE</publisher>
			<date type="published" when="2014" />
			<biblScope unit="volume">1</biblScope>
			<biblScope unit="page" from="39" to="46" />
		</imprint>
	</monogr>
	<note>3D Vision (3DV)</note>
</biblStruct>

<biblStruct xml:id="b21">
	<monogr>
		<title level="m" type="main">Photometria sive de mensura de gratibus luminis, colorum et umbrae. eberhard klett, augsburg, 1760. W. Engleman, Lambert&apos;s Photometrie</title>
		<author>
			<persName xmlns="http://www.tei-c.org/ns/1.0"><forename type="first">J</forename><surname>Lambert</surname></persName>
		</author>
		<imprint>
			<date type="published" when="1982" />
			<biblScope unit="volume">127</biblScope>
			<biblScope unit="page">128</biblScope>
			<pubPlace>Leipzig</pubPlace>
		</imprint>
	</monogr>
</biblStruct>

<biblStruct xml:id="b22">
	<analytic>
		<title level="a" type="main">Shape from shading with linear triangular element surface model</title>
		<author>
			<persName xmlns="http://www.tei-c.org/ns/1.0"><forename type="first">K</forename><forename type="middle">M</forename><surname>Lee</surname></persName>
		</author>
		<author>
			<persName xmlns="http://www.tei-c.org/ns/1.0"><forename type="first">C</forename><surname>Kuo</surname></persName>
		</author>
	</analytic>
	<monogr>
		<title level="j">IEEE Trans. Pattern Anal. Mach. Intell</title>
		<imprint>
			<biblScope unit="volume">15</biblScope>
			<biblScope unit="issue">8</biblScope>
			<biblScope unit="page" from="815" to="822" />
			<date type="published" when="1993" />
		</imprint>
	</monogr>
</biblStruct>

<biblStruct xml:id="b23">
	<analytic>
		<title level="a" type="main">Image-based reconstruction of spatial appearance and geometric detail</title>
		<author>
			<persName xmlns="http://www.tei-c.org/ns/1.0"><forename type="first">H</forename><surname>Lensch</surname></persName>
		</author>
		<author>
			<persName xmlns="http://www.tei-c.org/ns/1.0"><forename type="first">J</forename><surname>Kautz</surname></persName>
		</author>
		<author>
			<persName xmlns="http://www.tei-c.org/ns/1.0"><forename type="first">M</forename><surname>Goesele</surname></persName>
		</author>
		<author>
			<persName xmlns="http://www.tei-c.org/ns/1.0"><forename type="first">W</forename><surname>Heidrich</surname></persName>
		</author>
		<author>
			<persName xmlns="http://www.tei-c.org/ns/1.0"><forename type="first">H.-P</forename><surname>Seidel</surname></persName>
		</author>
	</analytic>
	<monogr>
		<title level="j">ACM Transactions on Graphics (TOG)</title>
		<imprint>
			<biblScope unit="volume">22</biblScope>
			<biblScope unit="issue">2</biblScope>
			<biblScope unit="page" from="234" to="257" />
			<date type="published" when="2003" />
		</imprint>
	</monogr>
</biblStruct>

<biblStruct xml:id="b24">
	<analytic>
		<title level="a" type="main">Designing color filter arrays for the joint capture of visible and near-infrared images</title>
		<author>
			<persName xmlns="http://www.tei-c.org/ns/1.0"><forename type="first">Y</forename><forename type="middle">M</forename><surname>Lu</surname></persName>
		</author>
		<author>
			<persName xmlns="http://www.tei-c.org/ns/1.0"><forename type="first">C</forename><surname>Fredembach</surname></persName>
		</author>
		<author>
			<persName xmlns="http://www.tei-c.org/ns/1.0"><forename type="first">M</forename><surname>Vetterli</surname></persName>
		</author>
		<author>
			<persName xmlns="http://www.tei-c.org/ns/1.0"><forename type="first">S</forename><surname>Süsstrunk</surname></persName>
		</author>
	</analytic>
	<monogr>
		<title level="m">16th IEEE International Conference on</title>
		<imprint>
			<date type="published" when="2009" />
			<biblScope unit="page" from="3797" to="3800" />
		</imprint>
	</monogr>
	<note>Image Processing (ICIP)</note>
</biblStruct>

<biblStruct xml:id="b25">
	<monogr>
		<title level="m" type="main">Inverse rendering for computer graphics</title>
		<author>
			<persName xmlns="http://www.tei-c.org/ns/1.0"><forename type="first">S</forename><forename type="middle">R</forename><surname>Marschner</surname></persName>
		</author>
		<imprint>
			<date type="published" when="1998" />
			<pubPlace>Citeseer</pubPlace>
		</imprint>
	</monogr>
	<note type="report_type">PhD thesis</note>
</biblStruct>

<biblStruct xml:id="b26">
	<analytic>
		<title level="a" type="main">A data-driven reflectance model</title>
		<author>
			<persName xmlns="http://www.tei-c.org/ns/1.0"><forename type="first">W</forename><surname>Matusik</surname></persName>
		</author>
		<author>
			<persName xmlns="http://www.tei-c.org/ns/1.0"><forename type="first">H</forename><surname>Pfister</surname></persName>
		</author>
		<author>
			<persName xmlns="http://www.tei-c.org/ns/1.0"><forename type="first">M</forename><surname>Brand</surname></persName>
		</author>
		<author>
			<persName xmlns="http://www.tei-c.org/ns/1.0"><forename type="first">L</forename><surname>Mcmillan</surname></persName>
		</author>
	</analytic>
	<monogr>
		<title level="j">ACM Transactions on Graphics (TOG)</title>
		<imprint>
			<biblScope unit="volume">22</biblScope>
			<biblScope unit="issue">3</biblScope>
			<biblScope unit="page" from="759" to="769" />
			<date type="published" when="2003-07-01" />
		</imprint>
	</monogr>
</biblStruct>

<biblStruct xml:id="b27">
	<monogr>
		<title level="m" type="main">Geometric considerations and nomenclature for reflectance</title>
		<author>
			<persName xmlns="http://www.tei-c.org/ns/1.0"><forename type="first">F</forename><surname>Nicodemus</surname></persName>
		</author>
		<author>
			<persName xmlns="http://www.tei-c.org/ns/1.0"><forename type="first">J</forename><surname>Richmond</surname></persName>
		</author>
		<author>
			<persName xmlns="http://www.tei-c.org/ns/1.0"><forename type="first">J</forename><surname>Hsia</surname></persName>
		</author>
		<author>
			<persName xmlns="http://www.tei-c.org/ns/1.0"><forename type="first">I</forename><surname>Ginsberg</surname></persName>
		</author>
		<author>
			<persName xmlns="http://www.tei-c.org/ns/1.0"><forename type="first">T</forename><surname>Limperis</surname></persName>
		</author>
		<idno>1977. 1</idno>
		<imprint>
			<biblScope unit="volume">161</biblScope>
		</imprint>
		<respStmt>
			<orgName>National Bureau of Standards (US</orgName>
		</respStmt>
	</monogr>
</biblStruct>

<biblStruct xml:id="b28">
	<analytic>
		<title level="a" type="main">Directional statistics brdf model</title>
		<author>
			<persName xmlns="http://www.tei-c.org/ns/1.0"><forename type="first">K</forename><surname>Nishino</surname></persName>
		</author>
	</analytic>
	<monogr>
		<title level="m">Proc. of Int&apos;l Conf. on Computer Vision (ICCV)</title>
		<meeting>of Int&apos;l Conf. on Computer Vision (ICCV)</meeting>
		<imprint>
			<date type="published" when="2009" />
			<biblScope unit="page" from="476" to="483" />
		</imprint>
	</monogr>
</biblStruct>

<biblStruct xml:id="b29">
	<analytic>
		<title level="a" type="main">Generalization of the lambertian model and implications for machine vision</title>
		<author>
			<persName xmlns="http://www.tei-c.org/ns/1.0"><forename type="first">M</forename><surname>Oren</surname></persName>
		</author>
		<author>
			<persName xmlns="http://www.tei-c.org/ns/1.0"><forename type="first">S</forename><forename type="middle">K</forename><surname>Nayar</surname></persName>
		</author>
	</analytic>
	<monogr>
		<title level="j">International Journal of Computer Vision</title>
		<imprint>
			<biblScope unit="volume">14</biblScope>
			<biblScope unit="issue">3</biblScope>
			<biblScope unit="page" from="227" to="251" />
			<date type="published" when="1995" />
		</imprint>
	</monogr>
</biblStruct>

<biblStruct xml:id="b30">
	<analytic>
		<title level="a" type="main">Illumination for computer generated pictures</title>
		<author>
			<persName xmlns="http://www.tei-c.org/ns/1.0"><forename type="first">B</forename><forename type="middle">T</forename><surname>Phong</surname></persName>
		</author>
	</analytic>
	<monogr>
		<title level="j">Communications of the ACM</title>
		<imprint>
			<biblScope unit="volume">18</biblScope>
			<biblScope unit="issue">6</biblScope>
			<biblScope unit="page" from="311" to="317" />
			<date type="published" when="1975" />
		</imprint>
	</monogr>
</biblStruct>

<biblStruct xml:id="b31">
	<analytic>
		<title level="a" type="main">Automatic and accurate shadow detection using near-infrared information</title>
		<author>
			<persName xmlns="http://www.tei-c.org/ns/1.0"><forename type="first">D</forename><surname>Rufenacht</surname></persName>
		</author>
		<author>
			<persName xmlns="http://www.tei-c.org/ns/1.0"><forename type="first">C</forename><surname>Fredembach</surname></persName>
		</author>
		<author>
			<persName xmlns="http://www.tei-c.org/ns/1.0"><forename type="first">S</forename><surname>Susstrunk</surname></persName>
		</author>
	</analytic>
	<monogr>
		<title level="j">IEEE Trans. Pattern Anal. Mach. Intell</title>
		<imprint>
			<biblScope unit="volume">36</biblScope>
			<biblScope unit="issue">8</biblScope>
			<biblScope unit="page" from="1672" to="1678" />
			<date type="published" when="2014" />
		</imprint>
	</monogr>
</biblStruct>

<biblStruct xml:id="b32">
	<analytic>
		<title level="a" type="main">A new change of variables for efficient brdf representation</title>
		<author>
			<persName xmlns="http://www.tei-c.org/ns/1.0"><forename type="first">S</forename><forename type="middle">M</forename><surname>Rusinkiewicz</surname></persName>
		</author>
	</analytic>
	<monogr>
		<title level="m">Rendering techniques 98</title>
		<imprint>
			<publisher>Springer</publisher>
			<date type="published" when="1998" />
			<biblScope unit="volume">2</biblScope>
			<biblScope unit="page">5</biblScope>
		</imprint>
	</monogr>
</biblStruct>

<biblStruct xml:id="b33">
	<analytic>
		<title level="a" type="main">Analyzing Near-infrared Images for Utility Assessment</title>
		<author>
			<persName xmlns="http://www.tei-c.org/ns/1.0"><forename type="first">N</forename><surname>Salamati</surname></persName>
		</author>
		<author>
			<persName xmlns="http://www.tei-c.org/ns/1.0"><forename type="first">Z</forename><surname>Sadeghipoor</surname></persName>
		</author>
		<author>
			<persName xmlns="http://www.tei-c.org/ns/1.0"><forename type="first">S</forename><surname>Kermani</surname></persName>
		</author>
		<author>
			<persName xmlns="http://www.tei-c.org/ns/1.0"><surname>Ssstrunk</surname></persName>
		</author>
		<idno>98227-0010</idno>
	</analytic>
	<monogr>
		<title level="m">IS&amp;T/SPIE Electronic Imaging: Human Vision and Electronic Imaging</title>
		<meeting><address><addrLine>Po Box 10, Bellingham, Wa; Usa</addrLine></address></meeting>
		<imprint>
			<date type="published" when="2011" />
			<biblScope unit="volume">7865</biblScope>
		</imprint>
	</monogr>
</biblStruct>

<biblStruct xml:id="b34">
	<analytic>
		<title level="a" type="main">An inexpensive brdf model for physically-based rendering</title>
		<author>
			<persName xmlns="http://www.tei-c.org/ns/1.0"><forename type="first">C</forename><surname>Schlick</surname></persName>
		</author>
	</analytic>
	<monogr>
		<title level="m">Computer graphics forum</title>
		<imprint>
			<date type="published" when="1994" />
			<biblScope unit="volume">13</biblScope>
			<biblScope unit="page" from="233" to="246" />
		</imprint>
	</monogr>
</biblStruct>

<biblStruct xml:id="b35">
	<analytic>
		<title level="a" type="main">High resolution photography with an rgb-infrared camera</title>
		<author>
			<persName xmlns="http://www.tei-c.org/ns/1.0"><forename type="first">H</forename><surname>Tang</surname></persName>
		</author>
		<author>
			<persName xmlns="http://www.tei-c.org/ns/1.0"><forename type="first">X</forename><surname>Zhang</surname></persName>
		</author>
		<author>
			<persName xmlns="http://www.tei-c.org/ns/1.0"><forename type="first">S</forename><surname>Zhuo</surname></persName>
		</author>
		<author>
			<persName xmlns="http://www.tei-c.org/ns/1.0"><forename type="first">F</forename><surname>Chen</surname></persName>
		</author>
		<author>
			<persName xmlns="http://www.tei-c.org/ns/1.0"><forename type="first">K</forename><forename type="middle">N</forename><surname>Kutulakos</surname></persName>
		</author>
		<author>
			<persName xmlns="http://www.tei-c.org/ns/1.0"><forename type="first">L</forename><surname>Shen</surname></persName>
		</author>
	</analytic>
	<monogr>
		<title level="m">ICCP</title>
		<imprint>
			<date type="published" when="2015" />
			<biblScope unit="page" from="1" to="10" />
		</imprint>
	</monogr>
</biblStruct>

<biblStruct xml:id="b36">
	<analytic>
		<title level="a" type="main">Theory for off-specular reflection from roughened surfaces</title>
		<author>
			<persName xmlns="http://www.tei-c.org/ns/1.0"><forename type="first">K</forename><forename type="middle">E</forename><surname>Torrance</surname></persName>
		</author>
		<author>
			<persName xmlns="http://www.tei-c.org/ns/1.0"><forename type="first">E</forename><forename type="middle">M</forename><surname>Sparrow</surname></persName>
		</author>
	</analytic>
	<monogr>
		<title level="j">JOSA</title>
		<imprint>
			<biblScope unit="volume">57</biblScope>
			<biblScope unit="issue">9</biblScope>
			<biblScope unit="page" from="1105" to="1112" />
			<date type="published" when="1967" />
		</imprint>
	</monogr>
</biblStruct>

<biblStruct xml:id="b37">
	<analytic>
		<title level="a" type="main">Shape from shading using linear-approximation</title>
		<author>
			<persName xmlns="http://www.tei-c.org/ns/1.0"><forename type="first">P</forename><surname>Tsai</surname></persName>
		</author>
		<author>
			<persName xmlns="http://www.tei-c.org/ns/1.0"><forename type="first">M</forename><surname>Shah</surname></persName>
		</author>
	</analytic>
	<monogr>
		<title level="j">IVC</title>
		<imprint>
			<biblScope unit="volume">12</biblScope>
			<biblScope unit="issue">8</biblScope>
			<biblScope unit="page" from="487" to="498" />
			<date type="published" when="1994" />
		</imprint>
	</monogr>
</biblStruct>

<biblStruct xml:id="b38">
	<analytic>
		<title level="a" type="main">Measuring and modeling anisotropic reflection</title>
		<author>
			<persName xmlns="http://www.tei-c.org/ns/1.0"><forename type="first">G</forename><forename type="middle">J</forename><surname>Ward</surname></persName>
		</author>
	</analytic>
	<monogr>
		<title level="j">ACM SIGGRAPH Computer Graphics</title>
		<imprint>
			<biblScope unit="volume">26</biblScope>
			<biblScope unit="issue">2</biblScope>
			<biblScope unit="page" from="265" to="272" />
			<date type="published" when="1992" />
		</imprint>
	</monogr>
</biblStruct>

<biblStruct xml:id="b39">
	<analytic>
		<title level="a" type="main">Shading-based shape refinement of rgb-d images</title>
		<author>
			<persName xmlns="http://www.tei-c.org/ns/1.0"><forename type="first">L.-F</forename><surname>Yu</surname></persName>
		</author>
		<author>
			<persName xmlns="http://www.tei-c.org/ns/1.0"><forename type="first">S.-K</forename><surname>Yeung</surname></persName>
		</author>
		<author>
			<persName xmlns="http://www.tei-c.org/ns/1.0"><forename type="first">Y.-W</forename><surname>Tai</surname></persName>
		</author>
		<author>
			<persName xmlns="http://www.tei-c.org/ns/1.0"><forename type="first">S</forename><surname>Lin</surname></persName>
		</author>
	</analytic>
	<monogr>
		<title level="m">Proc. of Computer Vision and Pattern Recognition (CVPR)</title>
		<meeting>of Computer Vision and Pattern Recognition (CVPR)</meeting>
		<imprint>
			<date type="published" when="2013" />
		</imprint>
	</monogr>
</biblStruct>

<biblStruct xml:id="b40">
	<analytic>
		<title level="a" type="main">Shape from shading: A survey</title>
		<author>
			<persName xmlns="http://www.tei-c.org/ns/1.0"><forename type="first">R</forename><surname>Zhang</surname></persName>
		</author>
		<author>
			<persName xmlns="http://www.tei-c.org/ns/1.0"><forename type="first">P.-S</forename><surname>Tsai</surname></persName>
		</author>
		<author>
			<persName xmlns="http://www.tei-c.org/ns/1.0"><forename type="first">J</forename><forename type="middle">E</forename><surname>Cryer</surname></persName>
		</author>
		<author>
			<persName xmlns="http://www.tei-c.org/ns/1.0"><forename type="first">M</forename><surname>Shah</surname></persName>
		</author>
	</analytic>
	<monogr>
		<title level="j">IEEE Trans. Pattern Anal. Mach. Intell</title>
		<imprint>
			<biblScope unit="volume">21</biblScope>
			<biblScope unit="issue">8</biblScope>
			<biblScope unit="page" from="690" to="706" />
			<date type="published" when="1999" />
		</imprint>
	</monogr>
</biblStruct>

<biblStruct xml:id="b41">
	<analytic>
		<title level="a" type="main">Estimation of illuminant direction, albedo, and shape from shading</title>
		<author>
			<persName xmlns="http://www.tei-c.org/ns/1.0"><forename type="first">Q</forename><surname>Zheng</surname></persName>
		</author>
		<author>
			<persName xmlns="http://www.tei-c.org/ns/1.0"><forename type="first">R</forename><surname>Chellappa</surname></persName>
		</author>
	</analytic>
	<monogr>
		<title level="j">IEEE Trans. Pattern Anal. Mach. Intell</title>
		<imprint>
			<biblScope unit="volume">13</biblScope>
			<biblScope unit="issue">7</biblScope>
			<biblScope unit="page" from="680" to="702" />
			<date type="published" when="1991" />
		</imprint>
	</monogr>
</biblStruct>

				</listBibl>
			</div>
		</back>
	</text>
</TEI>
